,car_id,symboling,carname,fueltype,aspiration,doornumber,carbody,drivewheel,enginelocation,wheelbase,carlength,carwidth,carheight,curbweight,enginetype,cylindernumber,enginesize,fuelsystem,boreratio,stroke,compressionratio,horsepower,peakrpm,citympg,highwaympg,price
0,1,3,alfa-romero giulia,gas,std,two,convertible,rwd,front,88.6,168.8,64.1,48.8,2548.0,dohc,four,130,mpfi,3.47,2.68,9.0,111,5000,21,27,13495.0
1,2,3,alfa-romero stelvio,gas,std,two,convertible,rwd,front,88.6,168.8,64.1,48.8,2548.0,dohc,four,130,mpfi,3.47,2.68,9.0,111,5000,21,27,16500.0
2,3,1,alfa-romero Quadrifoglio,gas,std,two,hatchback,rwd,front,94.5,171.2,65.5,52.4,2823.0,ohcv,six,152,mpfi,2.68,3.47,9.0,154,5000,19,26,16500.0
3,4,2,audi 100 ls,gas,std,four,sedan,fwd,front,99.8,176.6,66.2,54.3,2337.0,ohc,four,109,mpfi,3.19,3.4,10.0,102,5500,24,30,13950.0
4,5,2,audi 100ls,gas,std,four,sedan,4wd,front,99.4,176.6,66.4,54.3,2824.0,ohc,five,136,mpfi,3.19,3.4,8.0,115,5500,18,22,17450.0
5,6,2,audi fox,gas,std,two,sedan,fwd,front,99.8,177.3,66.3,53.1,2507.0,ohc,five,136,mpfi,3.19,3.4,8.5,110,5500,19,25,15250.0
6,7,1,audi 100ls,gas,std,four,sedan,fwd,front,105.8,192.7,71.4,55.7,2844.0,ohc,five,136,mpfi,3.19,3.4,8.5,110,5500,19,25,17710.0
7,8,1,audi 5000,gas,std,four,wagon,fwd,front,105.8,192.7,71.4,55.7,2954.0,ohc,five,136,mpfi,3.19,3.4,8.5,110,5500,19,25,18920.0
8,9,1,audi 4000,gas,turbo,four,sedan,fwd,front,105.8,192.7,71.4,55.9,3086.0,ohc,five,131,mpfi,3.13,3.4,8.3,140,5500,17,20,23875.0
9,10,0,audi 5000s (diesel),gas,turbo,two,hatchback,4wd,front,99.5,178.2,67.9,52.0,3053.0,ohc,five,131,mpfi,3.13,3.4,7.0,160,5500,16,22,17859.168
10,11,2,bmw 320i,gas,std,two,sedan,rwd,front,101.2,176.8,64.8,54.3,2395.0,ohc,four,108,mpfi,3.5,2.8,8.8,101,5800,23,29,16430.0
11,12,0,bmw 320i,gas,std,four,sedan,rwd,front,101.2,176.8,64.8,54.3,2395.0,ohc,four,108,mpfi,3.5,2.8,8.8,101,5800,23,29,16925.0
12,13,0,bmw x1,gas,std,two,sedan,rwd,front,101.2,176.8,64.8,54.3,2710.0,ohc,six,164,mpfi,3.31,3.19,9.0,121,4250,21,28,20970.0
13,14,0,bmw x3,gas,std,four,sedan,rwd,front,101.2,176.8,64.8,54.3,2765.0,ohc,six,164,mpfi,3.31,3.19,9.0,121,4250,21,28,21105.0
14,15,1,bmw z4,gas,std,four,sedan,rwd,front,103.5,189.0,66.9,55.7,3055.0,ohc,six,164,mpfi,3.31,3.19,9.0,121,4250,20,25,24565.0
15,16,0,bmw x4,gas,std,four,sedan,rwd,front,103.5,189.0,66.9,55.7,3230.0,ohc,six,209,mpfi,3.62,3.39,8.0,182,5400,16,22,30760.0
16,17,0,bmw x5,gas,std,two,sedan,rwd,front,103.5,193.8,67.9,53.7,3380.0,ohc,six,209,mpfi,3.62,3.39,8.0,182,5400,16,22,41315.0
17,18,0,bmw x3,gas,std,four,sedan,rwd,front,110.0,197.0,70.9,56.3,3505.0,ohc,six,209,mpfi,3.62,3.39,8.0,182,5400,15,20,36880.0
18,19,2,chevrolet impala,gas,std,two,hatchback,fwd,front,88.4,141.1,60.3,53.2,1488.0,l,three,61,2bbl,2.91,3.03,9.5,48,5100,47,53,5151.0
19,20,1,chevrolet monte carlo,gas,std,two,hatchback,fwd,front,94.5,155.9,63.6,52.0,1874.0,ohc,four,90,2bbl,3.03,3.11,9.6,70,5400,38,43,6295.0
20,21,0,chevrolet vega 2300,gas,std,four,sedan,fwd,front,94.5,158.8,63.6,52.0,1909.0,ohc,four,90,2bbl,3.03,3.11,9.6,70,5400,38,43,6575.0
21,22,1,dodge rampage,gas,std,two,hatchback,fwd,front,93.7,157.3,63.8,50.8,1876.0,ohc,four,90,2bbl,2.97,3.23,9.41,68,5500,37,41,5572.0
22,23,1,dodge challenger se,gas,std,two,hatchback,fwd,front,93.7,157.3,63.8,50.8,1876.0,ohc,four,90,2bbl,2.97,3.23,9.4,68,5500,31,38,6377.0
23,24,1,dodge d200,gas,turbo,two,hatchback,fwd,front,93.7,157.3,63.8,50.8,2128.0,ohc,four,98,mpfi,3.03,3.39,7.6,102,5500,24,30,7957.0
24,25,1,dodge monaco (sw),gas,std,four,hatchback,fwd,front,93.7,157.3,63.8,50.6,1967.0,ohc,four,90,2bbl,2.97,3.23,9.4,68,5500,31,38,6229.0
25,26,1,dodge colt hardtop,gas,std,four,sedan,fwd,front,93.7,157.3,63.8,50.6,1989.0,ohc,four,90,2bbl,2.97,3.23,9.4,68,5500,31,38,6692.0
26,27,1,dodge colt (sw),gas,std,four,sedan,fwd,front,93.7,157.3,63.8,50.6,1989.0,ohc,four,90,2bbl,2.97,3.23,9.4,68,5500,31,38,7609.0
27,28,1,dodge coronet custom,gas,turbo,two,sedan,fwd,front,93.7,157.3,63.8,50.6,2191.0,ohc,four,98,mpfi,3.03,3.39,7.6,102,5500,24,30,8558.0
28,29,-1,dodge dart custom,gas,std,four,wagon,fwd,front,103.3,174.6,64.6,59.8,2535.0,ohc,four,122,2bbl,3.34,3.46,8.5,88,5000,24,30,8921.0
29,30,3,dodge coronet custom (sw),gas,turbo,two,hatchback,fwd,front,95.9,173.2,66.3,50.2,2811.0,ohc,four,156,mfi,3.6,3.9,7.0,145,5000,19,24,12964.0
30,31,2,honda civic,gas,std,two,hatchback,fwd,front,86.6,144.6,63.9,50.8,1713.0,ohc,four,92,1bbl,2.91,3.41,9.6,58,4800,49,54,6479.0
31,32,2,honda civic cvcc,gas,std,two,hatchback,fwd,front,86.6,144.6,63.9,50.8,1819.0,ohc,four,92,1bbl,2.91,3.41,9.2,76,6000,31,38,6855.0
32,33,1,honda civic,gas,std,two,hatchback,fwd,front,93.7,150.0,64.0,52.6,1837.0,ohc,four,79,1bbl,2.91,3.07,10.1,60,5500,38,42,5399.0
33,34,1,honda accord cvcc,gas,std,two,hatchback,fwd,front,93.7,150.0,64.0,52.6,1940.0,ohc,four,92,1bbl,2.91,3.41,9.2,76,6000,30,34,6529.0
34,35,1,honda civic cvcc,gas,std,two,hatchback,fwd,front,93.7,150.0,64.0,52.6,1956.0,ohc,four,92,1bbl,2.91,3.41,9.2,76,6000,30,34,7129.0
35,36,0,honda accord lx,gas,std,four,sedan,fwd,front,96.5,163.4,64.0,54.5,2010.0,ohc,four,92,1bbl,2.91,3.41,9.2,76,6000,30,34,7295.0
36,37,0,honda civic 1500 gl,gas,std,four,wagon,fwd,front,96.5,157.1,63.9,58.3,2024.0,ohc,four,92,1bbl,2.92,3.41,9.2,76,6000,30,34,7295.0
37,38,0,honda accord,gas,std,two,hatchback,fwd,front,96.5,167.5,65.2,53.3,2236.0,ohc,four,110,1bbl,3.15,3.58,9.0,86,5800,27,33,7895.0
38,39,0,honda civic 1300,gas,std,two,hatchback,fwd,front,96.5,167.5,65.2,53.3,2289.0,ohc,four,110,1bbl,3.15,3.58,9.0,86,5800,27,33,9095.0
39,40,0,honda prelude,gas,std,four,sedan,fwd,front,96.5,175.4,65.2,54.1,2304.0,ohc,four,110,1bbl,3.15,3.58,9.0,86,5800,27,33,8845.0
40,41,0,honda accord,gas,std,four,sedan,fwd,front,96.5,175.4,62.5,54.1,2372.0,ohc,four,110,1bbl,3.15,3.58,9.0,86,5800,27,33,10295.0
41,42,0,honda civic,gas,std,four,sedan,fwd,front,96.5,175.4,65.2,54.1,2465.0,ohc,four,110,mpfi,3.15,3.58,9.0,101,5800,24,28,12945.0
42,43,1,honda civic (auto),gas,std,two,sedan,fwd,front,96.5,169.1,66.0,51.0,2293.0,ohc,four,110,2bbl,3.15,3.58,9.1,100,5500,25,31,10345.0
43,44,0,isuzu MU-X,gas,std,four,sedan,rwd,front,94.3,170.7,61.8,53.5,2337.0,ohc,four,111,2bbl,3.31,3.23,8.5,78,4800,24,29,6785.0
44,45,1,isuzu D-Max ,gas,std,two,sedan,fwd,front,94.5,155.9,63.6,52.0,1874.0,ohc,four,90,2bbl,3.03,3.11,9.6,70,5400,38,43,8916.5
45,46,0,isuzu D-Max V-Cross,gas,std,four,sedan,fwd,front,94.5,155.9,63.6,52.0,1909.0,ohc,four,90,2bbl,3.03,3.11,9.6,70,5400,38,43,8916.5
46,47,2,isuzu D-Max ,gas,std,two,hatchback,rwd,front,96.0,172.6,65.2,51.4,2734.0,ohc,four,119,spfi,3.43,3.23,9.2,90,5000,24,29,11048.0
47,48,0,jaguar xj,gas,std,four,sedan,rwd,front,113.0,199.6,69.6,52.8,4066.0,dohc,six,258,mpfi,3.63,4.17,8.1,176,4750,15,19,32250.0
48,49,0,jaguar xf,gas,std,four,sedan,rwd,front,113.0,199.6,69.6,52.8,4066.0,dohc,six,258,mpfi,3.63,4.17,8.1,176,4750,15,19,35550.0
49,50,0,jaguar xk,gas,std,two,sedan,rwd,front,102.0,191.7,70.6,47.8,3950.0,ohcv,twelve,326,mpfi,3.54,2.76,11.5,262,5000,13,17,36000.0
50,51,1,maxda rx3,gas,std,two,hatchback,fwd,front,93.1,159.1,64.2,54.1,1890.0,ohc,four,91,2bbl,3.03,3.15,9.0,68,5000,30,31,5195.0
51,52,1,maxda glc deluxe,gas,std,two,hatchback,fwd,front,93.1,159.1,64.2,54.1,1900.0,ohc,four,91,2bbl,3.03,3.15,9.0,68,5000,31,38,6095.0
52,53,1,mazda rx2 coupe,gas,std,two,hatchback,fwd,front,93.1,159.1,64.2,54.1,1905.0,ohc,four,91,2bbl,3.03,3.15,9.0,68,5000,31,38,6795.0
53,54,1,mazda rx-4,gas,std,four,sedan,fwd,front,93.1,166.8,64.2,54.1,1945.0,ohc,four,91,2bbl,3.03,3.15,9.0,68,5000,31,38,6695.0
54,55,1,mazda glc deluxe,gas,std,four,sedan,fwd,front,93.1,166.8,64.2,54.1,1950.0,ohc,four,91,2bbl,3.08,3.15,9.0,68,5000,31,38,7395.0
55,56,3,mazda 626,gas,std,two,hatchback,rwd,front,95.3,169.0,65.7,49.6,2380.0,rotor,two,70,4bbl,3.33,3.255,9.4,101,6000,17,23,10945.0
56,57,3,mazda glc,gas,std,two,hatchback,rwd,front,95.3,169.0,65.7,49.6,2380.0,rotor,two,70,4bbl,3.33,3.255,9.4,101,6000,17,23,11845.0
57,58,3,mazda rx-7 gs,gas,std,two,hatchback,rwd,front,95.3,169.0,65.7,49.6,2385.0,rotor,two,70,4bbl,3.33,3.255,9.4,101,6000,17,23,13645.0
58,59,3,mazda glc 4,gas,std,two,hatchback,rwd,front,95.3,169.0,65.7,49.6,2500.0,rotor,two,80,mpfi,3.33,3.255,9.4,135,6000,16,23,15645.0
59,60,1,mazda 626,gas,std,two,hatchback,fwd,front,98.8,177.8,66.5,53.7,2385.0,ohc,four,122,2bbl,3.39,3.39,8.6,84,4800,26,32,8845.0
60,61,0,mazda glc custom l,gas,std,four,sedan,fwd,front,98.8,177.8,66.5,55.5,2410.0,ohc,four,122,2bbl,3.39,3.39,8.6,84,4800,26,32,8495.0
61,62,1,mazda glc custom,gas,std,two,hatchback,fwd,front,98.8,177.8,66.5,53.7,2385.0,ohc,four,122,2bbl,3.39,3.39,8.6,84,4800,26,32,10595.0
62,63,0,mazda rx-4,gas,std,four,sedan,fwd,front,98.8,177.8,66.5,55.5,2410.0,ohc,four,122,2bbl,3.39,3.39,8.6,84,4800,26,32,10245.0
63,64,0,mazda glc deluxe,diesel,std,four,sedan,fwd,front,98.8,177.8,66.5,55.5,2443.0,ohc,four,122,idi,3.39,3.39,22.7,64,4650,36,42,10795.0
64,65,0,mazda 626,gas,std,four,hatchback,fwd,front,98.8,177.8,66.5,55.5,2425.0,ohc,four,122,2bbl,3.39,3.39,8.6,84,4800,26,32,11245.0
65,66,0,mazda glc,gas,std,four,sedan,rwd,front,104.9,175.0,66.1,54.4,2670.0,ohc,four,140,mpfi,3.76,3.16,8.0,120,5000,19,27,18280.0
66,67,0,mazda rx-7 gs,diesel,std,four,sedan,rwd,front,104.9,175.0,66.1,54.4,2700.0,ohc,four,134,idi,3.43,3.64,22.0,72,4200,31,39,18344.0
67,68,-1,buick electra 225 custom,diesel,turbo,four,sedan,rwd,front,110.0,190.9,70.3,56.5,3515.0,ohc,five,183,idi,3.58,3.64,21.5,123,4350,22,25,25552.0
68,69,-1,buick century luxus (sw),diesel,turbo,four,wagon,rwd,front,110.0,190.9,70.3,58.7,3750.0,ohc,five,183,idi,3.58,3.64,21.5,123,4350,22,25,28248.0
69,70,0,buick century,diesel,turbo,two,hardtop,rwd,front,106.7,187.5,70.3,54.9,3495.0,ohc,five,183,idi,3.58,3.64,21.5,123,4350,22,25,28176.0
70,71,-1,buick skyhawk,diesel,turbo,four,sedan,rwd,front,115.6,202.6,71.7,56.3,3770.0,ohc,five,183,idi,3.58,3.64,21.5,123,4350,22,25,31600.0
71,72,-1,buick opel isuzu deluxe,gas,std,four,sedan,rwd,front,115.6,202.6,71.7,56.5,3740.0,ohcv,eight,234,mpfi,3.46,3.1,8.3,155,4750,16,18,34184.0
72,73,3,buick skylark,gas,std,two,convertible,rwd,front,96.6,180.3,70.5,50.8,3685.0,ohcv,eight,234,mpfi,3.46,3.1,8.3,155,4750,16,18,35056.0
73,74,0,buick century special,gas,std,four,sedan,rwd,front,120.9,208.1,71.7,56.7,3900.0,ohcv,eight,308,mpfi,3.8,3.35,8.0,184,4500,14,16,40960.0
74,75,1,buick regal sport coupe (turbo),gas,std,two,hardtop,rwd,front,112.0,199.2,72.0,55.4,3715.0,ohcv,eight,304,mpfi,3.8,3.35,8.0,184,4500,14,16,45400.0
75,76,1,mercury cougar,gas,turbo,two,hatchback,rwd,front,102.7,178.4,68.0,54.8,2910.0,ohc,four,140,mpfi,3.78,3.12,8.0,175,5000,19,24,16503.0
76,77,2,mitsubishi mirage,gas,std,two,hatchback,fwd,front,93.7,157.3,64.4,50.8,1918.0,ohc,four,92,2bbl,2.97,3.23,9.4,68,5500,37,41,5389.0
77,78,2,mitsubishi lancer,gas,std,two,hatchback,fwd,front,93.7,157.3,64.4,50.8,1944.0,ohc,four,92,2bbl,2.97,3.23,9.4,68,5500,31,38,6189.0
78,79,2,mitsubishi outlander,gas,std,two,hatchback,fwd,front,93.7,157.3,64.4,50.8,2004.0,ohc,four,92,2bbl,2.97,3.23,9.4,68,5500,31,38,6669.0
79,80,1,mitsubishi g4,gas,turbo,two,hatchback,fwd,front,93.0,157.3,63.8,50.8,2145.0,ohc,four,98,spdi,3.03,3.39,7.6,102,5500,24,30,7689.0
80,81,3,mitsubishi mirage g4,gas,turbo,two,hatchback,fwd,front,96.3,173.0,65.4,49.4,2370.0,ohc,four,110,spdi,3.17,3.46,7.5,116,5500,23,30,9959.0
81,82,3,mitsubishi g4,gas,std,two,hatchback,fwd,front,96.3,173.0,65.4,49.4,2328.0,ohc,four,122,2bbl,3.35,3.46,8.5,88,5000,25,32,8499.0
82,83,3,mitsubishi outlander,gas,turbo,two,hatchback,fwd,front,95.9,173.2,66.3,50.2,2833.0,ohc,four,156,spdi,3.58,3.86,7.0,145,5000,19,24,12629.0
83,84,3,mitsubishi g4,gas,turbo,two,hatchback,fwd,front,95.9,173.2,66.3,50.2,2921.0,ohc,four,156,spdi,3.59,3.86,7.0,145,5000,19,24,14869.0
84,85,3,mitsubishi mirage g4,gas,turbo,two,hatchback,fwd,front,95.9,173.2,66.3,50.2,2926.0,ohc,four,156,spdi,3.59,3.86,7.0,145,5000,19,24,14489.0
85,86,1,mitsubishi montero,gas,std,four,sedan,fwd,front,96.3,172.4,65.4,51.6,2365.0,ohc,four,122,2bbl,3.35,3.46,8.5,88,5000,25,32,6989.0
86,87,1,mitsubishi pajero,gas,std,four,sedan,fwd,front,96.3,172.4,65.4,51.6,2405.0,ohc,four,122,2bbl,3.35,3.46,8.5,88,5000,25,32,8189.0
87,88,1,mitsubishi outlander,gas,turbo,four,sedan,fwd,front,96.3,172.4,65.4,51.6,2403.0,ohc,four,110,spdi,3.17,3.46,7.5,116,5500,23,30,9279.0
88,89,-1,mitsubishi mirage g4,gas,std,four,sedan,fwd,front,96.3,172.4,65.4,51.6,2403.0,ohc,four,110,spdi,3.17,3.46,7.5,116,5500,23,30,9279.0
89,90,1,Nissan versa,gas,std,two,sedan,fwd,front,94.5,165.3,63.8,54.5,1889.0,ohc,four,97,2bbl,3.15,3.29,9.4,69,5200,31,37,5499.0
90,91,1,nissan gt-r,diesel,std,two,sedan,fwd,front,94.5,165.3,63.8,54.5,2017.0,ohc,four,103,idi,2.99,3.47,21.9,55,4800,45,50,7099.0
91,92,1,nissan rogue,gas,std,two,sedan,fwd,front,94.5,165.3,63.8,54.5,1918.0,ohc,four,97,2bbl,3.15,3.29,9.4,69,5200,31,37,6649.0
92,93,1,nissan latio,gas,std,four,sedan,fwd,front,94.5,165.3,63.8,54.5,1938.0,ohc,four,97,2bbl,3.15,3.29,9.4,69,5200,31,37,6849.0
93,94,1,nissan titan,gas,std,four,wagon,fwd,front,94.5,170.2,63.8,53.5,2024.0,ohc,four,97,2bbl,3.15,3.29,9.4,69,5200,31,37,7349.0
94,95,1,nissan leaf,gas,std,two,sedan,fwd,front,94.5,165.3,63.8,54.5,1951.0,ohc,four,97,2bbl,3.15,3.29,9.4,69,5200,31,37,7299.0
95,96,1,nissan juke,gas,std,two,hatchback,fwd,front,94.5,165.6,63.8,53.3,2028.0,ohc,four,97,2bbl,3.15,3.29,9.4,69,5200,31,37,7799.0
96,97,1,nissan latio,gas,std,four,sedan,fwd,front,94.5,165.3,63.8,54.5,1971.0,ohc,four,97,2bbl,3.15,3.29,9.4,69,5200,31,37,7499.0
97,98,1,nissan note,gas,std,four,wagon,fwd,front,94.5,170.2,63.8,53.5,2037.0,ohc,four,97,2bbl,3.15,3.29,9.4,69,5200,31,37,7999.0
98,99,2,nissan clipper,gas,std,two,hardtop,fwd,front,95.1,162.4,63.8,53.3,2008.0,ohc,four,97,2bbl,3.15,3.29,9.4,69,5200,31,37,8249.0
99,100,0,nissan rogue,gas,std,four,hatchback,fwd,front,97.2,173.4,65.2,54.7,2324.0,ohc,four,120,2bbl,3.33,3.47,8.5,97,5200,27,34,8949.0
100,101,0,nissan nv200,gas,std,four,sedan,fwd,front,97.2,173.4,65.2,54.7,2302.0,ohc,four,120,2bbl,3.33,3.47,8.5,97,5200,27,34,9549.0
101,102,0,nissan dayz,gas,std,four,sedan,fwd,front,100.4,181.7,66.5,55.1,3095.0,ohcv,six,181,mpfi,3.43,3.27,9.0,152,5200,17,22,13499.0
102,103,0,nissan fuga,gas,std,four,wagon,fwd,front,100.4,184.6,66.5,56.1,3296.0,ohcv,six,181,mpfi,3.43,3.27,9.0,152,5200,17,22,14399.0
103,104,0,nissan otti,gas,std,four,sedan,fwd,front,100.4,184.6,66.5,55.1,3060.0,ohcv,six,181,mpfi,3.43,3.27,9.0,152,5200,19,25,13499.0
104,105,3,nissan teana,gas,std,two,hatchback,rwd,front,91.3,170.7,67.9,49.7,3071.0,ohcv,six,181,mpfi,3.43,3.27,9.0,160,5200,19,25,17199.0
105,106,3,nissan kicks,gas,turbo,two,hatchback,rwd,front,91.3,170.7,67.9,49.7,3139.0,ohcv,six,181,mpfi,3.43,3.27,7.8,200,5200,17,23,19699.0
106,107,1,nissan clipper,gas,std,two,hatchback,rwd,front,99.2,178.5,67.9,49.7,3139.0,ohcv,six,181,mpfi,3.43,3.27,9.0,160,5200,19,25,18399.0
107,108,0,peugeot 504,gas,std,four,sedan,rwd,front,107.9,186.7,68.4,56.7,3020.0,l,four,120,mpfi,3.46,3.19,8.4,97,5000,19,24,11900.0
108,109,0,peugeot 304,diesel,turbo,four,sedan,rwd,front,107.9,186.7,68.4,56.7,3197.0,l,four,152,idi,3.7,3.52,21.0,95,4150,28,33,13200.0
109,110,0,peugeot 504 (sw),gas,std,four,wagon,rwd,front,114.2,198.9,68.4,58.7,3230.0,l,four,120,mpfi,3.46,3.19,8.4,97,5000,19,24,12440.0
110,111,0,peugeot 504,diesel,turbo,four,wagon,rwd,front,114.2,198.9,68.4,58.7,3430.0,l,four,152,idi,3.7,3.52,21.0,95,4150,25,25,13860.0
111,112,0,peugeot 504,gas,std,four,sedan,rwd,front,107.9,186.7,68.4,56.7,3075.0,l,four,120,mpfi,3.46,2.19,8.4,95,5000,19,24,15580.0
112,113,0,peugeot 604sl,diesel,turbo,four,sedan,rwd,front,107.9,186.7,68.4,56.7,3252.0,l,four,152,idi,3.7,3.52,21.0,95,4150,28,33,16900.0
113,114,0,peugeot 504,gas,std,four,wagon,rwd,front,114.2,198.9,68.4,56.7,3285.0,l,four,120,mpfi,3.46,2.19,8.4,95,5000,19,24,16695.0
114,115,0,peugeot 505s turbo diesel,diesel,turbo,four,wagon,rwd,front,114.2,198.9,68.4,58.7,3485.0,l,four,152,idi,3.7,3.52,21.0,95,4150,25,25,17075.0
115,116,0,peugeot 504,gas,std,four,sedan,rwd,front,107.9,186.7,68.4,56.7,3075.0,l,four,120,mpfi,3.46,3.19,8.4,97,5000,19,24,16630.0
116,117,0,peugeot 504,diesel,turbo,four,sedan,rwd,front,107.9,186.7,68.4,56.7,3252.0,l,four,152,idi,3.7,3.52,21.0,95,4150,28,33,17950.0
117,118,0,peugeot 604sl,gas,turbo,four,sedan,rwd,front,108.0,186.7,68.3,56.0,3130.0,l,four,134,mpfi,3.61,3.21,7.0,142,5600,18,24,18150.0
118,119,1,plymouth fury iii,gas,std,two,hatchback,fwd,front,93.7,157.3,63.8,50.8,1918.0,ohc,four,90,2bbl,2.97,3.23,9.4,68,5500,37,41,5572.0
119,120,1,plymouth cricket,gas,turbo,two,hatchback,fwd,front,93.7,157.3,63.8,50.8,2128.0,ohc,four,98,spdi,3.03,3.39,7.6,102,5500,24,30,7957.0
120,121,1,plymouth fury iii,gas,std,four,hatchback,fwd,front,93.7,157.3,63.8,50.6,1967.0,ohc,four,90,2bbl,2.97,3.23,9.4,68,5500,31,38,6229.0
121,122,1,plymouth satellite custom (sw),gas,std,four,sedan,fwd,front,93.7,167.3,63.8,50.8,1989.0,ohc,four,90,2bbl,2.97,3.23,9.4,68,5500,31,38,6692.0
122,123,1,plymouth fury gran sedan,gas,std,four,sedan,fwd,front,93.7,167.3,63.8,50.8,2191.0,ohc,four,98,2bbl,2.97,3.23,9.4,68,5500,31,38,7609.0
123,124,-1,plymouth valiant,gas,std,four,wagon,fwd,front,103.3,174.6,64.6,59.8,2535.0,ohc,four,122,2bbl,3.35,3.46,8.5,88,5000,24,30,8921.0
124,125,3,plymouth duster,gas,turbo,two,hatchback,rwd,front,95.9,173.2,66.3,50.2,2818.0,ohc,four,156,spdi,3.59,3.86,7.0,145,5000,19,24,12764.0
125,126,3,porsche macan,gas,std,two,hatchback,rwd,front,94.5,168.9,68.3,50.2,2778.0,ohc,four,151,mpfi,3.94,3.11,9.5,143,5500,19,27,22018.0
126,127,3,porcshce panamera,gas,std,two,hardtop,rwd,rear,89.5,168.9,65.0,51.6,2756.0,ohcf,six,194,mpfi,3.74,2.9,9.5,207,5900,17,25,32528.0
127,128,3,porsche cayenne,gas,std,two,hardtop,rwd,rear,89.5,168.9,65.0,51.6,2756.0,ohcf,six,194,mpfi,3.74,2.9,9.5,207,5900,17,25,34028.0
128,129,3,porsche boxter,gas,std,two,convertible,rwd,rear,89.5,168.9,65.0,51.6,2800.0,ohcf,six,194,mpfi,3.74,2.9,9.5,207,5900,17,25,37028.0
129,130,1,porsche cayenne,gas,std,two,hatchback,rwd,front,98.4,175.7,72.3,50.5,3366.0,dohcv,eight,203,mpfi,3.94,3.11,10.0,288,5750,17,28,31400.5
130,131,0,renault 12tl,gas,std,four,wagon,fwd,front,96.1,181.5,66.5,55.2,2579.0,ohc,four,132,mpfi,3.46,3.9,8.7,90,5100,23,31,9295.0
131,132,2,renault 5 gtl,gas,std,two,hatchback,fwd,front,96.1,176.8,66.6,50.5,2460.0,ohc,four,132,mpfi,3.46,3.9,8.7,90,5100,23,31,9895.0
132,133,3,saab 99e,gas,std,two,hatchback,fwd,front,99.1,186.6,66.5,56.1,2658.0,ohc,four,121,mpfi,3.54,3.07,9.31,110,5250,21,28,11850.0
133,134,2,saab 99le,gas,std,four,sedan,fwd,front,99.1,186.6,66.5,56.1,2695.0,ohc,four,121,mpfi,3.54,3.07,9.3,110,5250,21,28,12170.0
134,135,3,saab 99le,gas,std,two,hatchback,fwd,front,99.1,186.6,66.5,56.1,2707.0,ohc,four,121,mpfi,2.54,2.07,9.3,110,5250,21,28,15040.0
135,136,2,saab 99gle,gas,std,four,sedan,fwd,front,99.1,186.6,66.5,56.1,2758.0,ohc,four,121,mpfi,3.54,3.07,9.3,110,5250,21,28,15510.0
136,137,3,saab 99gle,gas,turbo,two,hatchback,fwd,front,99.1,186.6,66.5,56.1,2808.0,dohc,four,121,mpfi,3.54,3.07,9.0,160,5500,19,26,18150.0
137,138,2,saab 99e,gas,turbo,four,sedan,fwd,front,99.1,186.6,66.5,56.1,2847.0,dohc,four,121,mpfi,3.54,3.07,9.0,160,5500,19,26,18620.0
138,139,2,subaru,gas,std,two,hatchback,fwd,front,93.7,156.9,63.4,53.7,2050.0,ohcf,four,97,2bbl,3.62,2.36,9.0,69,4900,31,36,5118.0
139,140,2,subaru dl,gas,std,two,hatchback,fwd,front,93.7,157.9,63.6,53.7,2120.0,ohcf,four,108,2bbl,3.62,2.64,8.7,73,4400,26,31,7053.0
140,141,2,subaru dl,gas,std,two,hatchback,4wd,front,93.3,157.3,63.8,55.7,2240.0,ohcf,four,108,2bbl,3.62,2.64,8.7,73,4400,26,31,7603.0
141,142,0,subaru,gas,std,four,sedan,fwd,front,97.2,172.0,65.4,52.5,2145.0,ohcf,four,108,2bbl,3.62,2.64,9.5,82,4800,32,37,7126.0
142,143,0,subaru brz,gas,std,four,sedan,fwd,front,97.2,172.0,65.4,52.5,2190.0,ohcf,four,108,2bbl,3.62,2.64,9.5,82,4400,28,33,7775.0
143,144,0,subaru baja,gas,std,four,sedan,fwd,front,97.2,172.0,65.4,52.5,2340.0,ohcf,four,108,mpfi,3.62,2.64,9.0,94,5200,26,32,9960.0
144,145,0,subaru r1,gas,std,four,sedan,4wd,front,97.0,172.0,65.4,54.3,2385.0,ohcf,four,108,2bbl,3.62,2.64,9.0,82,4800,24,25,9233.0
145,146,0,subaru r2,gas,turbo,four,sedan,4wd,front,97.0,172.0,65.4,54.3,2510.0,ohcf,four,108,mpfi,3.62,2.64,7.7,111,4800,24,29,11259.0
146,147,0,subaru trezia,gas,std,four,wagon,fwd,front,97.0,173.5,65.4,53.0,2290.0,ohcf,four,108,2bbl,3.62,2.64,9.0,82,4800,28,32,7463.0
147,148,0,subaru tribeca,gas,std,four,wagon,fwd,front,97.0,173.5,65.4,53.0,2455.0,ohcf,four,108,mpfi,3.62,2.64,9.0,94,5200,25,31,10198.0
148,149,0,subaru dl,gas,std,four,wagon,4wd,front,96.9,173.6,65.4,54.9,2420.0,ohcf,four,108,2bbl,3.62,2.64,9.0,82,4800,23,29,8013.0
149,150,0,subaru dl,gas,turbo,four,wagon,4wd,front,96.9,173.6,65.4,54.9,2650.0,ohcf,four,108,mpfi,3.62,2.64,7.7,111,4800,23,23,11694.0
150,151,1,toyota corona mark ii,gas,std,two,hatchback,fwd,front,95.7,158.7,63.6,54.5,1985.0,ohc,four,92,2bbl,3.05,3.03,9.0,62,4800,35,39,5348.0
151,152,1,toyota corona,gas,std,two,hatchback,fwd,front,95.7,158.7,63.6,54.5,2040.0,ohc,four,92,2bbl,3.05,3.03,9.0,62,4800,31,38,6338.0
152,153,1,toyota corolla 1200,gas,std,four,hatchback,fwd,front,95.7,158.7,63.6,54.5,2015.0,ohc,four,92,2bbl,3.05,3.03,9.0,62,4800,31,38,6488.0
153,154,0,toyota corona hardtop,gas,std,four,wagon,fwd,front,95.7,169.7,63.6,59.1,2280.0,ohc,four,92,2bbl,3.05,3.03,9.0,62,4800,31,37,6918.0
154,155,0,toyota corolla 1600 (sw),gas,std,four,wagon,4wd,front,95.7,169.7,63.6,59.1,2290.0,ohc,four,92,2bbl,3.05,3.03,9.0,62,4800,27,32,7898.0
155,156,0,toyota carina,gas,std,four,wagon,4wd,front,95.7,169.7,63.6,59.1,3110.0,ohc,four,92,2bbl,3.05,3.03,9.0,62,4800,27,32,8778.0
156,157,0,toyota mark ii,gas,std,four,sedan,fwd,front,95.7,166.3,64.4,53.0,2081.0,ohc,four,98,2bbl,3.19,3.03,9.0,70,4800,30,37,6938.0
157,158,0,toyota corolla 1200,gas,std,four,hatchback,fwd,front,95.7,166.3,64.4,52.8,2109.0,ohc,four,98,2bbl,3.19,3.03,9.0,70,4800,30,37,7198.0
158,159,0,toyota corona,diesel,std,four,sedan,fwd,front,95.7,166.3,64.4,53.0,2275.0,ohc,four,110,idi,3.27,3.35,22.5,56,4500,34,36,7898.0
159,160,0,toyota corolla,diesel,std,four,hatchback,fwd,front,95.7,166.3,64.4,52.8,2275.0,ohc,four,110,idi,3.27,3.35,22.5,56,4500,38,47,7788.0
160,161,0,toyota corona,gas,std,four,sedan,fwd,front,95.7,166.3,64.4,53.0,2094.0,ohc,four,98,2bbl,3.19,3.03,9.0,70,4800,38,47,7738.0
161,162,0,toyota corolla,gas,std,four,hatchback,fwd,front,95.7,166.3,64.4,52.8,2122.0,ohc,four,98,2bbl,3.19,3.03,9.0,70,4800,28,34,8358.0
162,163,0,toyota mark ii,gas,std,four,sedan,fwd,front,95.7,166.3,64.4,52.8,2140.0,ohc,four,98,2bbl,3.19,3.03,9.0,70,4800,28,34,9258.0
163,164,1,toyota corolla liftback,gas,std,two,sedan,rwd,front,94.5,168.7,64.0,52.6,2169.0,ohc,four,98,2bbl,3.19,3.03,9.0,70,4800,29,34,8058.0
164,165,1,toyota corona,gas,std,two,hatchback,rwd,front,94.5,168.7,64.0,52.6,2204.0,ohc,four,98,2bbl,3.19,3.03,9.0,70,4800,29,34,8238.0
165,166,1,toyota celica gt liftback,gas,std,two,sedan,rwd,front,94.5,168.7,64.0,52.6,2265.0,dohc,four,98,mpfi,3.24,3.08,9.4,112,6600,26,29,9298.0
166,167,1,toyota corolla tercel,gas,std,two,hatchback,rwd,front,94.5,168.7,64.0,52.6,2300.0,dohc,four,98,mpfi,3.24,3.08,9.4,112,6600,26,29,9538.0
167,168,2,toyota corona liftback,gas,std,two,hardtop,rwd,front,98.4,176.2,65.6,52.0,2540.0,ohc,four,146,mpfi,3.62,3.5,9.3,116,4800,24,30,8449.0
168,169,2,toyota corolla,gas,std,two,hardtop,rwd,front,98.4,176.2,65.6,52.0,2536.0,ohc,four,146,mpfi,3.62,3.5,9.3,116,4800,24,30,9639.0
169,170,2,toyota starlet,gas,std,two,hatchback,rwd,front,98.4,176.2,65.6,52.0,2551.0,ohc,four,146,mpfi,3.62,3.5,9.3,116,4800,24,30,9989.0
170,171,2,toyota tercel,gas,std,two,hardtop,rwd,front,98.4,176.2,65.6,52.0,2679.0,ohc,four,146,mpfi,3.62,3.5,9.3,116,4800,24,30,11199.0
171,172,2,toyota corolla,gas,std,two,hatchback,rwd,front,98.4,176.2,65.6,52.0,2714.0,ohc,four,146,mpfi,3.62,3.5,9.3,116,4800,24,30,11549.0
172,173,2,toyota cressida,gas,std,two,convertible,rwd,front,98.4,176.2,65.6,53.0,2975.0,ohc,four,146,mpfi,3.62,3.5,9.3,116,4800,24,30,17669.0
173,174,-1,toyota corolla,gas,std,four,sedan,fwd,front,102.4,175.6,66.5,54.9,2326.0,ohc,four,122,mpfi,3.31,3.54,8.7,92,4200,29,34,8948.0
174,175,-1,toyota celica gt,diesel,turbo,four,sedan,fwd,front,102.4,175.6,66.5,54.9,2480.0,ohc,four,110,idi,3.27,3.35,22.5,73,4500,30,33,10698.0
175,176,-1,toyota corona,gas,std,four,hatchback,fwd,front,102.4,175.6,66.5,53.9,2414.0,ohc,four,122,mpfi,3.31,3.54,8.7,92,4200,27,32,9988.0
176,177,-1,toyota corolla,gas,std,four,sedan,fwd,front,102.4,175.6,66.5,54.9,2414.0,ohc,four,122,mpfi,3.31,3.54,8.7,92,4200,27,32,10898.0
177,178,-1,toyota mark ii,gas,std,four,hatchback,fwd,front,102.4,175.6,66.5,53.9,2458.0,ohc,four,122,mpfi,3.31,3.54,8.7,92,4200,27,32,11248.0
178,179,3,toyota corolla liftback,gas,std,two,hatchback,rwd,front,102.9,183.5,67.7,52.0,2976.0,dohc,six,171,mpfi,3.27,3.35,9.3,161,5200,20,24,16558.0
179,180,3,toyota corona,gas,std,two,hatchback,rwd,front,102.9,183.5,67.7,52.0,3016.0,dohc,six,171,mpfi,3.27,3.35,9.3,161,5200,19,24,15998.0
180,181,-1,toyota starlet,gas,std,four,sedan,rwd,front,104.5,187.8,66.5,54.1,3131.0,dohc,six,171,mpfi,3.27,3.35,9.2,156,5200,20,24,15690.0
181,182,-1,toyouta tercel,gas,std,four,wagon,rwd,front,104.5,187.8,66.5,54.1,3151.0,dohc,six,161,mpfi,3.27,3.35,9.2,156,5200,19,24,15750.0
182,183,2,vokswagen rabbit,diesel,std,two,sedan,fwd,front,97.3,171.7,65.5,55.7,2261.0,ohc,four,97,idi,3.01,3.4,23.0,52,4800,37,46,7775.0
183,184,2,volkswagen 1131 deluxe sedan,gas,std,two,sedan,fwd,front,97.3,171.7,65.5,55.7,2209.0,ohc,four,109,mpfi,3.19,3.4,9.0,85,5250,27,34,7975.0
184,185,2,volkswagen model 111,diesel,std,four,sedan,fwd,front,97.3,171.7,65.5,55.7,2264.0,ohc,four,97,idi,3.01,3.4,23.0,52,4800,37,46,7995.0
185,186,2,volkswagen type 3,gas,std,four,sedan,fwd,front,97.3,171.7,65.5,55.7,2212.0,ohc,four,109,mpfi,3.19,3.4,9.0,85,5250,27,34,8195.0
186,187,2,volkswagen 411 (sw),gas,std,four,sedan,fwd,front,97.3,171.7,65.5,55.7,2275.0,ohc,four,109,mpfi,3.19,3.4,9.0,85,5250,27,34,8495.0
187,188,2,volkswagen super beetle,diesel,turbo,four,sedan,fwd,front,97.3,171.7,65.5,55.7,2319.0,ohc,four,97,idi,3.01,3.4,23.0,68,4500,37,42,9495.0
188,189,2,volkswagen dasher,gas,std,four,sedan,fwd,front,97.3,171.7,65.5,55.7,2300.0,ohc,four,109,mpfi,3.19,3.4,10.0,100,5500,26,32,9995.0
189,190,3,vw dasher,gas,std,two,convertible,fwd,front,94.5,159.3,64.2,55.6,2254.0,ohc,four,109,mpfi,3.19,3.4,8.5,90,5500,24,29,11595.0
190,191,3,vw rabbit,gas,std,two,hatchback,fwd,front,94.5,165.7,64.0,51.4,2221.0,ohc,four,109,mpfi,3.19,3.4,8.5,90,5500,24,29,9980.0
191,192,0,volkswagen rabbit,gas,std,four,sedan,fwd,front,100.4,180.2,66.9,55.1,2661.0,ohc,five,136,mpfi,3.19,3.4,8.5,110,5500,19,24,13295.0
192,193,0,volkswagen rabbit custom,diesel,turbo,four,sedan,fwd,front,100.4,180.2,66.9,55.1,2579.0,ohc,four,97,idi,3.01,3.4,23.0,68,4500,33,38,13845.0
193,194,0,volkswagen dasher,gas,std,four,wagon,fwd,front,100.4,183.1,66.9,55.1,2563.0,ohc,four,109,mpfi,3.19,3.4,9.0,88,5500,25,31,12290.0
194,195,-2,volvo 145e (sw),gas,std,four,sedan,rwd,front,104.3,188.8,67.2,56.2,2912.0,ohc,four,141,mpfi,3.78,3.15,9.5,114,5400,23,28,12940.0
195,196,-1,volvo 144ea,gas,std,four,wagon,rwd,front,104.3,188.8,67.2,57.5,3034.0,ohc,four,141,mpfi,3.78,3.15,9.5,114,5400,23,28,13415.0
196,197,-2,volvo 244dl,gas,std,four,sedan,rwd,front,104.3,188.8,67.2,56.2,2935.0,ohc,four,141,mpfi,3.78,3.15,9.5,114,5400,24,28,15985.0
197,198,-1,volvo 245,gas,std,four,wagon,rwd,front,104.3,188.8,67.2,57.5,3042.0,ohc,four,141,mpfi,3.78,3.15,9.5,114,5400,24,28,16515.0
198,199,-2,volvo 264gl,gas,turbo,four,sedan,rwd,front,104.3,188.8,67.2,56.2,3045.0,ohc,four,130,mpfi,3.62,3.15,7.5,162,5100,17,22,18420.0
199,200,-1,volvo diesel,gas,turbo,four,wagon,rwd,front,104.3,188.8,67.2,57.5,3157.0,ohc,four,130,mpfi,3.62,3.15,7.5,162,5100,17,22,18950.0
200,201,-1,volvo 145e (sw),gas,std,four,sedan,rwd,front,109.1,188.8,68.9,55.5,2952.0,ohc,four,141,mpfi,3.78,3.15,9.5,114,5400,23,28,16845.0
201,202,-1,volvo 144ea,gas,turbo,four,sedan,rwd,front,109.1,188.8,68.8,55.5,3049.0,ohc,four,141,mpfi,3.78,3.15,8.7,160,5300,19,25,19045.0
202,203,-1,volvo 244dl,gas,std,four,sedan,rwd,front,109.1,188.8,68.9,55.5,3012.0,ohcv,six,173,mpfi,3.58,2.87,8.8,134,5500,18,23,21485.0
203,204,-1,volvo 246,diesel,turbo,four,sedan,rwd,front,109.1,188.8,68.9,55.5,3217.0,ohc,six,145,idi,3.01,3.4,23.0,106,4800,26,27,22470.0
204,205,-1,volvo 264gl,gas,turbo,four,sedan,rwd,front,109.1,188.8,68.9,55.5,3062.0,ohc,four,141,mpfi,3.78,3.15,9.5,114,5400,19,25,22625.0
