name,age,salary,bank,street,city,state,country
Stephanie Martinez,61,5500,GB,88058 Kyle Parkways Apt. 100,Zunigaburgh,Oregon,France
Claudia Watkins,46,4500,GB,11467 Cynthia Mews,Thompsonstad,New Mexico,British Virgin Islands
Roberto Green,46,4000,GB,591 Vargas Manor Suite 913,East Tiffanyburgh,Alaska,Andorra
Philip Fox,36,2500,GB,716 Jacqueline Stream,Taylorchester,California,Egypt
David Berg,77,8500,GB,96648 Douglas Shore,Jeremiahborough,Oklahoma,Burundi
Sarah Hernandez,28,10000,GB,701 William Well Apt. 952,Justinton,Ohio,Ecuador
Trevor Gray,54,1500,GB,18916 Timothy Common,South Janiceview,Louisiana,Mexico
Joseph Martinez,41,5000,GB,60524 Amy Fords Apt. 512,New Regina,New Jersey,Macedonia
James Acevedo,76,9500,GB,7187 Amy Highway Apt. 752,Port Johnny,Nebraska,Belgium
Ruben Kline,32,6500,GB,28486 Ruben Isle,Mayerton,Wisconsin,Congo
Steven Price,42,8500,GB,720 Mario Freeway,Davidside,Wisconsin,Paraguay
Patrick Haney,64,7000,GB,421 Luis Center Apt. 504,Lake Larry,Nebraska,Antarctica (the territory South of 60 deg S)
Walter Green,21,10000,GB,1148 Kimberly Heights,New Jonathon,Utah,Saint Vincent and the Grenadines
Mary Juarez,38,10000,GB,2953 Bryan Springs,East Dillonborough,New York,Maldives
Richard Arroyo,47,1500,GB,58301 April Cliffs,New Ryan,Hawaii,Guernsey
David Ballard,30,4000,GB,9397 Sutton Tunnel,Mosleyton,New York,Cuba
Lindsay Castaneda,20,9500,GB,826 Campos Burgs,Harringtonfurt,New Jersey,Svalbard & Jan Mayen Islands
Sarah Lewis,18,1500,GB,0071 Jerry Extensions Apt. 287,Kellyside,South Dakota,Poland
Travis Hall,41,1000,GB,99341 Foster Lock,Mendeztown,Alabama,Cameroon
Mason Gonzalez,25,5500,GB,741 Leon Parkways Suite 516,Chavezside,South Carolina,Poland
Jasmine Garcia,39,6500,GB,512 Jasmine Motorway Suite 402,North Lisamouth,Kentucky,Mauritius
James Reeves,52,1500,GB,22250 Mark Turnpike,Dianemouth,Hawaii,Sweden
David Smith,67,8500,GB,027 Kenneth Oval Apt. 241,Port Anthony,Missouri,Brunei Darussalam
Thomas Rose,47,6500,GB,0025 Blake Lake,West Amandaside,Hawaii,Uruguay
Traci Ellis,28,1500,GB,2361 Valerie Stream,Port Anthony,Kentucky,Yemen
Kevin Jones,52,7500,GB,7451 Miller Hills,Wendyfurt,Nebraska,Dominican Republic
Elizabeth Graves,38,8000,GB,00711 Lindsey View Suite 714,Brennanland,New Hampshire,Kyrgyz Republic
Ashley Hill,34,5000,GB,363 Troy Pine,West David,Pennsylvania,Paraguay
Kenneth Herrera,63,8500,GB,6754 Rogers Via Suite 050,West Katie,Utah,Slovakia (Slovak Republic)
Dr. Susan Lopez MD,65,9500,GB,8608 Sharon Roads,North Regina,Maine,Malawi
Allison Harris,68,1000,GB,89505 Ford Hills Suite 556,Juliamouth,Pennsylvania,Belize
Michael Johnson,66,10000,GB,43410 Franklin Orchard,Julieview,Idaho,Belarus
Barry Wright,56,2000,GB,357 Romero Lane Suite 131,North Marissamouth,South Dakota,Germany
Jessica Olsen,52,3500,GB,1477 Greer Prairie,West Adrianfort,North Carolina,Nigeria
Nicole Acosta,71,8000,GB,56498 Nicole Plains Apt. 899,Banksmouth,Vermont,Luxembourg
Nicolas Williams,20,10000,GB,6511 Robertson Forge Suite 507,South Stephen,Alaska,Trinidad and Tobago
Richard Arellano,18,9000,GB,554 William Islands,East Jessicaburgh,Kansas,Faroe Islands
Dr. Nichole Moran,59,2000,GB,524 Blake Mill,Murillotown,California,Cape Verde
Austin Russell,27,7000,GB,74686 Joshua Brooks,Lake Sethbury,Alabama,Spain
Tammy Moore,47,6000,GB,7956 Jonathan Hill Apt. 742,Munozstad,Tennessee,Solomon Islands
Mary Nguyen,70,3500,GB,22157 Williamson Estates,North Kimberlyside,Kansas,Niger
Jennifer Pena,36,8500,GB,00979 Flores View,Port Coleton,Montana,Reunion
Stephanie Martin,42,5500,GB,287 Jackson Street,South Kimberly,South Carolina,Comoros
Jennifer Jones,27,9000,GB,26274 Lewis Drive,Micheleview,Washington,Saudi Arabia
Nathaniel Cox,65,2000,GB,05502 Brian Walk,Danafort,Connecticut,Uzbekistan
Jacob Franklin,26,5500,GB,77043 Velez Parks,South Kimberly,Kentucky,Norfolk Island
Richard Hodges,77,2500,GB,6459 Moore Branch,Lake Garrettshire,Hawaii,Libyan Arab Jamahiriya
Lorraine Schroeder,34,2500,GB,60869 Emily Ferry Suite 776,Kathyport,Michigan,Reunion
Michele Smith,74,2000,GB,394 Joseph Turnpike Apt. 375,Toddstad,Arkansas,Jersey
Paul Gilbert,63,4500,GB,010 Sanchez Neck Apt. 031,Lake Melaniefurt,New Jersey,Brunei Darussalam
Pamela Chandler,69,4500,GB,158 Callahan Court,Port Hectorton,Delaware,Zambia
Anne Anderson,75,8000,GB,9717 Rachel Branch Suite 652,Lake Tammymouth,Tennessee,Iran
John Crawford,52,10000,GB,65673 Lance Point,Lake Elaine,Utah,Swaziland
Nicolas Copeland,53,2500,GB,8973 Mark Ford,Williamview,Delaware,Nicaragua
Gary Ball,20,2500,GB,9451 Garcia Cove Apt. 193,Port Amytown,Connecticut,Brunei Darussalam
Brandon Diaz,35,4500,GB,660 Mendoza Union,Thomasside,North Dakota,Cameroon
Michael Lee,44,4500,GB,074 Ryan Terrace Suite 274,Wheelerland,Mississippi,Grenada
Lauren Mclaughlin,18,9500,GB,781 Keith Mountains,Port Miaville,Minnesota,Guinea-Bissau
Mr. Garrett Wallace,46,8000,GB,46548 Diaz Vista,Port Kimberlybury,Connecticut,Oman
Ann Nichols MD,39,8000,GB,082 Bird Pines,South Natalie,Delaware,Barbados
Jane Luna,59,9500,GB,6551 Shane Throughway,Samanthamouth,Michigan,Switzerland
Rebecca Sanders,34,8000,GB,768 Buck Rapid,Riveramouth,Tennessee,Slovakia (Slovak Republic)
Madison Booth,57,6500,GB,5605 Scott Viaduct Suite 496,Robinberg,Idaho,Peru
Ann Morrison,48,5500,GB,4490 Snyder Flat Suite 401,Romanview,Maryland,Grenada
Rachel Hartman,31,9000,GB,4530 Gutierrez Meadow Apt. 025,Bakerberg,Hawaii,Lithuania
Christy Clark,38,5000,GB,60651 Jon Knolls Apt. 415,West Douglas,Connecticut,Cayman Islands
Mariah Bryan,63,4500,GB,274 Foster Keys Suite 355,Rebeccabury,Ohio,Somalia
Nicole Morgan,45,7500,GB,0817 Brady Landing,New Tiffanyburgh,California,Benin
Melissa Dominguez,26,4000,GB,207 Samantha Causeway,Lucasfurt,Georgia,Cameroon
Rebecca Harrington,68,3500,GB,0973 Chen Squares,East Bradleytown,Idaho,Pakistan
John Sanchez,18,7500,GB,797 Jenna Land Apt. 540,Port Dawnfort,Ohio,Western Sahara
Joshua Henderson MD,65,8500,GB,99946 Newman Manor,South Rhondaberg,Rhode Island,Iraq
Christina Bird,26,3500,GB,789 Linda Shoals Apt. 646,West Michelleport,Tennessee,Qatar
Lisa Arnold,50,3000,GB,6741 Horn Street,Lake Joshualand,Hawaii,Cyprus
Thomas Black,36,2500,GB,95620 Bond Orchard,Robinsonfurt,Texas,Zambia
Darrell Phillips,52,2500,GB,57754 Katherine Motorway Suite 892,Andersonfurt,New York,Malta
Roy Rivera,62,8500,GB,134 Sullivan Rest Apt. 669,Jonesfurt,South Carolina,Germany
Stephanie Fitzpatrick,80,2000,GB,420 Garrett Pike Suite 429,West Nancy,Louisiana,Switzerland
Scott Sheppard,73,6500,GB,415 Autumn Loaf Apt. 373,Amandaton,Kansas,Poland
Joseph Johnson Jr.,66,3500,GB,14028 Michael Knoll,Veronicaport,West Virginia,France
Jacob Rogers,80,2500,GB,159 Todd Spur Suite 624,Katrinatown,West Virginia,India
William Gomez,46,4500,GB,28893 Brown Ways,Moraleshaven,Kansas,Iceland
Amber Young,30,5000,GB,50972 Abigail Bridge Suite 934,Lake Matthewtown,Maryland,Monaco
Gina Davis,54,8000,GB,294 David Ridge,Stephenville,Washington,Tunisia
Sara Jackson,78,3000,GB,20210 Michael Wells,West Carolineborough,North Carolina,Fiji
John Davis,35,7500,GB,677 Boyle Dam Suite 624,East Kristina,California,Liechtenstein
Kim Nguyen,32,2000,GB,934 Murray Ports Apt. 904,Fisherfort,Wisconsin,Iceland
Lori Smith,79,8000,GB,526 William Mill,Port Robert,Indiana,Costa Rica
Kelly Garcia,64,3000,GB,409 James Rapid Suite 543,West Lindseymouth,Colorado,Italy
Mr. Travis Cameron MD,61,7000,GB,160 Joseph Wall Apt. 704,East Charles,Indiana,Liechtenstein
Mr. John Holland,20,7500,GB,5350 Cox Trace,Jamieville,Nebraska,Serbia
Taylor Johnson,79,2000,GB,925 Rhonda Divide Apt. 531,Johnmouth,New Mexico,Switzerland
Paul Foster Jr.,67,6500,GB,4762 Gary Plaza,Jacobsville,Montana,Thailand
Michelle Jenkins,33,8500,GB,08995 York Crescent,West Sarahtown,Connecticut,Hungary
Xavier Shields,32,9000,GB,35813 Shea Falls Suite 118,Lake Daniel,Indiana,Norfolk Island
Jason Flores,73,3000,GB,134 Steven Lakes Apt. 230,Brittneyburgh,Arizona,Timor-Leste
Zachary Black,38,3500,GB,699 Colin Club Apt. 983,New Adam,New Jersey,Togo
Jennifer Hammond,72,8000,GB,1624 Harrington River,East Paigechester,South Carolina,Somalia
Molly Frazier,67,1500,GB,10563 Vincent Roads Suite 450,Charlesville,Arizona,Iraq
Jessica Gardner,75,7500,GB,0310 Todd Station Apt. 545,South Virginia,Ohio,Moldova
Eric Zimmerman,24,3500,GB,23134 Mcgee Route Apt. 665,West Desiree,Michigan,Ukraine
Jeffrey Dodson,52,7000,GB,2407 Shawn Prairie Suite 710,Jamesborough,Arizona,Cameroon
Sarah Jennings,20,1000,GB,043 Kevin Loaf Suite 913,Davidborough,Wisconsin,Bhutan
Tara Scott,64,5500,GB,4392 Herrera Gardens Apt. 018,West Jenniferville,New Mexico,Tuvalu
Mr. Joseph Rangel,73,9000,GB,541 Morgan Villages Apt. 098,West Bradleyhaven,Utah,Ethiopia
Heather Barnes,26,1500,GB,60380 Theresa Crossroad Suite 433,North Jeffrey,Maine,Haiti
Stacy Miller,52,9000,GB,8996 Jeffrey Wall,South Michaelview,Mississippi,Jamaica
Danielle Brown,42,7500,GB,2104 Reed Groves,Brownburgh,Delaware,Algeria
Tracy Lee,27,7000,GB,540 Earl Route,Lake Jonathan,Louisiana,Nauru
Jessica Mckenzie,58,4000,GB,22942 Katherine Plains Apt. 940,North Shannontown,Alabama,Sao Tome and Principe
David Cook,19,7500,GB,7765 Clark Course,Matthewshire,Massachusetts,Ghana
Jonathan Mason,36,8500,GB,8519 Kathy Islands Apt. 954,New Elizabethburgh,Washington,Indonesia
Nancy Sheppard,23,8500,GB,10840 Brown Spring,West George,Kentucky,Guyana
Sara Walton,73,1000,GB,64853 Nicole Route,New Brittany,Nebraska,Kiribati
Jacqueline Jackson,49,6500,GB,65556 Mercer Islands,New Alisha,Maine,Yemen
Jacob Murphy,66,8000,GB,185 Gonzalez Ville,Bellton,New York,Yemen
Hannah Ponce,48,5000,GB,93486 Hunt Club Apt. 426,Sarahport,Washington,Dominican Republic
Daniel Fowler,55,7500,GB,0908 Christine Terrace,Sanchezland,North Carolina,Brazil
Martha Mckinney,56,8000,GB,35008 Nicole Spurs,Garciaside,Maine,Yemen
Dr. Hector Thomas,56,6500,GB,102 Tanya Skyway Apt. 096,Dixonview,North Carolina,American Samoa
Heather Ford,20,5500,GB,3039 Bush Avenue Suite 718,Carlsonshire,Wisconsin,French Polynesia
Dawn Avila,39,2000,GB,150 Clark Alley Suite 929,Doyleville,Kansas,Mayotte
Sheila Mills,41,8500,GB,729 Jones Junction Suite 067,New Diane,South Dakota,Latvia
Danielle Rodriguez,69,10000,GB,94225 John Shores Suite 141,Milesbury,Arkansas,Comoros
Lindsay Richards,49,2500,GB,8425 Mitchell Fort Suite 058,Jonesbury,Rhode Island,French Southern Territories
Christopher Jones,53,3500,GB,576 Justin Springs Suite 694,East Donaldmouth,New Mexico,France
Holly Joseph,29,2500,GB,527 Bruce Skyway,North Lisa,Ohio,Heard Island and McDonald Islands
Courtney Tran,78,1000,GB,4663 Justin Rapids Suite 159,Brucemouth,Montana,Sri Lanka
Mckenzie Carrillo,19,6500,GB,228 Alvarez Fork Suite 765,East Michelle,Maine,Namibia
Sandra Harrington,21,8500,GB,2856 Todd Fork Apt. 202,Johnsonborough,South Carolina,Kazakhstan
Sandra Torres,36,8000,GB,54188 Steven Ridges,Montgomeryberg,Pennsylvania,Cuba
Eric Ryan,62,2500,GB,541 George Radial,Lake Paul,Tennessee,Ghana
Michele Meyers,71,6000,GB,273 Daniel Forge Apt. 477,Port Kristopher,Minnesota,Sierra Leone
Kathy Garcia,62,6500,GB,401 Anthony Haven,East Stacyburgh,Illinois,Anguilla
Frank Rush,35,4000,GB,09504 Ashley Drive Apt. 766,Lawrencestad,Texas,Libyan Arab Jamahiriya
Carrie Johnson,46,2000,GB,28445 Curtis Greens,Mooneyton,Kansas,United Arab Emirates
Angela Harris,57,6500,GB,9639 Denise Estates Suite 662,Andrewsstad,Maryland,Philippines
Steve Richards,39,6500,GB,898 Rogers Circle Apt. 231,Brianland,Washington,Burundi
Stacy Reynolds,21,2500,GB,1495 Ford Plains Suite 346,East Eddie,Washington,Equatorial Guinea
Mark Lopez,79,9500,GB,444 Gregory Meadows Suite 251,West Timothy,Pennsylvania,Djibouti
Gregory Knight,47,7500,GB,422 Derek Center Apt. 106,North Sarah,North Carolina,Saint Pierre and Miquelon
Wanda Carter,27,9000,GB,50288 Robert Forge Apt. 181,Port Jeremyshire,Ohio,Iraq
Joseph Holmes,41,1500,GB,9816 Wang Dale Apt. 218,Julieborough,Alabama,Haiti
Karina Cruz,67,7000,GB,49257 Khan Causeway,Lake Jerryport,New Jersey,Burundi
Chelsea Hernandez,34,8500,GB,4057 Kelly Ramp Apt. 305,West Lance,Vermont,Jersey
Dr. Elizabeth Montgomery,30,2500,GB,2327 Dawn Union,Lake Erin,Massachusetts,Turkmenistan
Daniel Franklin,77,4500,GB,2383 Matthew Divide Suite 752,Port Zoe,Oklahoma,El Salvador
Misty Adams,26,1500,GB,980 Allen Garden Suite 730,Greenshire,Arkansas,Solomon Islands
Hannah Sanchez,66,9500,GB,06540 Melissa Harbors Suite 076,Port Andrealand,Utah,Russian Federation
Susan Watson,21,9000,GB,01534 Torres Fields Apt. 018,Micheleland,Idaho,Austria
John Grant,62,3500,GB,75256 Samantha Meadow,Owenfurt,Maryland,Kuwait
Joshua Villarreal,23,7500,GB,898 Anderson Brook,New Eduardo,Mississippi,Serbia
Howard Lopez,66,3500,GB,478 Evans Isle,South Christopherport,Utah,Kazakhstan
Leslie Moore,54,4500,GB,581 Summers Street,West Tyler,Kansas,Latvia
Joshua Sanders,32,3000,GB,6182 Bethany Port,West Brenda,Alabama,Faroe Islands
Billy King,72,6000,GB,0096 Johnston Tunnel Apt. 401,Robertsburgh,Missouri,Jamaica
Theodore Gregory,32,8000,GB,32726 Suzanne Plaza Suite 176,West Joannamouth,Arizona,Lesotho
Alexandra Stephens,27,4500,GB,694 Rojas Park,East Joyceburgh,California,Dominican Republic
Ruth Cantu,78,7000,GB,69460 Tracy Hill Suite 747,Port Adrian,Florida,Uganda
Lisa Lopez,71,4500,GB,6758 Stacey Greens Suite 462,Ronaldmouth,Massachusetts,Trinidad and Tobago
Nancy Brown,18,5000,GB,318 Angelica Springs,Williamfort,Hawaii,Liechtenstein
John Parrish,50,8500,GB,520 Veronica Station Suite 879,Mejiastad,Washington,Indonesia
Sean Williams,34,2000,GB,4708 Alexander Valley Apt. 456,Port Caitlin,Alaska,Heard Island and McDonald Islands
Timothy Jensen,79,3000,GB,69804 Foster Village Suite 300,North Nicholasside,Wyoming,Korea
Joseph Riddle,70,5500,GB,17804 Michael Knolls,South Marymouth,Mississippi,Cameroon
George Escobar,40,8000,GB,1535 Joseph Track,Nicholaschester,Washington,Liberia
Malik Jackson,20,8000,GB,09336 Patton Summit Suite 281,Stanleyville,Texas,Indonesia
Amber Choi,41,7500,GB,3690 John Alley Suite 952,Riosland,New Jersey,Bosnia and Herzegovina
Lori Alvarado,78,1500,GB,163 Pace Fields,Arroyobury,Nevada,Saint Pierre and Miquelon
Jennifer Chaney,32,9500,GB,65687 Donald Tunnel Suite 235,North Nathanbury,Kentucky,Macedonia
Joshua Carpenter,77,1000,GB,859 Anderson Neck Suite 100,Shieldsbury,Rhode Island,Maldives
Robert Collins,50,6000,GB,8702 Wesley Crossroad,Saraside,Indiana,Panama
Amy Vasquez,80,9500,GB,0265 Sharp Stream Apt. 406,Brownland,Colorado,Monaco
Amy Richards,18,6000,GB,063 Jose Burg,Castroton,Nevada,Colombia
Lisa Jackson,47,5500,GB,0257 Robert Island Apt. 412,South Maria,North Carolina,Djibouti
Rebecca Willis,25,2500,GB,061 Andrew Path,Port Alison,Alaska,Seychelles
Jeremy Salinas,38,1000,GB,68486 Benjamin Gateway,West Rhondachester,New Mexico,Rwanda
Aaron Andrews,78,10000,GB,6806 Jennifer Square,Eugeneport,Delaware,Brunei Darussalam
Albert Tran,69,8000,GB,699 Wright Hills,West Anthony,Connecticut,Macedonia
James Mayer,68,10000,GB,7920 Zhang Knoll Suite 195,Brendafurt,New Mexico,Lesotho
Christine Andrews,28,7000,GB,043 Johnson Turnpike,Copelandmouth,Maryland,Romania
Jason Jones,34,9500,GB,798 Dennis View,North Kyle,Nevada,Saint Helena
Cheryl Hernandez,28,7000,GB,77397 Nelson Courts Suite 707,Charlesland,New Mexico,French Southern Territories
Sonya Smith,22,6500,GB,328 Krista Light Suite 016,Lake Jesus,Alabama,Afghanistan
Ashley Mccoy,19,7500,GB,3540 Thomas Views,Dylanton,Arizona,Senegal
Gloria Shelton DDS,80,1000,GB,354 Diaz Park,Lake David,Rhode Island,Equatorial Guinea
Kara Barnes,71,6500,GB,1208 Kenneth Tunnel Suite 809,Lake Larryborough,Idaho,Philippines
Maria Cooper,68,4500,GB,20396 Mark Row,New Natalieville,Louisiana,Nauru
Shawn Santiago,28,3000,GB,178 Brown Locks,West Richardchester,Maryland,Puerto Rico
Scott Atkins,80,1500,GB,096 Barry Hollow,Karinastad,Illinois,Tanzania
Jeremiah Barnes,79,1500,GB,4322 Samuel Rapid,Charlesville,Illinois,Japan
Lynn Johnson,79,1500,GB,5517 Johnson Flat,West Claireview,Maryland,Ukraine
Ashley Peterson,27,5500,GB,1073 Charlotte Cliff,Smithbury,Arkansas,Uganda
Alicia Cook,71,8500,GB,1987 Freeman Freeway,New Wandamouth,Nebraska,Austria
Dylan Patton,33,8000,GB,778 Earl Forest Apt. 662,Stewartbury,Maryland,Spain
James Sanders,48,3000,GB,4953 Oneill Cliffs Apt. 125,New Kenneth,Michigan,Malta
Jason White,80,1500,GB,0952 Kevin Flat Suite 469,South Patrick,North Carolina,Turkmenistan
Mr. Robert Anthony MD,46,3500,GB,86462 Richardson Ports,Hughesshire,Arkansas,Qatar
Reginald Cameron,58,6000,GB,52473 Carroll View Suite 141,South Laura,Alaska,Saint Pierre and Miquelon
James Davis,42,3000,GB,65262 Dana Circle,South Deanna,New Jersey,Bangladesh
Jason Martinez,42,7000,GB,31320 King Neck,Clarkeside,North Dakota,Montserrat
Robert Mahoney,46,10000,GB,0277 Zachary Pines Apt. 163,East Jennifer,Vermont,Jordan
Matthew Manning,36,5000,GB,1405 Munoz Unions Suite 510,Lake Stephenhaven,Massachusetts,Ukraine
Katherine Roberson,47,10000,GB,904 Marshall Mountains,South Paul,Florida,Netherlands Antilles
Shannon Kelley,62,3500,GB,7606 Ian Loop,East Toddborough,California,Tunisia
Adam Cook,18,9500,GB,617 Brewer Mall,South Richardview,Michigan,Zimbabwe
James Thomas,60,3500,GB,29952 Daniel Inlet,Port James,Colorado,South Georgia and the South Sandwich Islands
Deborah Reyes,43,1000,GB,169 Hernandez Overpass Apt. 108,Markville,South Carolina,Turkmenistan
David Bryant,20,3000,GB,28343 Craig Wall Suite 207,Port Jonathonborough,Vermont,Libyan Arab Jamahiriya
Keith Douglas,57,7000,GB,186 Brittany Drive,Port Jennifer,Alabama,Mali
Elizabeth Nelson,27,5500,GB,347 Lisa Loop Apt. 752,Underwoodmouth,Oklahoma,Falkland Islands (Malvinas)
Thomas Jackson,41,9500,GB,23647 Freeman Forge Suite 770,Brewerside,South Dakota,Ecuador
Connie David,35,1000,GB,54633 Evan Bridge,Lake Matthew,Wyoming,Mali
Nicholas Jackson,43,3500,GB,2614 Rivera Trafficway Apt. 239,North Linda,Missouri,Bouvet Island (Bouvetoya)
Elizabeth Sanders,49,1000,GB,071 Christopher Vista Suite 432,Anthonyhaven,Hawaii,Sweden
Angel Gregory,55,2000,GB,42996 Mary Port,Pamelaton,Virginia,Papua New Guinea
Justin Harvey,22,6500,GB,7979 Christopher Trail Apt. 149,East Christopher,Connecticut,Uzbekistan
Paula Hansen,36,2500,GB,6016 Bailey Burgs Suite 470,Hernandezborough,Florida,Yemen
Jennifer Collins,63,6000,GB,7175 Simon Plaza,Port Hannah,Florida,Botswana
Charles Williams,62,1500,GB,1741 Benjamin Streets Apt. 584,Meganburgh,Florida,Guadeloupe
Matthew Kirk,74,1000,GB,30379 Diaz Mall,Lake Kristen,Nebraska,Aruba
Amanda Banks,77,4000,GB,45740 Cole Hill Apt. 100,Kristinaland,New Mexico,Bhutan
Andrea Bishop,43,2500,GB,00243 Mary Centers,Brownside,New Hampshire,Morocco
Daniel Young,70,7500,GB,4266 Henderson Fields,South Briana,South Carolina,Serbia
Erin Welch,29,2500,GB,50159 Phillip Ford Suite 092,Atkinschester,Michigan,Swaziland
Benjamin Lawrence,64,3000,GB,111 Miller Ranch,Lake Peter,New Hampshire,Cocos (Keeling) Islands
David Cole,75,1000,GB,0832 Shawn Locks Apt. 158,New Lindahaven,Nebraska,Saudi Arabia
Laura Jensen,30,8500,GB,590 Bolton Mall,Nicholasburgh,Texas,Dominican Republic
Angelica Sanders,51,3500,GB,9910 Nelson Roads,Rachelville,Wisconsin,Barbados
Jeff Navarro,69,8000,GB,3998 Timothy Falls,South Derrick,Indiana,Belarus
Fred Cochran,70,2000,GB,46817 Antonio Lodge,West Rebeccaport,Rhode Island,Cook Islands
Timothy Herrera,67,4000,GB,57434 Richard Meadow Apt. 508,West Shaneport,Virginia,Zambia
Mrs. Sarah Tate,27,8500,GB,9503 Jason Plaza,New Kendratown,Arizona,El Salvador
Melissa Turner,74,9000,GB,1692 Kelly Cove,South Johnfort,Indiana,Mali
Bobby White,67,5000,GB,23571 John Place,East Jason,Connecticut,Italy
Christopher Decker,48,6000,GB,12618 Ryan Mission Apt. 301,Johnsonton,Tennessee,Netherlands Antilles
William Johnson,76,2500,GB,97748 Bailey Inlet,New Steven,Nebraska,Nigeria
Kathy Contreras,69,9000,GB,06832 Davis Ramp Suite 363,Wagnerville,South Carolina,Cuba
Cheryl Wiley,34,5000,GB,4976 Lee Viaduct,Andersonfurt,Tennessee,Germany
Travis Smith,76,7000,GB,81790 Jones Run,Sonyaville,Delaware,Bermuda
Elizabeth Sullivan,61,4000,GB,36329 Camacho Walks,Fullerberg,New York,Azerbaijan
Gary Thomas,27,4000,GB,249 Andrea Stream,Danieltown,Louisiana,Algeria
Corey Sanders,62,4000,GB,934 Claire Estates,Kelseyhaven,Maine,Trinidad and Tobago
John Barber,35,3000,GB,279 Robert Highway Suite 984,West Wendy,Texas,El Salvador
Jessica Smith,66,1000,GB,1949 Nathan Drive Suite 949,Christophermouth,New York,Seychelles
Caleb Compton,24,3500,GB,6526 Malone Trafficway Apt. 361,Lake Jonathan,Iowa,Panama
Alison Dixon,69,9000,GB,5122 Villarreal Camp Suite 127,Port Blake,Montana,Niger
Diane Stevenson,31,4500,GB,14367 Lynn Roads Suite 633,Thompsonmouth,Rhode Island,Suriname
Katie Lopez,25,9500,GB,2817 George Crossing,West Richardbury,Texas,Greenland
Corey Keith,47,7000,GB,57885 Judy Island Apt. 789,West Anthonystad,Nebraska,Armenia
Anthony Mendoza,47,9500,GB,342 Chen Court Suite 978,Frychester,Pennsylvania,Czech Republic
Christine Brennan,50,1500,GB,3560 Brock Point Apt. 833,Curtisburgh,Kentucky,Cayman Islands
David Martin,55,6500,GB,171 Hall Forge,Port Brandon,Iowa,Madagascar
Jessica Hopkins,42,7500,GB,375 Reginald Corner Suite 189,Williamsmouth,Connecticut,Uruguay
Robin Jackson,64,9000,GB,396 Kim Rapid Apt. 495,Sandrabury,Mississippi,Greece
Aaron Ramos,41,3500,GB,6605 Moreno Causeway Suite 332,North Christineview,Kansas,Nigeria
Samuel Gonzales,41,1000,GB,717 Davenport Lights,South Davidport,New Mexico,Kuwait
Christie Horton,30,8500,GB,7859 Chavez Cape Suite 133,Thomasbury,Wisconsin,Congo
Emily Robertson,69,3000,GB,06042 Richard Trail Suite 198,Lake David,California,Tunisia
Emily Guzman,75,1500,GB,2536 Andrew Tunnel Apt. 757,Port Clayton,Oregon,Antigua and Barbuda
David Garcia,75,2000,GB,18335 Nicole Locks Suite 958,Wattston,North Carolina,Uganda
Nicole Lee,65,5500,GB,77005 Zimmerman Springs,Emilychester,Maine,Colombia
Thomas Moore,53,4500,GB,726 Scott Glen Suite 241,South Rickyborough,West Virginia,Tokelau
Stephen Horne,32,9000,GB,004 Johnson Trail,Helenfort,Colorado,Bolivia
Melissa Faulkner,71,9000,GB,06923 Fowler Summit Suite 088,Jamesside,New Hampshire,Honduras
Daniel Clark,34,5500,GB,187 Emily Cliffs Suite 019,Lake Claudiaview,Hawaii,Cape Verde
John Morales,63,9500,GB,0995 Byrd Drive Suite 846,Port Latasha,South Dakota,Norfolk Island
Thomas Wiggins,70,10000,GB,662 Fletcher Village,East Connortown,Idaho,Jersey
David White,25,5500,GB,33613 Garcia Wall Apt. 629,Robinfort,North Carolina,Seychelles
Kendra Duncan,65,8000,GB,4553 Elizabeth Stream Suite 014,East John,Minnesota,United States Virgin Islands
Dana Dixon,38,10000,GB,3026 Monica Plaza Suite 307,New Josephstad,Louisiana,Dominican Republic
Tanya Miller,61,5500,GB,43054 Fox Branch Apt. 696,North Carrie,Iowa,Tajikistan
Shawna Lyons,37,1000,GB,474 Jesse Squares Apt. 616,Lake Justin,North Carolina,Nauru
Cynthia Mills,33,5000,GB,8932 Morales Course Apt. 136,East Susanton,Oklahoma,Malaysia
Susan Jackson,34,8500,GB,7857 Patel Skyway Suite 952,South Lorihaven,Wisconsin,Isle of Man
Kathryn Terry,29,2500,GB,539 Brown Plaza,Ewingborough,New Hampshire,Sri Lanka
Rebekah Singh,50,9000,GB,4505 Kyle Causeway,Teresastad,Massachusetts,Mauritius
Megan French,68,8000,GB,870 Matthews Parks,East Melanie,Utah,Peru
Luis Lee,60,1000,GB,28764 Ray Expressway,South Dustinview,Idaho,Somalia
Caitlyn Gallegos,44,9500,GB,777 Kimberly Plaza,Lake Bridgetburgh,Michigan,Marshall Islands
Brian Cisneros,52,9000,GB,004 Marcus Valleys Suite 483,South Timothyfurt,Delaware,Cape Verde
Carl Hobbs,68,1500,GB,249 Raymond Springs,Lake Denise,Oregon,British Indian Ocean Territory (Chagos Archipelago)
Janet Benitez,60,4500,GB,13856 Williams Dale Suite 483,East Felicia,Tennessee,Madagascar
Kyle Carr,62,1500,GB,0017 Luis Road,Georgestad,California,Montenegro
Michael Mccarthy,46,7500,GB,21904 Dana Ramp,East Robinview,New Mexico,Denmark
Jack Martin,43,4000,GB,578 Michael Spur,West Madison,Texas,Suriname
Brendan Bishop,37,8500,GB,32706 Smith Throughway Suite 592,Pamelaport,Connecticut,Moldova
Lisa Edwards,35,9500,GB,3022 Ryan Fork,South Jared,Louisiana,Pakistan
Debra Colon,40,9500,GB,72512 Valentine Estates Apt. 868,South Jamesborough,Connecticut,Bolivia
Ryan Gardner,62,9000,GB,7660 Cantu Mill,Port Charles,North Carolina,Burkina Faso
Terri Baker MD,51,5000,GB,3094 Steven Passage,Xavierstad,Michigan,Indonesia
Veronica Zamora,69,10000,GB,9438 Anderson Freeway,West Jamieborough,Indiana,Reunion
Julia Pearson,39,4500,GB,34785 Amanda Locks Suite 019,Robinshire,Alabama,Argentina
Thomas Williams,73,4000,GB,179 Carr Street Suite 545,North Gabrielborough,Georgia,Egypt
Brian Leonard,33,7500,GB,05585 Wilkinson Gardens Suite 943,Mckenziemouth,Iowa,Greece
Charles Mcclain,66,7500,GB,49520 Sheila Fields,North Donald,Colorado,Brazil
Sophia Ortiz,28,4000,GB,822 Glover Common,West Beverlyborough,Colorado,India
Ashley Stone,67,5000,GB,4675 Tammy Via Suite 570,Schneidermouth,South Carolina,Guernsey
Debra Sandoval,58,6500,GB,976 Daniel Squares Suite 086,Stevenchester,Wyoming,Sao Tome and Principe
Dr. Charles Huffman,43,6000,GB,9711 Julie Brooks,Robinburgh,Texas,Madagascar
Kaitlin Martinez,57,2000,GB,2823 Dawn Mount,Lake Ashleyborough,Kentucky,India
Blake Harper,67,3000,GB,619 Jeffrey Roads,West Lauren,North Carolina,Tokelau
Dr. Latasha Durham,41,7500,GB,340 Clark Port Suite 703,North Annafurt,Louisiana,Libyan Arab Jamahiriya
David Farmer,75,10000,GB,914 Rachel Plaza Suite 416,South Justin,Mississippi,Nepal
Samuel Jimenez,27,1000,GB,4207 Dean Ville,East Charlesport,Montana,Sao Tome and Principe
Natasha Norris,48,3000,GB,180 Barker Cliffs,Kathrynton,Virginia,Italy
Doris Salas,70,7000,GB,4954 Amanda Neck,Port Katherineland,Illinois,Mexico
Laura Spence,56,10000,GB,5378 Daniel Knolls,Hessberg,Louisiana,Greece
Catherine Nelson,37,3000,GB,40068 Gina Estates,Pittmanmouth,Colorado,Sudan
Robert Frey,22,8000,GB,8737 Sandra Shoals,South Tony,Hawaii,Kazakhstan
Sarah Farrell,27,8500,GB,1676 Bowman Manor Suite 547,Port Cassandrafurt,Iowa,Indonesia
Dr. Deanna Sloan,41,9000,GB,621 James Ridges,South Taylorchester,Michigan,Christmas Island
Angela Elliott,60,3500,GB,3490 Theresa Crossing,Liville,Wyoming,Kenya
Jeffrey Morgan,76,8000,GB,5712 Simmons Forest Apt. 689,Coxstad,Indiana,American Samoa
Hannah Schmidt,18,8500,GB,755 Michael Divide,Port Nicoleview,Virginia,Micronesia
Cody Chase,79,5500,GB,9254 Alexander Loaf Apt. 653,Garrettside,Iowa,Uruguay
Lisa Wise MD,76,2000,GB,185 Hunter Roads,South David,Maryland,Burundi
Veronica Brady,65,7000,GB,0107 Donna Extensions Suite 679,Freemanborough,Kentucky,Colombia
Angela Combs,50,9500,GB,2726 Mary Heights,Ellisshire,Maine,Armenia
Devin Graves,48,2000,GB,3344 Lang Point,South Sara,Rhode Island,Yemen
Angela Carter,66,3500,GB,232 Hoffman Knoll,South Kristachester,New Jersey,Zambia
Richard Davis,60,3500,GB,32936 Good Valleys Suite 694,Port Mathew,Kentucky,Benin
Christopher Hudson,77,4500,GB,532 Sara Burg,Travisberg,Arkansas,Vietnam
Michael Herrera,27,7500,GB,7049 Deborah Road Suite 735,Roberttown,New Hampshire,Moldova
Gary Edwards,46,3000,GB,149 Rios Well,Fishermouth,Texas,France
Renee Lopez,41,9500,GB,22603 Everett Light Suite 280,Trevinoburgh,Kentucky,Congo
Jerry Jones,77,6500,GB,4160 Renee Parkway,Shafferton,North Carolina,Somalia
Ricardo Gonzales,47,6000,GB,662 Best Ville Apt. 325,New Justin,Massachusetts,Spain
Michael Gomez,76,1000,GB,630 Lori Brook,East Kimberlytown,Delaware,Cocos (Keeling) Islands
Elizabeth Sherman,33,6500,GB,28432 Delgado Common,North Dianamouth,Washington,Tokelau
Jeffrey Davis,42,1500,GB,74406 James Land Suite 057,Hessfort,Washington,Malta
Kim Barnes,34,4500,GB,2174 Stewart Parks,Lake Juan,Massachusetts,Macedonia
Brittany Sanders,28,5000,GB,121 Timothy Crescent,New Robertmouth,California,British Indian Ocean Territory (Chagos Archipelago)
Abigail Allen,58,8500,GB,427 Mary Pine,New Linda,Pennsylvania,Malaysia
Jeffery Sherman,66,9500,GB,7175 Lewis Valley Apt. 509,Port Veronicaton,Oklahoma,Lesotho
Jeremy Parker,71,9000,GB,1749 Jacob Circles,South Lauratown,Tennessee,Lao People's Democratic Republic
Judith Foster,33,2500,GB,70600 Kenneth Coves,Lake Zacharyside,Utah,Palestinian Territory
David Hill,78,6500,GB,01142 Booth Pine,Carriefort,Virginia,Netherlands
Jacob Ramos,72,10000,GB,7929 Sara Islands Apt. 206,North Sandra,Wisconsin,Ireland
William Barker,48,4500,GB,07924 Robinson Tunnel Suite 052,Gregorymouth,Texas,Armenia
Stephanie Miles,22,1500,GB,2487 Koch Grove,Charlottebury,Vermont,Micronesia
Matthew Dougherty,61,2000,GB,02407 William Lake,Austinstad,Oklahoma,United States Virgin Islands
Brittany Goodwin,48,2500,GB,873 Michael Shoal Suite 419,West Erikaview,New Hampshire,Argentina
Krystal Velazquez,22,4000,GB,61278 Patricia Stravenue,Stevensfort,Delaware,Puerto Rico
Clarence Carson,37,6000,GB,00649 Coleman Junctions Suite 481,Port Jennifer,California,Gabon
William Potter,31,2000,GB,8203 Short Villages,West Michael,New Mexico,Azerbaijan
Miranda Hammond,78,2000,GB,058 Coleman Dam,Lake Rachelland,Texas,Poland
Jessica Martin,34,2000,GB,1965 Jonathan Hills,South Jessica,Alabama,Kuwait
Eric Ortiz,56,6000,GB,915 Rush Station Suite 458,North Jamesberg,Wyoming,Gambia
Melanie Morales,45,2500,GB,2155 Christina Shores,Emilyburgh,Massachusetts,Singapore
Kurt James,35,4000,GB,1355 Brittney Spring Apt. 222,East Davidside,Kentucky,Serbia
Amanda Walker,27,6000,GB,2433 Ryan Circle Apt. 374,South Kathryn,Florida,Togo
Drew Ramirez,76,7500,GB,079 Phillips Trace,New Tammyland,Nevada,Haiti
Richard Jones,72,8500,GB,2300 Peters Tunnel,New Erik,Montana,Ireland
Amanda Simpson,22,3000,GB,074 John Mill,Lake Tinamouth,Maryland,Colombia
Tyler Rodriguez,80,3500,GB,2762 Joshua Port,North Sandy,Arizona,Portugal
Jonathan Gilbert,19,5500,GB,856 Gabriel Overpass Apt. 404,North Norman,Nevada,Palau
Erin Hubbard,24,7500,GB,7706 Megan Shoals Suite 339,Lake Elizabethbury,Wisconsin,Bhutan
Amanda Davenport,66,7500,GB,3982 Edwards Burgs,East Geraldville,Montana,Andorra
Cristian Macdonald,41,8000,GB,9669 Carroll Divide,South Stevenville,Oklahoma,Heard Island and McDonald Islands
Sally Welch,75,3000,GB,7119 Elizabeth Corner Apt. 224,North Carolton,Michigan,Guinea-Bissau
Nicole Olson,37,6500,GB,911 Myers Land,Jessicatown,Michigan,Portugal
Peter Mcgee,72,9000,GB,421 Brooks Mills Apt. 699,Stephaniemouth,Virginia,Cayman Islands
John Munoz,37,6500,GB,48900 Rebecca Overpass,North Aprilberg,Ohio,Bangladesh
Kerri Johnson,24,9000,GB,80637 Davis Locks,Reedberg,Illinois,Rwanda
Jermaine Pena,78,2000,GB,54222 Lindsay Station,West Paultown,Michigan,Turks and Caicos Islands
Bobby Garza,51,6000,GB,60011 Sullivan Via,Lake Latoyamouth,Utah,Jordan
Jesse Thompson,72,5500,GB,418 Alison Ville Apt. 558,New Lisatown,Oklahoma,Haiti
Erin Cruz,36,7500,GB,11535 Brian Hills Apt. 129,South Karen,South Dakota,Reunion
Monique Jordan,57,2500,GB,264 Kimberly Grove Suite 206,Port Louis,Florida,Micronesia
Richard Berger,73,2500,GB,2406 Hunter Shoal,East Nicholasfurt,Ohio,Comoros
Cory Banks,63,8500,GB,57925 Crystal Causeway,Popeport,Colorado,Syrian Arab Republic
David Gonzalez,61,3500,GB,91428 Palmer Crescent,Danielsview,Utah,Japan
Victoria Chaney,63,3000,GB,5335 Hernandez Haven Apt. 936,Michaeltown,Indiana,Swaziland
Michael Lopez,76,6500,GB,5767 Thomas Highway,West Carriemouth,Idaho,Mauritania
Jenna Hughes,50,4500,GB,498 Joshua Pass Suite 289,Amyville,Massachusetts,Colombia
Tiffany Schultz MD,33,5000,GB,51034 Tony Ferry,South Emilyshire,Iowa,French Southern Territories
David Franco,39,1500,GB,44629 Conley Inlet,East Scottport,Florida,Andorra
Eric Hill,68,7500,GB,4492 Bowers Turnpike,Millermouth,Ohio,French Guiana
Benjamin Jones,27,9500,GB,84668 Norton Forge,West Rodney,Connecticut,Luxembourg
Adam Avila,69,8500,GB,75300 Crawford Fords Suite 279,Snydershire,Florida,Korea
Sarah Davis,58,9500,GB,94680 Michael Passage,West Elizabeth,Oregon,British Indian Ocean Territory (Chagos Archipelago)
Diane Ali,46,9000,GB,35432 Deanna Grove Apt. 847,North Michael,Illinois,Timor-Leste
Tyler Harris,80,5500,GB,0538 Micheal Plaza,Maureenbury,Texas,Vietnam
Nathan Jones,26,2500,GB,7980 Michael Mills,West Christopherfort,Tennessee,Afghanistan
Michael Duke,34,6500,GB,34066 Brown Square,Rodrigueztown,Minnesota,Iraq
Tina Boone,65,8500,GB,5113 Casey Ford,Martinbury,Tennessee,Nauru
Colton Richmond,64,6000,GB,01800 Mark Islands Apt. 149,New Richard,Kentucky,Lesotho
Karen Garcia,71,5000,GB,681 Villanueva Vista Apt. 908,Christinaview,Minnesota,Turks and Caicos Islands
Anthony Hamilton,60,7000,GB,323 Maria Locks Suite 240,Wolfeview,Ohio,Iceland
Latoya Nelson,23,5000,GB,379 Joseph Well Apt. 636,Cainville,Colorado,Egypt
David Hall,78,2000,GB,979 Phillips Ranch,New Stevenberg,Alabama,British Virgin Islands
Scott Mercado,65,4500,GB,49849 Richardson Island Apt. 178,Port Joshua,New York,Poland
Michael Vincent,26,2000,GB,725 Beth Stream Apt. 888,Delacruzborough,Rhode Island,Qatar
Paige Strickland,26,5000,GB,235 Corey Crossroad,Port Noah,Wisconsin,Cocos (Keeling) Islands
Michael King,40,8500,GB,7129 Mejia Lodge,Lake Edwardburgh,New Jersey,Chile
Robert Cooley,74,5500,GB,549 Adam Union,Simmonsshire,Oregon,Morocco
Steven Barr,73,3000,GB,0657 Yvette Way Apt. 466,New Ianstad,Georgia,Israel
Ernest Vincent,20,6500,GB,705 Rachel Light,Keithbury,Wyoming,Burundi
Raymond Blevins,78,5000,GB,17337 Ellis Prairie,North Scottland,Kansas,Greenland
Victor Powell,59,5500,GB,0188 Parker Well Suite 729,Tylerfurt,Iowa,Antigua and Barbuda
Gail Adams,57,8000,GB,14037 Kevin Village Apt. 474,Carolhaven,California,Tajikistan
Ronald Ellis,69,8000,GB,615 Olson Trace Suite 672,Port Deniseland,New Jersey,Venezuela
Abigail Campos,38,1000,GB,628 Lisa Course,Port Justin,Alaska,Heard Island and McDonald Islands
Megan Cervantes,44,10000,GB,01881 Nelson Views,New Elizabeth,Idaho,Paraguay
Lori Potter,43,2000,GB,533 Reynolds Greens,Mooreshire,Alaska,Pitcairn Islands
Deborah Wilson DDS,44,6500,GB,254 Berry Turnpike,Teresaland,South Dakota,Burkina Faso
Kelly Pratt,48,7000,GB,369 Nicole Port,Herreraborough,Massachusetts,Costa Rica
Jennifer Moore,23,9000,GB,36373 Jason Key Apt. 785,North James,Ohio,Mozambique
Terri Cummings,72,2500,GB,075 Sims Mews,North Jesus,Maryland,Chad
Terry Baker,43,6500,GB,5662 Shawn Point Suite 298,Cindyton,South Dakota,Lebanon
Joseph Ray,70,9000,GB,1473 Crawford Bridge Suite 379,Yateshaven,New Hampshire,Cocos (Keeling) Islands
Donna Villanueva,58,1000,GB,49362 Robinson Trail,Christineport,Idaho,Samoa
Christine Fowler,37,9000,GB,3178 Marks Forge,Brianfurt,Alabama,South Georgia and the South Sandwich Islands
Alexander Martinez,66,3500,GB,143 Sarah Keys,Hallfort,New Mexico,Trinidad and Tobago
Kevin Barrett,35,6000,GB,2094 Marilyn Branch,Floydville,Kentucky,Dominica
Eric Flores,41,9500,GB,8166 Robinson Mount Suite 922,Wyattbury,Texas,Ghana
Kelly Jones,43,2500,GB,42471 Lopez Brooks,Matthewsstad,Hawaii,Montserrat
Gregory Mccormick,55,10000,GB,2268 Hawkins Junction Apt. 499,Glenview,Alaska,Austria
Todd White,47,3500,GB,88452 Reynolds Junctions,Tracyland,Wisconsin,Slovenia
Earl Walker,43,9500,GB,108 Veronica Shores,Bridgetside,Maryland,United Kingdom
Ricky Schultz,37,2500,GB,733 Vang Ridges Apt. 427,Port Laura,North Carolina,New Zealand
Jasmine Palmer,69,2000,GB,7434 Pamela Valley Suite 531,Terrifurt,Utah,American Samoa
Erika Simmons,79,5000,GB,047 Kimberly Meadows Apt. 242,West Jamietown,Montana,Monaco
Charles Stewart,71,10000,GB,8706 Melinda Wells,Port Daniel,Ohio,Cambodia
Elizabeth Schmitt,22,2000,GB,065 Scott Corner Suite 582,North Carrie,Oregon,Spain
Michael Sanchez,26,1500,GB,93822 Fuller Summit,Mooretown,Utah,Syrian Arab Republic
Kelli Hamilton,36,3000,GB,892 Wagner Ferry,Jeffreychester,Minnesota,San Marino
Dorothy Cohen,75,2000,GB,577 Vanessa Valleys Suite 878,Lake Melissa,Kentucky,Austria
James Graham,29,3000,GB,21901 Brandy Bypass,New Keith,West Virginia,Macao
Taylor Richardson,37,8500,GB,7504 Shelly Flats,Christinefort,Michigan,Argentina
Kyle Smith,52,1500,GB,7355 Carrie Junction,Lake Matthew,Oregon,Albania
Richard King,37,4000,GB,5543 Travis Ways,Brittanytown,Nevada,Netherlands Antilles
Seth Lynn,23,2500,GB,33941 Angela Avenue,Port Robertbury,Oregon,Bermuda
Joe Mcdaniel,66,3000,GB,4863 Oneill Extension,Kendramouth,Idaho,Poland
Scott Sparks,31,2500,GB,428 Coleman Divide Apt. 275,East Kristinechester,Oklahoma,Cape Verde
Sara Brown,22,10000,GB,64381 Janice Station Suite 394,New Wendy,New York,Brazil
Jermaine Williams,27,4000,GB,96207 Zoe Corners Apt. 945,New Marissa,Wisconsin,Gabon
Ryan Herman,58,6000,GB,042 Joseph Cliff Suite 685,Parkerhaven,Iowa,Antarctica (the territory South of 60 deg S)
Erica Evans,41,2500,GB,8965 Lane Summit,Jonesfurt,South Dakota,Malaysia
James King,52,4000,GB,14287 Miller Land Suite 918,New Davidfurt,Iowa,Chile
Timothy Martinez,43,5500,GB,88759 Collins Mountain Suite 963,Port Ryanport,Kentucky,Tonga
William Johnson,32,6500,GB,8673 Robert Extension Apt. 048,New Jesus,Nebraska,Nicaragua
David Smith,29,9000,GB,9602 David Manors Suite 530,Shahmouth,Kansas,Saint Martin
Sherry Chen,24,3500,GB,89167 Tran Islands Suite 263,Port Jamesland,West Virginia,New Zealand
Jamie Boyd,63,4500,GB,79944 Michael Brooks,East Debra,Minnesota,French Guiana
Elizabeth Hensley,42,9000,GB,261 Steve Isle,New Ashley,South Dakota,Namibia
Mallory Hill DDS,74,8000,GB,47773 Sean Plain Apt. 826,Port Deborah,Idaho,Lesotho
Morgan Jenkins DDS,55,1500,GB,6270 Thomas Roads,Alvarezmouth,Maine,Brazil
Mark Fisher,35,1000,GB,167 James Pike,Port Scott,Arkansas,Anguilla
Robert Blackburn,47,1500,GB,616 Angelica Manors Suite 186,Jeremyburgh,Virginia,Antarctica (the territory South of 60 deg S)
Caitlin Hancock,39,9500,GB,0092 Lisa Summit Apt. 035,Audreytown,Vermont,Thailand
Francisco Martin,19,6000,GB,549 Melissa Mountain Apt. 863,South Kevinton,Louisiana,Svalbard & Jan Mayen Islands
Dwayne Edwards,27,4000,GB,12837 Garcia Ports,Smithmouth,Wyoming,Venezuela
Mr. Matthew Jackson,24,9000,GB,91432 White Vista,North Stephen,Virginia,Mexico
Thomas Smith,48,5500,GB,0544 Black Squares Suite 863,Port Geraldhaven,Colorado,Antigua and Barbuda
Alexandra Phillips DDS,73,3500,GB,9231 Thornton Pass,Port Sherryfort,North Carolina,Guernsey
Jennifer Miller,44,2500,GB,51070 Simmons Causeway,Jonathanmouth,Oklahoma,Bangladesh
Ryan Hughes,20,5000,GB,32767 Thompson Circles Suite 888,West Zachary,Virginia,Cameroon
William Patel,48,4000,GB,262 Carter Brooks Suite 572,North Joshuahaven,Virginia,Suriname
Martha Wall,75,4500,GB,4726 Osborne Haven Apt. 531,Olsonbury,Wisconsin,Greenland
Nancy Clark,42,1500,GB,0016 Newman Keys Suite 953,West Karenton,Colorado,Colombia
Christopher Wood,33,5500,GB,0161 Jefferson Trafficway,East Christinabury,Louisiana,Saint Barthelemy
Stephanie Colon,69,9000,GB,20457 Abigail Manors,Brandonstad,Nevada,Austria
Christine Allen,71,1500,GB,4239 Johnson Fall,Frankside,Rhode Island,Tajikistan
Jessica Bryant,68,5000,GB,884 Brian Unions,Rogerfort,Pennsylvania,Turks and Caicos Islands
Brett Bernard,22,6500,GB,62189 Michelle Corner,Jonesmouth,Massachusetts,Chad
William Walker,35,6000,GB,0759 Miller Avenue,Mollyview,Vermont,Chad
Johnny Harvey,69,1000,GB,8538 Benjamin Crossing Suite 549,Stephaniechester,Illinois,Austria
Latasha Mcdonald,35,7500,GB,512 Samantha Throughway,Williamtown,Idaho,Central African Republic
Sharon Hernandez,78,7500,GB,742 Keith Isle Suite 479,Zacharyfort,Nebraska,American Samoa
Alyssa Williams,55,3000,GB,63548 Anthony Shoal Apt. 629,Obrienton,Massachusetts,Panama
Zachary Porter,39,5000,GB,03907 Arias Forges,South Kyle,Kansas,Bhutan
Linda Wolfe,27,6500,GB,6320 Russell Shores Apt. 782,Mclaughlinshire,Kansas,New Caledonia
David Ballard,80,1000,GB,34684 Jackson Overpass Apt. 378,Lake Tonyahaven,Iowa,Latvia
Lindsay Mahoney,72,7500,GB,9325 White Manors Suite 307,North Michelleland,Vermont,Papua New Guinea
Sean Hernandez,42,9500,GB,932 Anthony Prairie Suite 710,Lake Davidport,West Virginia,Jordan
Krystal Campbell,60,4000,GB,88507 Garrett Overpass,Phillipsmouth,Kansas,Macao
Christopher Parsons,30,8000,GB,5627 Brown Brook Suite 905,Garciafort,Rhode Island,Afghanistan
Charles Peterson,32,10000,GB,22733 Destiny Stream,Youngmouth,Utah,Costa Rica
Brenda Rhodes,43,9500,GB,567 James Pine Suite 861,New Michael,Washington,Hong Kong
Brandon Mason,59,9500,GB,1462 Diane Curve,Jacobschester,North Carolina,Tanzania
Kayla Mathews,20,1500,GB,5999 Benton Villages Suite 884,Jessicaview,Missouri,Algeria
Dale Luna,26,3000,GB,364 Margaret Mews Suite 478,Leeland,New York,Central African Republic
Elizabeth Kennedy,71,7000,GB,391 Williams Squares,Dannyberg,Wisconsin,Indonesia
Ryan Yang,34,9500,GB,41846 Joshua Key Apt. 462,Transhire,South Carolina,Bahrain
Claudia Wallace,41,7500,GB,900 Cassandra Stream,South Jessicachester,Hawaii,Thailand
Ms. Sherry Brown,75,2000,GB,01228 Griffin Extension Suite 457,South Sabrinaland,West Virginia,Hong Kong
Jennifer Reynolds,47,4000,GB,15047 Wu Harbor,Charleschester,Delaware,Honduras
Nicole Andrews,70,5000,GB,1604 Crystal Mission Apt. 965,Andrewberg,Pennsylvania,South Georgia and the South Sandwich Islands
Kelsey Robinson,54,3500,GB,1584 Barbara Islands Suite 057,Timothyton,New Hampshire,Bangladesh
Kara Harper,63,7500,GB,297 Hall Branch Suite 174,Rojasborough,Oregon,Cambodia
Kathleen Walker,71,6500,GB,7874 Jackson Underpass Suite 372,Priscillaside,Delaware,Jersey
Michelle Fletcher,30,8500,GB,0762 Kiara Fords,East Kathleenmouth,South Dakota,Uganda
Tracey Johnson,72,5000,GB,597 Kristina Flat Apt. 004,Port Erin,South Carolina,Burkina Faso
Mrs. Angel Peterson,58,3000,GB,007 Thompson Locks,Derrickside,Illinois,Colombia
Sheila Schmidt,57,7500,GB,2876 Hale Streets,East Kelly,Alaska,Falkland Islands (Malvinas)
Timothy Glass,38,3000,GB,46802 Bradley Plains Apt. 976,Goodwinbury,Texas,Saint Pierre and Miquelon
Steven Hardy,55,5000,GB,251 Miller Hills Suite 740,Port Erikaview,Colorado,Antarctica (the territory South of 60 deg S)
Robert Glover,71,3500,GB,93110 Brown Burg Suite 231,Schneiderstad,Virginia,Chad
Dr. Dennis Colon,69,5000,GB,0758 Cook Square,Garyberg,Louisiana,Congo
Tammy Ramos,75,7000,GB,6098 Diaz Shore,Frederickstad,North Carolina,Sri Lanka
Kelsey Morales,71,6000,GB,69137 Andrew Mews,South Elizabeth,Montana,United States Virgin Islands
Kiara Burns,69,8000,GB,449 Fry Roads,Lake Richardborough,Idaho,Nauru
Courtney Moore,33,4000,GB,577 Harris Lodge,Banksview,Arizona,British Virgin Islands
Joseph Williams,32,10000,GB,2568 Samantha Mission Apt. 254,Johnsonfurt,Virginia,Macedonia
Matthew Olson,29,4500,GB,728 Wang Underpass,New Ann,Kentucky,Bermuda
Jason Campbell,53,7000,GB,6170 Lucas Springs,Christinaside,Vermont,Papua New Guinea
John Myers,49,1000,GB,62166 Stanton Mall,Roachview,North Carolina,Guadeloupe
William Price,58,2000,GB,8363 Katherine Mountain Apt. 749,Serranoville,Texas,Cayman Islands
Tammy Gibson,43,8500,GB,217 Kimberly Trafficway,South Johnmouth,Wisconsin,Turkey
David Lee,74,1500,GB,63643 Bianca Branch Suite 074,Seanmouth,Wisconsin,Solomon Islands
Linda Williams,62,5000,GB,0577 Harvey Club,East Leslieside,North Carolina,Ghana
Larry Wade,41,7500,GB,371 Rosario Cape Apt. 972,Lake Joe,Wyoming,Oman
Daniel Taylor,34,5500,GB,011 Carter Underpass,Garychester,Hawaii,Venezuela
Adam Miller,61,1500,GB,8531 Olsen Shoals,Melissahaven,Maine,Senegal
Andrea Brown,55,1000,GB,41405 Gregory Center,Masonville,Oregon,Bahamas
Alexis Jones,56,7500,GB,5026 Melissa Spring Suite 588,Lake Ernestburgh,Nevada,Honduras
Tammy Arnold,61,6000,GB,55135 Wilkinson Views Apt. 574,Sharonview,Tennessee,Sweden
Rebecca Osborne,75,4500,GB,7439 Burns Union Apt. 312,Murrayland,Georgia,Vietnam
Lisa Logan,54,4000,GB,04465 Miranda Mission,North Benjamin,Minnesota,Guinea-Bissau
Katherine Atkins,23,8000,GB,7160 Carol Prairie,Port Craigfurt,Virginia,Guadeloupe
Dr. Ashley Sampson DDS,55,1500,GB,889 Snow Manors,Brownport,Montana,Wallis and Futuna
Brian Ewing,20,8500,GB,25697 Dunlap Shoal,Davidshire,Wyoming,Indonesia
Patricia Suarez,63,6000,GB,131 Kelly Mountains,South Zacharyfort,West Virginia,French Polynesia
Richard Johnson,72,1000,GB,409 Brady Rapid,Thomasburgh,Texas,Indonesia
Chloe Sellers,65,1500,GB,28865 Hooper Underpass,North Derrickshire,Hawaii,Lithuania
Thomas Holmes,39,3500,GB,17956 Hines Mission,Ginaland,North Carolina,Malawi
Matthew Lane,65,7000,GB,3593 Joyce Pike,Wesleyfort,New Jersey,Indonesia
Robert Martin,59,4500,GB,34585 Jones Points,Griffinborough,Wyoming,Kiribati
Emily Werner,48,8500,GB,969 Taylor Court,North Williamfurt,Georgia,Nauru
Terry Allen,69,6500,GB,1603 Daniel Mill,Lamshire,Nevada,Mali
Mary Miller,46,3500,GB,78723 Morales Manors Suite 104,Chapmanport,Oregon,Belarus
Laura Olson,20,6500,GB,5794 Briggs Cliffs,West Timfort,New Hampshire,Suriname
Roy Schultz,42,8500,GB,22433 Kristen Hills,Thorntonport,New Hampshire,Ethiopia
Katrina Scott,52,1500,GB,298 Monique Valley,Laneside,Wyoming,Korea
Jennifer Hernandez,57,4500,GB,9432 Elizabeth Gateway Suite 615,West Alexandriaside,Nebraska,Antigua and Barbuda
Aaron Lee,28,10000,GB,69822 Lowery Isle Suite 435,New Elijahborough,Hawaii,Comoros
Ashley Williams,59,8500,GB,418 Felicia Knoll,Carrieberg,Alaska,Monaco
Bradley Jones,26,10000,GB,8009 Lori Drive,South Sarah,Ohio,Italy
Stacey Barrett,35,9000,GB,1591 Wu Circles,Port Lawrencebury,Alaska,Sudan
Amy Hernandez,29,1500,GB,678 Richard Rue,Lloydbury,Oklahoma,Vanuatu
Jamie Reilly,52,6000,GB,064 Allen Glens,South Michael,Tennessee,New Zealand
Kaylee Ford,29,4500,GB,06870 Kelly Land,Port Colleen,Delaware,Saint Kitts and Nevis
Jonathan Hines,59,1500,GB,13406 Ryan Cape Suite 794,Lake Madisonborough,South Dakota,South Georgia and the South Sandwich Islands
Karen Mills,30,3000,GB,9888 Cody Knoll,Williamfurt,New Hampshire,Congo
Claudia Thornton,36,3000,GB,916 Obrien Pines Apt. 967,Parkerfort,Massachusetts,Norway
Bob Mcclure,52,1000,GB,7691 Brian Meadow,North Thomasmouth,North Dakota,Zambia
Vincent Fernandez,67,3500,GB,751 Burgess Forks,New Amyfurt,Nebraska,Colombia
Richard Brown,46,4500,GB,5931 Lisa Rue,Walterburgh,Mississippi,San Marino
Maria Richards,71,1500,GB,319 Mario River,West Robertshire,Alaska,Kyrgyz Republic
Christopher Austin,31,4500,GB,85276 Ryan Shoals,Dwaynetown,Nebraska,Isle of Man
Nicole Turner,25,1500,GB,32620 Frederick Divide Apt. 385,Gardnerside,Montana,Burkina Faso
Elizabeth Hall,47,9500,GB,698 Hensley Lock,Hollowayview,Virginia,Mauritius
Veronica Harrington,49,3500,GB,22444 Cameron Cape,West Trevormouth,Hawaii,Portugal
Rachel Berry,36,9500,GB,902 Lewis Walks,Baxtertown,Delaware,Cyprus
Dakota Lopez,74,9000,GB,7733 Michael Shoal Apt. 157,Ramirezfurt,Alabama,Slovenia
Brenda Rubio,61,5500,GB,29425 Morris Glen,Port Christopher,Indiana,Saint Lucia
Christine Sims,56,2000,GB,51470 Jennifer Turnpike,Barrettchester,Arkansas,Korea
Sara Walters,54,2000,GB,3128 White Via Suite 572,North William,Nebraska,Malta
Mr. George Cox Jr.,24,9500,GB,80547 Donald Stream,Lake Jamesshire,New Mexico,Timor-Leste
Nancy Butler,70,3500,GB,360 Jeffrey Falls Apt. 430,Carolland,South Dakota,Equatorial Guinea
Michael Velez,80,7500,GB,432 Roberto Ways Suite 691,Port Mary,Tennessee,Tunisia
Richard Hinton,20,10000,GB,6101 Zachary Ramp,East Jason,Michigan,Gabon
Dana Davidson,77,10000,GB,88137 Smith Underpass,North Dennis,Wyoming,Czech Republic
Jacob Martinez,30,9000,GB,9637 Kayla Ford Apt. 793,West Marc,Minnesota,Netherlands
Michelle Vasquez,53,7500,GB,565 Michael Key Suite 985,Chelseaport,New Jersey,Yemen
Dana Davis,34,3500,GB,8537 Laura Ways Apt. 509,East Jeremy,Kansas,Guatemala
Jeffrey Russell,58,8000,GB,17564 Liu Causeway,Port Nicoletown,Kentucky,Egypt
Mark Stephens,63,6500,GB,6947 Thompson Bridge Apt. 074,Patriciaside,Illinois,Mali
Alyssa Morales,73,7500,GB,593 Tristan Walk,Damonchester,Kentucky,Svalbard & Jan Mayen Islands
Brandon Gallagher,72,7500,GB,7182 Smith Trafficway Apt. 681,Deannatown,Maine,Croatia
Jane Moreno,68,2000,GB,44325 Little Freeway Suite 447,Palmershire,Maryland,Antigua and Barbuda
Brian Ibarra,62,4000,GB,819 Shelton Corners,West Samuel,Oklahoma,Mauritania
Erin Clarke,73,6500,GB,0528 Alexandra Lights Apt. 755,South Danielview,New Jersey,Togo
Jonathon Jones,50,10000,GB,8505 Darryl Pines Suite 138,Franciscomouth,New Jersey,Saint Kitts and Nevis
Priscilla Martin,80,4500,GB,235 Sanchez Mountains,Lake Kevinside,North Dakota,China
Whitney Walker,63,2500,GB,730 Jennifer Place,New Noahmouth,Arizona,Papua New Guinea
Steven Ramirez,73,8500,GB,182 Mark Ridge,New Cherylville,Arizona,Mongolia
Lindsay Rodriguez,25,2000,GB,08742 Mason Trace Apt. 169,North Fred,Indiana,United Kingdom
Nicholas Miller,34,9500,GB,9955 Alan Fields Apt. 267,Curtisstad,New Hampshire,Comoros
Melissa George,26,7500,GB,0893 Marshall Glens,North John,Texas,Gambia
Marie Sutton,23,4500,GB,1256 Hansen Mills Suite 206,West Charles,Hawaii,Montenegro
Steven Robinson,50,1500,GB,4736 Smith Bridge,Murilloborough,West Virginia,Guyana
Vincent Carr,52,3000,GB,204 Krystal Rapid Suite 172,Duaneburgh,Texas,Malaysia
Ashley Robinson,61,4500,GB,41869 Donna Stravenue,Port Ericside,Pennsylvania,Myanmar
Angela Webb,33,1000,GB,823 Fields Tunnel Suite 421,Martinezshire,Arizona,Dominican Republic
Michael Harris,24,10000,GB,9790 Bauer Freeway,Nicholasshire,Missouri,Lao People's Democratic Republic
Denise Garza,18,7500,GB,75101 Gallagher Cove,Maryport,Oregon,Guatemala
Dr. Emily Rocha,27,6000,GB,24059 Mckay Ranch,Meyersborough,Maine,Germany
Thomas Moss,41,8000,GB,979 Dunn Expressway Apt. 766,Port Melissa,Oregon,Saudi Arabia
Raymond Smith,26,3500,GB,81264 Griffin Alley Apt. 436,New Cheryl,New Mexico,Reunion
Christine Park,39,10000,GB,809 Chase Trafficway,Alejandroshire,Minnesota,Somalia
Mary Ryan,66,10000,GB,6853 Carrie Spurs Suite 606,New Nathan,Oklahoma,Tuvalu
Sarah Gilbert,50,3000,GB,7647 Abigail Square Apt. 215,North Kevin,Montana,Italy
Donald Daniels,44,4500,GB,542 Shepard Center Suite 109,Victoriaport,Delaware,Luxembourg
Joseph Kelley,62,9500,GB,9012 Collin Shore,Kimborough,Minnesota,Mauritius
Caitlin Santiago,66,3000,GB,42285 Lopez Way Apt. 495,Palmerburgh,Washington,French Guiana
Stacey Frank,23,5000,GB,717 John Wells,West William,Indiana,Guadeloupe
Patrick Davis,61,9000,GB,99098 Elizabeth Roads,South Melissa,Maine,Panama
Donna Martin,66,2000,GB,639 Ward Expressway,Jonesbury,Connecticut,Uruguay
Deborah Cross,58,10000,GB,329 Mitchell Plains,East Christine,Idaho,Angola
Caitlin Garcia,21,2000,GB,7453 Spencer Shore Apt. 917,South James,Arizona,Zambia
Rodney Frost,21,4000,GB,179 Jason Vista,West Kelly,Hawaii,Luxembourg
Mary King,52,1500,GB,123 Jenna Unions Apt. 669,Leeton,New York,Saint Kitts and Nevis
Anna Wright MD,76,2500,GB,40932 Caitlyn Corners,Vazquezchester,Oklahoma,Colombia
Patricia Oliver,61,3500,GB,376 Orr Pike,Spencermouth,Tennessee,Azerbaijan
Jose Fuller,54,4500,GB,4719 Gonzalez Pass Suite 468,Port Taylorberg,Colorado,Lesotho
John Moran,41,2000,GB,35792 Scott Glens,Trevinomouth,New Mexico,Palau
Samantha Johnson,37,3500,GB,437 Gallegos Keys,Port Hollyborough,Alabama,India
Dr. Paul Bennett,54,6500,GB,137 Le Extension Suite 853,Joseton,Virginia,Philippines
Jennifer Leonard,71,8000,GB,9061 Robinson Underpass,Walkerview,Arizona,Papua New Guinea
Amanda Baker,26,2000,GB,9141 Jeremy Turnpike Apt. 166,Elliottland,Nebraska,Spain
Bryan Watson,44,3000,GB,1329 Brittany Landing Apt. 791,West Tonyfurt,Missouri,Uzbekistan
William Sanders,58,10000,GB,37921 James Crossroad,Jonesburgh,Maine,Namibia
Maria Gonzales,77,4500,GB,37457 Todd Roads Suite 397,Lowestad,West Virginia,Argentina
Tammy Vasquez,64,10000,GB,600 Garcia Glens,Bryanmouth,Kansas,Canada
Carrie Krause,61,9500,GB,3566 Daniel Via,Carpenterside,Nevada,Kuwait
Richard Fox,33,6000,GB,342 Amanda Pass Apt. 329,New Matthewborough,Arkansas,Spain
Randy Dean,45,3500,GB,15034 Sanders Point Apt. 422,Johnhaven,Idaho,Malawi
Thomas Reid,44,5000,GB,085 Turner Square,Ginachester,Louisiana,Canada
Nina Williams,47,4000,GB,5810 Martin Canyon Apt. 807,Younghaven,Oklahoma,Niger
Melissa Mcdonald,19,9500,GB,093 Michael Passage,Lake Dawnberg,Mississippi,Jamaica
Michael Mullins,77,10000,GB,560 Berg Isle Apt. 996,Port Marc,Illinois,Honduras
Amanda Mayer,32,7000,GB,256 Gabrielle Spring,Salazarmouth,New Hampshire,Dominican Republic
Denise Salas,69,5000,GB,441 Mccall Junction Apt. 350,New Denise,Maine,France
Gerald Peterson,18,7500,GB,6410 Eric Plains,New Rebekahberg,Massachusetts,Turkmenistan
Katherine Mendez,20,10000,GB,405 Cisneros Route Apt. 713,North Brenda,Maryland,Malaysia
Sherry Hess,73,3500,GB,752 Rodriguez Courts Suite 796,Port Davidport,South Dakota,Iraq
Dr. Michael Anderson,70,7000,GB,314 Nelson Gateway Apt. 946,Cameronside,Minnesota,Yemen
Benjamin Gallagher,47,5000,GB,990 Wilson Islands Suite 305,Margaretfurt,Washington,Cote d'Ivoire
Julie Russell,57,5500,GB,32106 Karen Gardens,New Kristen,California,Malawi
Mrs. Dawn Bell MD,63,7000,GB,3650 Frank Gateway,Port Kylechester,Texas,Senegal
Nicholas Adams,38,3000,GB,013 Tracy Stream,East Stephaniechester,Kentucky,Swaziland
John Franco,59,4000,GB,40762 Brown Loaf Apt. 227,Donovanton,Maryland,United States Virgin Islands
Amber Anderson,46,4000,GB,3042 Diaz Vista Apt. 470,Elizabethland,Texas,Oman
Brenda Schaefer,47,1500,GB,99318 Lori Ranch,West Tylerland,Rhode Island,Israel
Natalie White,36,10000,GB,608 Rodriguez Springs,West Brandonton,Wisconsin,Armenia
Steven Rhodes,53,2000,GB,65713 Lang Crossroad Apt. 174,Robertview,Delaware,Tuvalu
Jonathan Sullivan,36,2000,GB,670 Lee Plains Suite 255,Brittneyshire,Missouri,Romania
Kim Norman,42,3000,GB,640 Brown Ville Apt. 467,Margaretview,Michigan,Germany
Stephanie Rhodes,57,1500,GB,6032 Gray Ridges,Mooremouth,South Dakota,Thailand
Rebecca Davis,79,8500,GB,25541 Ray Flat,Danielland,Vermont,American Samoa
Valerie Gonzales,67,3000,GB,414 Angelica Island Apt. 046,South Laura,Wisconsin,Congo
Joseph Galloway,77,6500,GB,446 Olivia Locks Suite 093,Jeremymouth,Pennsylvania,Sweden
John Johnson,45,4500,GB,0648 Smith Vista,East Kimberlyburgh,Florida,Tajikistan
Max Wheeler,39,3500,GB,07007 Tara Rapids,Clementsshire,Missouri,Grenada
Jessica Atkins,79,4000,GB,411 Gonzalez Corner,Lake Robyn,Delaware,Iceland
Dana Allen,53,2500,GB,364 Donna Street Apt. 987,Boltonberg,North Carolina,Swaziland
Kimberly Frost,59,7000,GB,34838 Lowery Bypass Suite 585,Shawnfurt,Illinois,Yemen
Kristi Williams,25,2500,GB,11984 Atkins Motorway,Port Jamie,Nevada,Argentina
Cynthia Jones,50,7000,GB,070 Donna Mews Suite 298,North Jenniferland,Arkansas,South Africa
Matthew Thomas,23,3500,GB,11852 Abigail Mountain,North Kaylaton,Pennsylvania,Cameroon
Susan Le,80,8000,GB,351 Barbara Village Suite 393,Mariahport,Minnesota,Cyprus
Taylor Martinez,48,4000,GB,72636 Willie Hills Suite 171,Morrisberg,Iowa,Central African Republic
Douglas Price,30,9500,GB,535 Rogers Plaza,Jenkinsstad,Mississippi,Uganda
Maxwell Baker,56,7000,GB,41643 Dyer Rue,Daughertyborough,Georgia,Honduras
Chelsea Daniel,35,5000,GB,5715 Jackson Islands,West Michele,Illinois,Dominica
Michael Peterson,32,9500,GB,41642 Amanda Forest Apt. 748,Jasontown,West Virginia,Guyana
Christine Jones,79,7500,GB,4963 Matthew Center,Pamelabury,Wyoming,Pakistan
Karen Moss,44,8500,GB,8603 Munoz Fork,Sarahstad,Alaska,Dominica
Gary Mcguire,59,8000,GB,426 Sandra Glens Apt. 704,Brendatown,Kansas,Lebanon
Steven Riley,76,3000,GB,463 Robbins Mount,Connorport,Missouri,Tonga
Scott Gardner,69,9500,GB,8972 Sharon Courts Suite 123,Catherineton,Indiana,Saint Pierre and Miquelon
Terry Rios,48,4500,GB,052 Stacy Trafficway,North Matthew,New Mexico,Brazil
Nathaniel Walker,53,1500,GB,835 Kennedy Meadow Suite 508,West Derekshire,Connecticut,France
Jacob Jones,68,9000,GB,6484 Jon Pass,Ericamouth,Delaware,Germany
William Woods,22,2000,GB,4652 Justin Mills Apt. 380,Barneschester,Kentucky,Falkland Islands (Malvinas)
Kevin Ellis,50,4500,GB,01823 Lisa Gardens,Weissport,Wyoming,Burkina Faso
Dustin Black,25,3000,GB,59178 Anderson Springs,South William,Connecticut,Luxembourg
Dustin Patel,40,8000,GB,796 Maria Via,East Julia,Oregon,Rwanda
Erica Freeman,40,7500,GB,6001 Valentine Glens,Lake Jeremiah,Kansas,Bahrain
Brian Riley,67,1500,GB,388 Ryan Walk,Anthonyton,Vermont,Lithuania
Michael Armstrong,61,1500,GB,1657 Mark Parkways,Victoriaville,Virginia,Ghana
Donna Cohen,19,9500,GB,2968 Johnson Streets Suite 487,Romanmouth,Nevada,Israel
Mrs. Joyce Bowman,63,2500,GB,9157 Gregory Ford Suite 859,South Mary,Nevada,Slovakia (Slovak Republic)
Corey Wright,37,5500,GB,374 Kathleen Meadow Apt. 486,Danielfurt,Texas,Tuvalu
Amber Powell,74,7000,GB,6013 Latoya Turnpike Apt. 519,Patrickport,Vermont,Christmas Island
Stephanie Larson,27,6500,GB,2958 Krystal Walks Apt. 476,Port Joshua,Vermont,Bahamas
Ms. Amy Schwartz,76,10000,GB,15280 Anderson Plains,New Dominic,Louisiana,Lao People's Democratic Republic
Cole Ballard Jr.,79,2000,GB,6555 Green Street Suite 484,Whitetown,Montana,Guatemala
Nicholas Bell,78,7000,GB,8846 Smith Row,Gregoryberg,Mississippi,Guadeloupe
Robert Ryan,45,8500,GB,429 Heather Loop Apt. 329,West William,Indiana,Faroe Islands
Gregory Cooper,58,3000,GB,76153 Anderson Brook,Port Tinaville,Arkansas,Madagascar
Todd Frye,19,7500,GB,89488 Bell Island,Lopezmouth,West Virginia,Equatorial Guinea
Elizabeth Mora,50,8000,GB,6707 Baker Burgs,Heatherton,Montana,Argentina
Samuel Shaw,23,3500,GB,36577 Williams Path,Fitzgeraldmouth,Washington,Mozambique
Jennifer Bullock,52,8500,GB,565 Edwin Valley Apt. 545,Port Melody,Tennessee,Gibraltar
Jesus Townsend,68,5000,GB,16268 Brock Ramp Apt. 449,Washingtonburgh,Iowa,Kuwait
Sandra Davis,71,3500,GB,14251 Brewer Expressway Suite 583,Erikmouth,Utah,Tonga
Jessica Knight,38,5000,GB,803 Payne Freeway Apt. 486,South Kathystad,Iowa,Wallis and Futuna
Hannah West,23,10000,GB,924 Jacob Pines,New William,Maine,Korea
Melissa Smith,59,5000,GB,85294 Justin Forks Apt. 243,Schwartzland,West Virginia,Ghana
Julie Watson,50,3500,GB,056 Mcintyre Parkways,West April,West Virginia,Kyrgyz Republic
Adam Banks,50,8500,GB,9123 Andrews Throughway Apt. 679,Lake Matthewbury,Wyoming,Lao People's Democratic Republic
April Cochran,80,3000,GB,3725 Amber Point,East Jasonshire,Pennsylvania,Switzerland
David Smith,22,7500,GB,446 Tyler Camp,Whitneyton,Rhode Island,Tonga
Elizabeth Drake,66,1500,GB,2197 Donna Lakes Suite 231,Rodneymouth,California,Mali
Renee Smith,37,5000,GB,793 John Square,West Cathy,Arkansas,San Marino
Theresa Davis,19,6500,GB,8212 Katie Crest,Laraburgh,Ohio,Heard Island and McDonald Islands
Nancy Cruz,20,5500,GB,91474 Eric Locks,Brendashire,Minnesota,Ethiopia
William Lopez,74,6000,GB,7268 Sanchez Fork,Sanderstown,Michigan,Montserrat
Katherine Smith,56,5500,GB,07253 Jones Plaza,Bellview,Utah,Gabon
George Johnson,46,2500,GB,41459 Scott Glen,Hollandhaven,Tennessee,Guinea
Jane Bryant,23,9500,GB,438 Price River,Rickfort,Connecticut,Togo
Luke Rodriguez,72,6000,GB,535 Kelley Park Apt. 393,South Bradley,South Carolina,Solomon Islands
Kimberly Miller,37,2000,GB,4118 Moore Island Suite 077,Bernardside,New Hampshire,Trinidad and Tobago
Pamela Russell,51,3000,GB,421 Jerome Freeway,Port Ethanshire,Kansas,Oman
Sherry Lee,59,2500,GB,47468 Trujillo Roads Suite 457,East Emily,South Carolina,Namibia
Alicia Williams,59,8000,GB,22144 Tara Drives Suite 008,Dominiqueside,Kentucky,Kuwait
Karen Peterson,44,4500,GB,33934 Irwin Motorway Suite 082,East Rachelview,Idaho,Papua New Guinea
Jordan Young,18,10000,GB,90460 Jessica Gateway,Smithland,Massachusetts,Rwanda
Barbara Diaz,62,3000,GB,60622 Emily Circle,East Derrick,Maryland,Cote d'Ivoire
Matthew Davis,57,5500,GB,69911 Turner Shoals,West Cindy,New Mexico,Swaziland
Jocelyn Richardson,74,6500,GB,5604 Smith Common,Katiebury,New York,Cambodia
Brittany Decker,64,1000,GB,0597 Lyons Pines Suite 144,Brittanyton,Massachusetts,France
James Green,52,2000,GB,97032 Daniel Extension Apt. 482,East Brianside,Maine,Pitcairn Islands
Erica Collins,28,5500,GB,154 Jones Turnpike,Johnsonburgh,Tennessee,Iran
Brendan Carroll,71,3500,GB,2485 Anthony Mountain Suite 898,Jacquelinetown,Texas,Tunisia
Michael Torres,26,4000,GB,5066 William Ranch,Clarkeberg,Colorado,Jersey
James Moore,55,5500,GB,10197 Butler Ford Suite 199,Aaronport,Hawaii,Spain
Lisa Taylor,64,7000,GB,935 Aguirre Spurs,Marthatown,Indiana,Cameroon
Natalie Smith,28,1000,GB,257 Kevin Overpass Suite 925,Aliciastad,Rhode Island,French Southern Territories
Amanda Adams,28,7000,GB,687 Wilson Course,West Aaron,New Jersey,Kazakhstan
Scott Rivera,62,7000,GB,7017 Hayes Trail Suite 013,Port Juan,Rhode Island,Montenegro
Rhonda Brown,25,5000,GB,21562 Horton Lane Suite 562,North Victoria,Kansas,Hong Kong
Christopher Jensen,56,3500,GB,5076 Graham Pine,West Jennifer,California,Liberia
Gloria Mason,20,2500,GB,982 James Road,Ginaberg,Wyoming,Kyrgyz Republic
Jessica Oconnor MD,20,7500,GB,478 Moore Gardens Apt. 589,Wilsonmouth,California,Marshall Islands
John Mccarthy,36,2000,GB,815 Brown Summit Apt. 628,Lake Christina,Minnesota,Fiji
Paul Moore,76,8500,GB,856 Sarah Via Apt. 840,Port Lesliechester,New Mexico,Venezuela
Jason Martin,54,8500,GB,537 Jeffery Station,Lake Corey,Nebraska,Belgium
Troy Cook,27,6500,GB,921 Lori Lodge,Loganmouth,Oklahoma,Iran
Judy Garrett,72,8000,GB,7786 Norman Parks,North Katrina,Ohio,United States of America
Amanda Hernandez,52,8500,GB,42871 Dana Greens Suite 915,Port Michaelside,Indiana,Nepal
Michael Coffey,44,6000,GB,3307 Sharon Trail Apt. 504,North Jamesstad,Kentucky,Maldives
Jennifer Flores,80,1000,GB,785 Gutierrez Extension,Sharonport,Louisiana,Northern Mariana Islands
Ian Stone,45,4000,GB,1005 George Divide Apt. 531,North Erikashire,Wyoming,United States Virgin Islands
Sydney Flores,41,4500,GB,7628 Sarah Brook Apt. 769,Devinhaven,New York,Nauru
Raven Golden,23,5500,GB,099 Donna Mountain Apt. 997,Jenniferview,Oklahoma,Bangladesh
Karen Brown,62,2000,GB,9508 Shelby Via Suite 162,Callahanmouth,Florida,Oman
Nancy Patterson,41,8000,GB,312 Hannah Extensions Suite 266,West Kim,Virginia,Chad
Omar Conner,22,9500,GB,040 Mcdonald Mountain Suite 675,South Laurie,New Hampshire,Jordan
Alan Hernandez,47,9000,GB,40031 Heather Shoals Apt. 136,Anthonyberg,Nevada,Algeria
Darryl Watkins,73,5500,GB,4171 King Heights Apt. 338,West Aaronville,Missouri,San Marino
Shelby Brown,31,3000,GB,92854 Thomas Lodge,East Peter,Montana,Ethiopia
James Parker,74,10000,GB,09324 Hodges Pines,Lake Kathleen,Mississippi,Brunei Darussalam
Jared Ryan,32,1000,GB,07303 Morris Dam Suite 742,East Ambertown,South Carolina,Holy See (Vatican City State)
Allen White,20,6500,GB,9609 Martinez Road,New Samuelville,Wyoming,Gibraltar
Victoria Sweeney,61,3000,GB,714 Berry Squares,Flynnview,Massachusetts,Isle of Man
Sarah Evans,79,4500,GB,4105 Peter Loop,Kellyton,New Mexico,Guyana
Dana Melton,34,6000,GB,4712 Myers Village,Deborahton,Virginia,Netherlands Antilles
Donna Brown,54,7500,GB,512 Andrew Brooks,Biancamouth,New Mexico,Sri Lanka
Carrie Rice,37,10000,GB,918 Graham Forge Apt. 781,Stevenland,Montana,Liberia
Gregory Carney,25,4000,GB,4453 Woodard Mount Suite 241,North Dana,Massachusetts,Solomon Islands
Jay Chapman Jr.,59,1000,GB,6877 Christina Summit,Autumnport,Georgia,French Southern Territories
Sarah Martin,79,2000,GB,202 Gardner Street Apt. 571,Josephview,Colorado,New Caledonia
Dennis Byrd,80,4500,GB,239 Ryan Shore,Port Kimberlyview,Florida,Kuwait
Matthew Liu,67,2000,GB,31327 Tamara Way Suite 794,East Elizabethville,New Mexico,Togo
Troy Walker,58,7000,GB,64333 Jones Mountain Suite 742,Michaelborough,Pennsylvania,Iceland
Justin Perkins,49,10000,GB,45131 Raymond Mountains Suite 024,West Alfredstad,South Carolina,Indonesia
Philip Lamb,58,8000,GB,26710 Hayes Port,Chadfort,Louisiana,Bouvet Island (Bouvetoya)
Victoria Hall,67,1000,GB,63364 Christopher Crescent Suite 392,Carlastad,Oklahoma,Taiwan
Nicholas Ramsey,19,5000,GB,4680 Johnson Road Apt. 948,Parkerfurt,Florida,Guinea-Bissau
Danielle Owens,21,2000,GB,85971 Randolph Trail Suite 201,North Andrewhaven,Oregon,Micronesia
Cynthia Jones,59,3500,GB,790 Timothy Ridge,Bassfort,Arizona,Romania
Timothy Santos,24,7000,GB,8600 Nicholas Roads Apt. 249,New Kathleentown,Kansas,Poland
Katrina Sharp,64,4500,GB,971 Pamela Streets,West Justinville,Washington,Bermuda
Stephanie Jones,77,2000,GB,685 Michelle Vista,Meganland,Florida,Montenegro
Shari Williams,75,9000,GB,558 Megan Points,Baldwinstad,Florida,Spain
William Patterson,72,8500,GB,027 Barbara Views,Greenhaven,South Carolina,Qatar
Gregory Jones,39,5500,GB,97120 Bullock Lodge Suite 965,Lake Robertbury,New York,Comoros
Stephanie Grant,34,4500,GB,00974 Cox Tunnel Apt. 599,Lake Tylermouth,Oklahoma,Wallis and Futuna
Angela Marshall,29,1500,GB,92797 Patrick Junction,Gonzalezbury,Washington,Romania
Debra Elliott,59,3500,GB,4233 Derek Mill Suite 041,New Luisstad,Massachusetts,Portugal
Jennifer Hill,58,4500,GB,100 Brenda Drive Suite 771,Port Laura,North Dakota,Northern Mariana Islands
Lydia Franklin,71,7000,GB,4843 Luke Rapids,Villegasville,Illinois,Montserrat
Lisa Coleman,45,3500,GB,2982 Kari Brook,Davidmouth,Montana,Lebanon
Brenda Leonard,30,1500,GB,9817 David Circle,Simsport,Mississippi,Cote d'Ivoire
Christine Davis,76,7500,GB,471 Edwards River,West Victorville,Vermont,Guinea
Erika Kim,63,1000,GB,353 Riley Islands,Port Kelly,Ohio,Switzerland
Kathryn Summers,74,8500,GB,39204 Paul Key Apt. 107,Campostown,Rhode Island,Bahrain
Tara Evans,54,7500,GB,08104 Conway Way Suite 006,South Robin,Alaska,South Africa
Brian Sanchez Jr.,20,3500,GB,29596 Shaun Loaf Suite 139,North Jonathanberg,Arizona,Myanmar
Mary Long,44,3500,GB,639 Perez Spring,Angelaview,Tennessee,Slovenia
Kimberly Brady,62,6000,GB,830 White Harbors,Rodriguezton,Maryland,Norway
Albert Yang,48,2500,GB,2875 Kathleen Islands Apt. 154,Mindytown,Nebraska,Vanuatu
Michael Carter,56,8000,GB,27624 Larry Lakes,Stoneside,Kentucky,Namibia
Cindy West,26,6500,GB,6199 Theodore Ferry Suite 738,Hayesmouth,Georgia,Guernsey
Angela Clark,40,3500,GB,869 Holloway Islands,Port Christineton,New Mexico,Central African Republic
Heather Blair,66,8500,GB,61919 Ramirez Forks Apt. 998,Sarahport,Utah,Panama
Barbara Perry,54,4000,GB,71002 Jonathan Radial,South Deborah,Oregon,Mozambique
Kathleen Hunt,54,1500,GB,012 Woods Point,Pamelabury,California,Ecuador
Eric Jones,25,3000,GB,931 Anna Ford,New Alyssa,Rhode Island,Egypt
Amanda Perry,73,6000,GB,20503 Robert Fords Apt. 313,West Anthonyport,Missouri,Svalbard & Jan Mayen Islands
Robert Wagner,61,5000,GB,020 Jackson Squares,Lucasshire,Idaho,Kazakhstan
Joseph Allen,76,2000,GB,0056 Maurice Ford Suite 674,East Jason,Georgia,South Africa
Leslie Savage,24,8000,GB,86894 Trevor Ramp Suite 507,Tinamouth,Minnesota,Rwanda
Michael Miller,78,2500,GB,098 Tammy Inlet,West Hollyville,Connecticut,British Virgin Islands
Mariah Shelton,79,4000,GB,1330 Sloan Ports Apt. 718,West Susanside,Wyoming,Cape Verde
Vicki Sexton,59,3500,GB,0958 Marcus Loaf Apt. 053,Port Jeffreyton,New Jersey,Libyan Arab Jamahiriya
Matthew Guerrero,66,2500,GB,999 Samuel Tunnel Suite 810,Dariusville,Wyoming,Timor-Leste
Felicia Ellis,49,5000,GB,10291 Megan Neck Apt. 395,Rebeccashire,Virginia,Estonia
David Lee,33,7000,GB,82039 Martinez Unions Apt. 117,North Kristymouth,Michigan,El Salvador
Tasha Barron,26,4000,GB,672 Wright Viaduct,New Kenneth,Louisiana,Falkland Islands (Malvinas)
Darren Carroll,27,7000,GB,504 Gail Roads,Walshside,South Dakota,Guyana
Misty Phillips,80,9000,GB,7189 Daniel Pines,Port Pedroview,Oregon,Venezuela
Michael Gibson,34,8000,GB,0141 Jackson Shoal,East Megan,Alabama,Angola
Dennis Silva,45,6000,GB,15683 Elizabeth Throughway Apt. 017,Lake Jeffrey,Wisconsin,Honduras
Amber Johnson,42,9000,GB,190 Chavez River Apt. 962,Petersonside,Hawaii,Christmas Island
James Smith,80,3500,GB,69155 Butler Freeway Apt. 194,North Caseyton,New York,Heard Island and McDonald Islands
Brian Moran,43,6000,GB,20180 Mills Pass,West Michael,Vermont,Finland
Rachel Gutierrez,18,6000,GB,750 Rebecca Lights Apt. 229,West Kristinberg,Florida,Syrian Arab Republic
Jesse Callahan,40,2500,GB,26111 Laura Valleys Suite 315,Reynoldsmouth,Delaware,Mali
Manuel Reed,49,10000,GB,3825 Roberts Forest,New Karenfurt,Rhode Island,Christmas Island
Gail Nolan,26,3000,GB,67203 Richards Burg,South Donaldland,Maryland,Hong Kong
Brandi Dominguez,52,4000,GB,53086 Mcintosh River,South Melissa,Illinois,Malta
Ashley Martin,63,4500,GB,04081 Tina Gateway Apt. 754,Palmerburgh,Massachusetts,Ukraine
Jerry Garcia,54,9000,GB,98347 Gabrielle Hollow Apt. 779,East Justinstad,Arkansas,Oman
Erika Jones,37,6500,GB,63252 Mark Mission,Joyceberg,Alaska,Romania
Danielle Whitney,76,8000,GB,49734 Susan Junctions,Owenshaven,Mississippi,Afghanistan
Mike Boyer,34,3000,GB,107 Barrera Burg Apt. 869,Port Courtneyville,Montana,Fiji
Jennifer Shelton,50,1500,GB,6004 James Springs Apt. 221,West Anashire,Nebraska,United Arab Emirates
Patricia Daniels,72,1000,GB,800 Jackson Crest,Coreyhaven,Idaho,Monaco
Connie Hunter,66,1500,GB,394 Taylor Inlet Suite 086,Blackton,New Mexico,Cape Verde
Kendra Bates,66,5000,GB,87284 Baker Keys Apt. 929,Burgessbury,Kansas,Gambia
Dorothy Pace,20,7000,GB,020 Park Rue,Dominguezville,Arizona,Tanzania
Sara Kent,55,8000,GB,6128 James Fork Apt. 793,Port Sheila,Maine,Romania
Makayla Ramirez,19,2000,GB,323 Savage Hollow,New Kyle,Nevada,Benin
Geoffrey Jenkins,54,8500,GB,4330 Brandon Ranch,Phillipfort,Washington,New Caledonia
Megan Mckay,63,2500,GB,1735 Mary Locks Apt. 420,Susanfurt,Idaho,Bouvet Island (Bouvetoya)
Victoria Haney,64,9000,GB,03204 Meyers Falls Apt. 266,Smithmouth,Nevada,Singapore
Cindy David,46,1500,GB,9565 Howell Center Suite 496,Staciestad,Nebraska,Guinea
Dennis Simpson,24,1000,GB,59928 Wilkinson Fords Apt. 334,South Kelly,Minnesota,Guinea
Samantha Clark,39,6500,GB,95151 Alexis Lock,South Carolineborough,Oklahoma,India
Gregory Foster,74,4500,GB,3467 Edwin Isle,South Emily,Indiana,El Salvador
Steven Sherman,47,10000,GB,1028 Dunn Estate,Oliverton,Colorado,Jamaica
Johnny Miller,69,6000,GB,07167 Chapman Views Apt. 361,East Nathanfurt,Ohio,Netherlands Antilles
Malik Welch,23,6500,GB,05042 Graham Islands Suite 907,Williamsborough,Arkansas,Lithuania
Regina Sims,24,8000,GB,781 Jackson Land Apt. 190,Traviston,Alaska,Indonesia
Caroline Owens,43,5500,GB,760 Hayes Square Suite 196,New Elizabethburgh,Washington,Angola
Ashlee Jackson,43,5500,GB,53527 Evans Radial Apt. 473,Kevinburgh,Utah,Rwanda
Mr. Brent Young MD,75,4500,GB,67408 Cheryl Valley,Christopherland,New Mexico,Solomon Islands
Tabitha Walker,45,1000,GB,972 Pearson Mountains Apt. 905,Jamesburgh,Indiana,Gambia
Justin Ramirez,67,2500,GB,17808 Wong Valley,East Julieshire,Florida,Sao Tome and Principe
Kenneth Douglas,28,6500,GB,198 Leach Coves Apt. 230,Clarkside,Rhode Island,Botswana
Eric Wade,23,5000,GB,321 Joseph Street Suite 771,Lisatown,Wyoming,Mozambique
Craig Taylor,64,5000,GB,1120 Edwards Gateway Suite 909,New Andrew,West Virginia,Ireland
Johnathan Carey,41,2500,GB,6063 Collins Throughway Suite 723,South Amy,Illinois,Barbados
Candice Carpenter,46,1500,GB,18162 Strickland Ramp Suite 146,East Angelaburgh,Utah,Sao Tome and Principe
Steven Graham,67,5500,GB,8542 Moore Street,Danielville,Virginia,Western Sahara
Anita Frank,36,2000,GB,6709 White Point Apt. 363,Kellychester,Kansas,Bulgaria
Mr. Timothy Hansen,36,5500,GB,30490 Clark Hill Suite 938,Biancaville,Hawaii,Timor-Leste
Lauren Villa,29,5500,GB,321 Harper Throughway Apt. 615,Stokeshaven,Colorado,Maldives
Meghan Burke,60,2500,GB,3138 Stephanie Stravenue,East Candiceshire,Virginia,Morocco
Clinton Grimes,57,9500,GB,156 Brittany Ways,Rebeccamouth,Oregon,Georgia
Dawn White,25,5500,GB,4446 Parks Cape,West Kevinville,Florida,Palau
Patricia Haas,24,5000,GB,80601 Michelle Ville Suite 373,Port Eddie,Virginia,Uruguay
Brian Fuentes,31,9000,GB,771 Nancy Neck Suite 246,Sweeneyville,Nebraska,Cameroon
Diane Jones,18,4500,GB,2878 Anderson Keys Suite 120,Port Darinton,Texas,Kazakhstan
Rodney Davidson,57,5000,GB,4306 Sheppard Corner,Nicholasburgh,Texas,Samoa
Megan Joseph,74,5500,GB,09406 Nathaniel Forks,Lake Timothy,Maine,Libyan Arab Jamahiriya
Emily Freeman,53,3000,GB,32443 Amanda Extension,Port Justin,Michigan,Saint Lucia
Mark Hawkins,39,7500,GB,416 Bryan Highway,South Chelsea,Maryland,Bulgaria
Heidi Gould,30,8500,GB,8109 Casey Islands,Jennifertown,Texas,Trinidad and Tobago
Julia Gonzalez,72,2500,GB,22828 Melissa Track,Jonesmouth,Missouri,Sri Lanka
Mrs. Monique Ryan,22,2000,GB,8486 Goodwin Manor Suite 632,Francoburgh,West Virginia,Romania
Kimberly Jackson DVM,62,4500,GB,861 Yolanda Mountains,East Jennifer,Rhode Island,Comoros
Margaret Weeks,70,6500,GB,604 Elaine Station Suite 335,Navarromouth,Kansas,Syrian Arab Republic
Kathleen Perez,62,5000,GB,12626 Watkins Well,Lake Megan,Louisiana,El Salvador
Yvonne Flowers,51,9000,GB,670 Kelsey Knoll Apt. 712,Pollardfurt,South Dakota,Norfolk Island
Donald Hancock,51,6000,GB,4616 Tucker Islands,Allisonport,Alaska,Bermuda
Michele Johnson,62,8000,GB,02384 Wallace Points,East Shelly,Arkansas,United States Minor Outlying Islands
Derrick Choi,76,4500,GB,53634 Burns Junction,Susanstad,Oklahoma,Canada
Tiffany Powell,64,1500,GB,5549 Wallace Drives,Snyderville,California,Saudi Arabia
Stephen Fields,54,8500,GB,9154 Clark Prairie Apt. 283,Sarahstad,New Jersey,Taiwan
Andrew Peck,65,5000,GB,417 Mosley Trail,South Samuelhaven,Florida,Kiribati
Craig Clark,43,3500,GB,871 Julie Highway Suite 542,West Kristen,Alabama,Portugal
Cheryl Martinez,18,3000,GB,89031 Crystal Drives Suite 865,Lake Gregory,Kansas,Turkey
Kurt Thompson,58,7500,GB,620 Victor Groves Suite 687,Port Blakemouth,Ohio,Croatia
Jesse Estrada,33,5500,GB,4151 Graves Coves,Heathermouth,Alabama,Sri Lanka
Ashley Garcia,51,7000,GB,16995 Jackson Forks Apt. 198,North Tiffanychester,West Virginia,Namibia
Patricia Rodriguez,78,7000,GB,18619 Perkins Villages,Jonesside,Hawaii,Ethiopia
Jesse Jones,18,8500,GB,94590 Amanda Drives,Port Markmouth,Mississippi,Lebanon
Stephen Banks,79,4500,GB,7371 Mora Haven,Smithshire,Vermont,Finland
Rebecca Tran,57,9500,GB,286 Ray Trail Apt. 382,West Kennethfurt,Hawaii,El Salvador
Lisa Vasquez,68,7500,GB,107 Krystal Branch,Nancyburgh,Nebraska,Turks and Caicos Islands
Jason Yu,52,9000,GB,08244 Lauren Brook,Ortizport,Maine,Bosnia and Herzegovina
Anthony Robertson,63,6500,GB,450 Brittney Common,Port Mark,New Mexico,Bahrain
Robert Robinson PhD,74,9500,GB,750 Smith Stravenue,East Paulachester,Maine,Cuba
Desiree Robertson,26,8000,GB,64695 Williams Ramp,Hansenmouth,South Dakota,Uzbekistan
Allison Jarvis,48,9000,GB,995 Williams Groves Apt. 342,Lake David,Alaska,Yemen
Nathan Cordova,20,10000,GB,8081 James Lodge Apt. 137,Griffinbury,Alaska,Hong Kong
Daniel Duke,32,2500,GB,261 Adkins Shoal,Lake Nathanshire,Alaska,Myanmar
Jessica Floyd,66,1000,GB,13306 Martin Unions Suite 359,Lake Meghantown,California,Mongolia
Sydney Savage,48,1000,GB,58954 Karen Drive Apt. 174,New Sharonhaven,Arizona,Trinidad and Tobago
Michael Taylor,48,3500,GB,977 Andrew Rue Apt. 255,North Pamelatown,Louisiana,Rwanda
Emily Gill,80,4000,GB,3509 Christopher Views,Robertbury,Kentucky,Timor-Leste
Harry Mccall,73,9000,GB,13722 Woodward Street Suite 326,Lake Danielleborough,Utah,Uzbekistan
Catherine Shepherd,72,1500,GB,70140 Sydney Ford Apt. 346,Danielbury,Michigan,Mexico
Laura Myers,50,9500,GB,98322 Thomas Manors,Port Robert,Kansas,Korea
Kaylee Johnson,69,7500,GB,57394 James Walk Suite 437,North Kayla,Washington,Kazakhstan
Brian Perry,48,4500,GB,270 Cynthia Lodge,Williamsfort,Texas,Liechtenstein
Connor Lynch,19,8500,GB,90625 Olson Valleys,Brandiville,Pennsylvania,Ghana
Nicholas Howard,27,4500,GB,18434 Katherine Mission Apt. 297,Maryburgh,Illinois,Cambodia
Amy Bennett,75,4500,GB,0039 Lisa Valley,North Joseland,Maine,Ukraine
Jerry Moore,44,1500,GB,25093 Cruz Pines Suite 104,Suarezshire,Nebraska,India
Dr. Amanda Johnson MD,24,3000,GB,5682 Johnson Centers,Murilloburgh,North Dakota,Romania
Anthony Patterson,38,8000,GB,98865 Veronica Skyway,North Brian,Iowa,British Indian Ocean Territory (Chagos Archipelago)
Joshua Allen,19,5500,GB,75070 Miller Ville Apt. 577,Elizabethland,Kentucky,Uganda
Robert Diaz,20,2500,GB,8275 Sara Islands Apt. 352,Michelemouth,Washington,Azerbaijan
Jesse Martin,63,9500,GB,3305 Russell Green Apt. 964,Georgefort,Montana,Angola
Rebecca Ball,68,4500,GB,774 Kirk Alley Apt. 260,Shannonmouth,Wisconsin,Russian Federation
Tracy Barker,19,5000,GB,64851 Natalie Corners,Haileymouth,Florida,Macedonia
Timothy Torres,18,8500,GB,3991 Evan Pine Apt. 944,Brentport,Texas,Bolivia
Makayla Perry,29,3000,GB,3820 Arnold Station Apt. 208,Zacharyview,Delaware,Burkina Faso
Laura Hernandez,64,1000,GB,80719 Dougherty Motorway,East Jamesland,Texas,Tuvalu
Robin Chapman,72,2000,GB,511 Hanna Vista Apt. 558,New Heather,Minnesota,Australia
Nicholas Williams,74,1000,GB,21290 Mary Track Suite 146,Johnstonfort,Tennessee,Western Sahara
Kimberly Armstrong,49,1000,GB,9134 Schultz Drive Apt. 662,Dominguezton,Pennsylvania,Swaziland
Steven Stevenson III,64,2500,GB,81900 Lisa Ports Suite 300,East Michael,Iowa,Vietnam
Kenneth Miller,30,5500,GB,868 Li Passage Suite 520,Bradshawmouth,Texas,Nauru
Emily Kirby,51,6000,GB,011 Cory Ridge,Lake Andrewville,Oklahoma,Dominica
Shane Barnett,37,2000,GB,537 Shawn Plaza Suite 883,Fernandezside,Montana,Kiribati
Lynn Bailey,49,1500,GB,451 Sarah Field,Christinemouth,Arkansas,Argentina
Christopher Brown,77,7000,GB,39251 Randy Track Apt. 021,Jessicatown,Colorado,Cameroon
William James,31,5500,GB,4005 Lewis Pass Apt. 211,Port John,Louisiana,Antigua and Barbuda
Brian Miranda,53,7500,GB,5375 Sanchez Avenue,Lake Joshua,Vermont,Cocos (Keeling) Islands
Hannah Carpenter,21,7000,GB,03639 Rivers Plaza Suite 829,South Jontown,Oklahoma,Puerto Rico
Kurt Rivera,18,7500,GB,83018 Taylor Estate,Jeanchester,Wisconsin,Cook Islands
Jordan Hicks,56,4500,GB,20975 Morgan Mill Suite 610,Cruzstad,Vermont,Mongolia
Connie Duran,37,2500,GB,4980 Larson Way Suite 990,North Lindaland,Kentucky,Ecuador
Keith Jones,77,7500,GB,442 Derek Crescent Apt. 717,Freemanmouth,South Dakota,Greece
Gabriel Smith,18,8500,GB,019 Charlotte Squares,Andreahaven,Maine,Guam
Tracy Lopez,42,7500,GB,2540 Davis Meadows Apt. 714,Yolandafurt,Kentucky,New Zealand
Veronica Cooper,68,1000,GB,2542 Haynes Manor,East Mary,Georgia,Luxembourg
Micheal Mccullough,24,5000,GB,5553 Potter Burgs,North Christopherborough,Ohio,Heard Island and McDonald Islands
Shannon Stafford,19,3500,GB,89641 Cruz Ports Apt. 800,Port Alexa,Arizona,Micronesia
Adam Adkins,57,4000,GB,269 Paul Vista,New Jenniferfort,Pennsylvania,Monaco
Krista Williams,78,5000,GB,243 Martinez Landing,Bonniefort,Arkansas,Korea
Amanda Torres,40,7500,GB,8701 Kirk Locks Apt. 426,Randallhaven,Michigan,Latvia
Courtney Bond,78,8500,GB,1780 Joseph Plaza,Lake Jeremyberg,Michigan,Netherlands Antilles
Nicholas Carlson,78,9000,GB,24678 Gallagher Field,South Robertfurt,Florida,Philippines
Mr. Daniel Barnett DDS,42,2000,GB,238 Roberson Orchard Apt. 505,North Jimberg,Texas,Georgia
Tanya Parrish,21,1500,GB,352 Adams Land,Lake Stacyton,Nebraska,Cyprus
Rachel Pham,44,7000,GB,225 Marsh Lodge Apt. 750,Hughesport,Maryland,Czech Republic
Jose Hartman,60,9500,GB,52028 Carter Underpass Suite 235,North Richardhaven,Alabama,Suriname
Austin Pope,36,9500,GB,157 Scott Mountain,Jamestown,Wyoming,United Kingdom
Dr. Alan Holmes MD,32,3500,GB,6067 Shea Grove Apt. 097,Burnettfort,Mississippi,Bouvet Island (Bouvetoya)
Kenneth Pennington,38,3500,GB,163 Wood Ramp Suite 542,Lake Arianaland,South Dakota,India
Maria Figueroa,43,5500,GB,672 Woods Glens Apt. 823,New Adam,Colorado,Ukraine
Laura Bryant,25,7500,GB,1959 Burke Union,Leport,Kansas,South Georgia and the South Sandwich Islands
Abigail Benson,25,7500,GB,26034 Lawson Burg,East Oscar,North Dakota,Sao Tome and Principe
Catherine Schmidt DDS,19,7500,GB,7794 Nunez Loop Apt. 162,West Christopher,Washington,United Kingdom
Gregory Obrien,49,10000,GB,6676 Rachel Wall Suite 062,Smithport,New York,British Indian Ocean Territory (Chagos Archipelago)
Amanda Sampson,75,6500,GB,67370 Miller Plaza Apt. 295,Heathshire,Colorado,New Caledonia
Jeff English,54,6500,GB,3589 Collins Rapid Apt. 878,Mcdanielville,Oregon,Algeria
Bradley Richardson,65,4500,GB,872 Bradley Curve Apt. 828,North Vincentfort,Nebraska,Spain
Kimberly English,56,9000,GB,338 Berry Hill Apt. 340,Baxterview,Alaska,Nicaragua
Tony Powell,36,7500,GB,62182 Marshall Valley Apt. 578,South Max,Iowa,Honduras
Travis Johnson,47,5000,GB,9998 Woodward Road,Port Melanieton,Michigan,Montenegro
Paula Harris,63,3500,GB,3055 Holland Gateway Suite 613,New Kimberg,New Jersey,Taiwan
Priscilla Ramirez,63,2500,GB,409 Brooks Tunnel,East Michaelchester,North Carolina,Burundi
John Pena,73,9500,GB,1023 Nina Mall Suite 616,Larabury,Tennessee,Canada
Jacob Pham,79,1500,GB,4083 Stone Keys,New Whitney,Pennsylvania,Malawi
Steve Mcgrath,27,9000,GB,1562 Denise Loaf,Elainetown,Louisiana,Turks and Caicos Islands
Ashley Smith,46,1000,GB,763 Zavala Haven,East Jacquelineton,Maine,Sri Lanka
Chad Farmer,61,7000,GB,600 Garrison Shores,Greerfurt,Rhode Island,Macedonia
Kayla Marks,59,3000,GB,46856 Craig Station Suite 048,South Phillip,Texas,Spain
Michelle Strickland,51,9500,GB,3200 Peter Inlet Suite 674,Lake Christopherborough,New York,Niger
Hannah Silva,25,9000,GB,799 White Well Apt. 866,Port Michaelshire,Ohio,Romania
Katelyn Evans,31,5000,GB,9467 Cline Springs,Ronaldmouth,Iowa,Lebanon
James Haynes,66,6000,GB,62353 Johnson Junctions,Matthewsborough,North Dakota,Christmas Island
Ricky Gomez,24,4500,GB,990 John Wells,West Loriborough,Mississippi,Saint Barthelemy
Jeremy Rose,18,1000,GB,0471 Farmer Orchard Suite 043,Timothyfurt,Kansas,Libyan Arab Jamahiriya
Charles Reed,39,3500,GB,9626 Jeffrey Glen,New Ashley,Maine,Isle of Man
Cynthia Parker,51,8000,GB,284 Joseph Course,Livingstonfort,Tennessee,Paraguay
Thomas Oconnell,28,7500,GB,3137 Jeremy Spring Suite 660,East Johnland,New York,Holy See (Vatican City State)
George Wilkins,56,5500,GB,051 Johns Dam,Hayesstad,Florida,Cape Verde
Jeremy Owen,52,9500,GB,65055 Hughes Corners Apt. 869,Larsenland,Maryland,Bahrain
Michael Johnston,22,8000,GB,42484 April Ranch,Petersonton,Hawaii,Nigeria
Angela Guzman,43,3000,GB,89131 Burton Summit,New Patricia,Washington,Russian Federation
Stephanie Russell,65,4500,GB,177 Joseph Mountain Suite 933,Mooreland,Nebraska,Thailand
Eddie Webb,65,2000,GB,6031 Cabrera Forks,Castanedachester,Alaska,Argentina
Allison Thompson,61,6500,GB,5236 Tiffany Loop Suite 521,Lake Shannon,Kentucky,Kuwait
Randy Hansen,47,1000,GB,3367 Mann Pike Apt. 130,Sonialand,Washington,Algeria
David Clark,48,1000,GB,95570 Timothy Rapids,Trevinoville,New Mexico,Moldova
Ian Torres,71,5000,GB,858 Bass Key Apt. 496,North Ericabury,Connecticut,Kiribati
Stanley Gould,46,7000,GB,97040 Castillo Mill,Alexanderton,New Hampshire,Sierra Leone
Brian Williams,80,3000,GB,4868 Natalie Fall,East Erin,Delaware,Armenia
Joseph Dawson,44,1000,GB,29599 Christopher Mountain Suite 998,South Joseph,Illinois,Benin
Xavier Williams,66,1500,GB,24708 Jacobson Estate,Merrittport,California,Timor-Leste
Rebecca Arias,61,4500,GB,434 Lauren Prairie,Popeborough,Texas,Saudi Arabia
Jacob Robinson,58,6000,GB,3160 Troy Field Suite 517,North Christopherstad,South Carolina,Bouvet Island (Bouvetoya)
Amber Simmons,21,9000,GB,275 Ian Port,Charleston,Virginia,El Salvador
Regina Townsend,51,7500,GB,8182 Scott Lake,Jonesmouth,North Dakota,Belgium
Robert Henry,28,2000,GB,0294 Rebecca Field Suite 670,Port Samantha,Nevada,United Arab Emirates
Samantha Mckee,32,3500,GB,6247 Shelton Coves,East Bridgetfort,Nevada,Belgium
Michelle Maxwell,60,7000,GB,5177 Bailey Club,Wilsonchester,Pennsylvania,Guinea-Bissau
Christopher Perez,51,8000,GB,06168 Mccarthy Ways,Port John,Delaware,Grenada
