employee_id,name,age,salary,bank,street,city,state,country
1,Stephanie Martinez,61,5500,GB,88058 Kyle Parkways Apt. 100,Zunigaburgh,Oregon,France
2,Claudia Watkins,46,4500,GB,11467 Cynthia Mews,Thompsonstad,New Mexico,British Virgin Islands
3,Roberto Green,46,4000,GB,591 Vargas Manor Suite 913,East Tiffanyburgh,Alaska,Andorra
4,Philip Fox,36,2500,GB,716 Jacqueline Stream,Taylorchester,California,Egypt
5,David Berg,77,8500,GB,96648 Douglas Shore,Jeremiahborough,Oklahoma,Burundi
6,Sarah Hernandez,28,10000,GB,701 William Well Apt. 952,Justinton,Ohio,Ecuador
7,Trevor Gray,54,1500,GB,18916 Timothy Common,South Janiceview,Louisiana,Mexico
8,Joseph Martinez,41,5000,GB,60524 Amy Fords Apt. 512,New Regina,New Jersey,Macedonia
9,James Acevedo,76,9500,GB,7187 Amy Highway Apt. 752,Port Johnny,Nebraska,Belgium
10,Ruben Kline,32,6500,GB,28486 Ruben Isle,Mayerton,Wisconsin,Congo
11,Steven Price,42,8500,GB,720 Mario Freeway,Davidside,Wisconsin,Paraguay
12,Patrick Haney,64,7000,GB,421 Luis Center Apt. 504,Lake Larry,Nebraska,Antarctica (the territory South of 60 deg S)
13,Walter Green,21,10000,GB,1148 Kimberly Heights,New Jonathon,Utah,Saint Vincent and the Grenadines
14,Mary Juarez,38,10000,GB,2953 Bryan Springs,East Dillonborough,New York,Maldives
15,Richard Arroyo,47,1500,GB,58301 April Cliffs,New Ryan,Hawaii,Guernsey
16,David Ballard,30,4000,GB,9397 Sutton Tunnel,Mosleyton,New York,Cuba
17,Lindsay Castaneda,20,9500,GB,826 Campos Burgs,Harringtonfurt,New Jersey,Svalbard & Jan Mayen Islands
18,Sarah Lewis,18,1500,GB,0071 Jerry Extensions Apt. 287,Kellyside,South Dakota,Poland
19,Travis Hall,41,1000,GB,99341 Foster Lock,Mendeztown,Alabama,Cameroon
20,Mason Gonzalez,25,5500,GB,741 Leon Parkways Suite 516,Chavezside,South Carolina,Poland
21,Jasmine Garcia,39,6500,GB,512 Jasmine Motorway Suite 402,North Lisamouth,Kentucky,Mauritius
22,James Reeves,52,1500,GB,22250 Mark Turnpike,Dianemouth,Hawaii,Sweden
23,David Smith,67,8500,GB,027 Kenneth Oval Apt. 241,Port Anthony,Missouri,Brunei Darussalam
24,Thomas Rose,47,6500,GB,0025 Blake Lake,West Amandaside,Hawaii,Uruguay
25,Traci Ellis,28,1500,GB,2361 Valerie Stream,Port Anthony,Kentucky,Yemen
26,Kevin Jones,52,7500,GB,7451 Miller Hills,Wendyfurt,Nebraska,Dominican Republic
27,Elizabeth Graves,38,8000,GB,00711 Lindsey View Suite 714,Brennanland,New Hampshire,Kyrgyz Republic
28,Ashley Hill,34,5000,GB,363 Troy Pine,West David,Pennsylvania,Paraguay
29,Kenneth Herrera,63,8500,GB,6754 Rogers Via Suite 050,West Katie,Utah,Slovakia (Slovak Republic)
30,Dr. Susan Lopez MD,65,9500,GB,8608 Sharon Roads,North Regina,Maine,Malawi
31,Allison Harris,68,1000,GB,89505 Ford Hills Suite 556,Juliamouth,Pennsylvania,Belize
32,Michael Johnson,66,10000,GB,43410 Franklin Orchard,Julieview,Idaho,Belarus
33,Barry Wright,56,2000,GB,357 Romero Lane Suite 131,North Marissamouth,South Dakota,Germany
34,Jessica Olsen,52,3500,GB,1477 Greer Prairie,West Adrianfort,North Carolina,Nigeria
35,Nicole Acosta,71,8000,GB,56498 Nicole Plains Apt. 899,Banksmouth,Vermont,Luxembourg
36,Nicolas Williams,20,10000,GB,6511 Robertson Forge Suite 507,South Stephen,Alaska,Trinidad and Tobago
37,Richard Arellano,18,9000,GB,554 William Islands,East Jessicaburgh,Kansas,Faroe Islands
38,Dr. Nichole Moran,59,2000,GB,524 Blake Mill,Murillotown,California,Cape Verde
39,Austin Russell,27,7000,GB,74686 Joshua Brooks,Lake Sethbury,Alabama,Spain
40,Tammy Moore,47,6000,GB,7956 Jonathan Hill Apt. 742,Munozstad,Tennessee,Solomon Islands
41,Mary Nguyen,70,3500,GB,22157 Williamson Estates,North Kimberlyside,Kansas,Niger
42,Jennifer Pena,36,8500,GB,00979 Flores View,Port Coleton,Montana,Reunion
43,Stephanie Martin,42,5500,GB,287 Jackson Street,South Kimberly,South Carolina,Comoros
44,Jennifer Jones,27,9000,GB,26274 Lewis Drive,Micheleview,Washington,Saudi Arabia
45,Nathaniel Cox,65,2000,GB,05502 Brian Walk,Danafort,Connecticut,Uzbekistan
46,Jacob Franklin,26,5500,GB,77043 Velez Parks,South Kimberly,Kentucky,Norfolk Island
47,Richard Hodges,77,2500,GB,6459 Moore Branch,Lake Garrettshire,Hawaii,Libyan Arab Jamahiriya
48,Lorraine Schroeder,34,2500,GB,60869 Emily Ferry Suite 776,Kathyport,Michigan,Reunion
49,Michele Smith,74,2000,GB,394 Joseph Turnpike Apt. 375,Toddstad,Arkansas,Jersey
50,Paul Gilbert,63,4500,GB,010 Sanchez Neck Apt. 031,Lake Melaniefurt,New Jersey,Brunei Darussalam
51,Pamela Chandler,69,4500,GB,158 Callahan Court,Port Hectorton,Delaware,Zambia
52,Anne Anderson,75,8000,GB,9717 Rachel Branch Suite 652,Lake Tammymouth,Tennessee,Iran
53,John Crawford,52,10000,GB,65673 Lance Point,Lake Elaine,Utah,Swaziland
54,Nicolas Copeland,53,2500,GB,8973 Mark Ford,Williamview,Delaware,Nicaragua
55,Gary Ball,20,2500,GB,9451 Garcia Cove Apt. 193,Port Amytown,Connecticut,Brunei Darussalam
56,Brandon Diaz,35,4500,GB,660 Mendoza Union,Thomasside,North Dakota,Cameroon
57,Michael Lee,44,4500,GB,074 Ryan Terrace Suite 274,Wheelerland,Mississippi,Grenada
58,Lauren Mclaughlin,18,9500,GB,781 Keith Mountains,Port Miaville,Minnesota,Guinea-Bissau
59,Mr. Garrett Wallace,46,8000,GB,46548 Diaz Vista,Port Kimberlybury,Connecticut,Oman
60,Ann Nichols MD,39,8000,GB,082 Bird Pines,South Natalie,Delaware,Barbados
61,Jane Luna,59,9500,GB,6551 Shane Throughway,Samanthamouth,Michigan,Switzerland
62,Rebecca Sanders,34,8000,GB,768 Buck Rapid,Riveramouth,Tennessee,Slovakia (Slovak Republic)
63,Madison Booth,57,6500,GB,5605 Scott Viaduct Suite 496,Robinberg,Idaho,Peru
64,Ann Morrison,48,5500,GB,4490 Snyder Flat Suite 401,Romanview,Maryland,Grenada
65,Rachel Hartman,31,9000,GB,4530 Gutierrez Meadow Apt. 025,Bakerberg,Hawaii,Lithuania
66,Christy Clark,38,5000,GB,60651 Jon Knolls Apt. 415,West Douglas,Connecticut,Cayman Islands
67,Mariah Bryan,63,4500,GB,274 Foster Keys Suite 355,Rebeccabury,Ohio,Somalia
68,Nicole Morgan,45,7500,GB,0817 Brady Landing,New Tiffanyburgh,California,Benin
69,Melissa Dominguez,26,4000,GB,207 Samantha Causeway,Lucasfurt,Georgia,Cameroon
70,Rebecca Harrington,68,3500,GB,0973 Chen Squares,East Bradleytown,Idaho,Pakistan
71,John Sanchez,18,7500,GB,797 Jenna Land Apt. 540,Port Dawnfort,Ohio,Western Sahara
72,Joshua Henderson MD,65,8500,GB,99946 Newman Manor,South Rhondaberg,Rhode Island,Iraq
73,Christina Bird,26,3500,GB,789 Linda Shoals Apt. 646,West Michelleport,Tennessee,Qatar
74,Lisa Arnold,50,3000,GB,6741 Horn Street,Lake Joshualand,Hawaii,Cyprus
75,Thomas Black,36,2500,GB,95620 Bond Orchard,Robinsonfurt,Texas,Zambia
76,Darrell Phillips,52,2500,GB,57754 Katherine Motorway Suite 892,Andersonfurt,New York,Malta
77,Roy Rivera,62,8500,GB,134 Sullivan Rest Apt. 669,Jonesfurt,South Carolina,Germany
78,Stephanie Fitzpatrick,80,2000,GB,420 Garrett Pike Suite 429,West Nancy,Louisiana,Switzerland
79,Scott Sheppard,73,6500,GB,415 Autumn Loaf Apt. 373,Amandaton,Kansas,Poland
80,Joseph Johnson Jr.,66,3500,GB,14028 Michael Knoll,Veronicaport,West Virginia,France
81,Jacob Rogers,80,2500,GB,159 Todd Spur Suite 624,Katrinatown,West Virginia,India
82,William Gomez,46,4500,GB,28893 Brown Ways,Moraleshaven,Kansas,Iceland
83,Amber Young,30,5000,GB,50972 Abigail Bridge Suite 934,Lake Matthewtown,Maryland,Monaco
84,Gina Davis,54,8000,GB,294 David Ridge,Stephenville,Washington,Tunisia
85,Sara Jackson,78,3000,GB,20210 Michael Wells,West Carolineborough,North Carolina,Fiji
86,John Davis,35,7500,GB,677 Boyle Dam Suite 624,East Kristina,California,Liechtenstein
87,Kim Nguyen,32,2000,GB,934 Murray Ports Apt. 904,Fisherfort,Wisconsin,Iceland
88,Lori Smith,79,8000,GB,526 William Mill,Port Robert,Indiana,Costa Rica
89,Kelly Garcia,64,3000,GB,409 James Rapid Suite 543,West Lindseymouth,Colorado,Italy
90,Mr. Travis Cameron MD,61,7000,GB,160 Joseph Wall Apt. 704,East Charles,Indiana,Liechtenstein
91,Mr. John Holland,20,7500,GB,5350 Cox Trace,Jamieville,Nebraska,Serbia
92,Taylor Johnson,79,2000,GB,925 Rhonda Divide Apt. 531,Johnmouth,New Mexico,Switzerland
93,Paul Foster Jr.,67,6500,GB,4762 Gary Plaza,Jacobsville,Montana,Thailand
94,Michelle Jenkins,33,8500,GB,08995 York Crescent,West Sarahtown,Connecticut,Hungary
95,Xavier Shields,32,9000,GB,35813 Shea Falls Suite 118,Lake Daniel,Indiana,Norfolk Island
96,Jason Flores,73,3000,GB,134 Steven Lakes Apt. 230,Brittneyburgh,Arizona,Timor-Leste
97,Zachary Black,38,3500,GB,699 Colin Club Apt. 983,New Adam,New Jersey,Togo
98,Jennifer Hammond,72,8000,GB,1624 Harrington River,East Paigechester,South Carolina,Somalia
99,Molly Frazier,67,1500,GB,10563 Vincent Roads Suite 450,Charlesville,Arizona,Iraq
100,Jessica Gardner,75,7500,GB,0310 Todd Station Apt. 545,South Virginia,Ohio,Moldova
101,Eric Zimmerman,24,3500,GB,23134 Mcgee Route Apt. 665,West Desiree,Michigan,Ukraine
102,Jeffrey Dodson,52,7000,GB,2407 Shawn Prairie Suite 710,Jamesborough,Arizona,Cameroon
103,Sarah Jennings,20,1000,GB,043 Kevin Loaf Suite 913,Davidborough,Wisconsin,Bhutan
104,Tara Scott,64,5500,GB,4392 Herrera Gardens Apt. 018,West Jenniferville,New Mexico,Tuvalu
105,Mr. Joseph Rangel,73,9000,GB,541 Morgan Villages Apt. 098,West Bradleyhaven,Utah,Ethiopia
106,Heather Barnes,26,1500,GB,60380 Theresa Crossroad Suite 433,North Jeffrey,Maine,Haiti
107,Stacy Miller,52,9000,GB,8996 Jeffrey Wall,South Michaelview,Mississippi,Jamaica
108,Danielle Brown,42,7500,GB,2104 Reed Groves,Brownburgh,Delaware,Algeria
109,Tracy Lee,27,7000,GB,540 Earl Route,Lake Jonathan,Louisiana,Nauru
110,Jessica Mckenzie,58,4000,GB,22942 Katherine Plains Apt. 940,North Shannontown,Alabama,Sao Tome and Principe
111,David Cook,19,7500,GB,7765 Clark Course,Matthewshire,Massachusetts,Ghana
112,Jonathan Mason,36,8500,GB,8519 Kathy Islands Apt. 954,New Elizabethburgh,Washington,Indonesia
113,Nancy Sheppard,23,8500,GB,10840 Brown Spring,West George,Kentucky,Guyana
114,Sara Walton,73,1000,GB,64853 Nicole Route,New Brittany,Nebraska,Kiribati
115,Jacqueline Jackson,49,6500,GB,65556 Mercer Islands,New Alisha,Maine,Yemen
116,Jacob Murphy,66,8000,GB,185 Gonzalez Ville,Bellton,New York,Yemen
117,Hannah Ponce,48,5000,GB,93486 Hunt Club Apt. 426,Sarahport,Washington,Dominican Republic
118,Daniel Fowler,55,7500,GB,0908 Christine Terrace,Sanchezland,North Carolina,Brazil
119,Martha Mckinney,56,8000,GB,35008 Nicole Spurs,Garciaside,Maine,Yemen
120,Dr. Hector Thomas,56,6500,GB,102 Tanya Skyway Apt. 096,Dixonview,North Carolina,American Samoa
121,Heather Ford,20,5500,GB,3039 Bush Avenue Suite 718,Carlsonshire,Wisconsin,French Polynesia
122,Dawn Avila,39,2000,GB,150 Clark Alley Suite 929,Doyleville,Kansas,Mayotte
123,Sheila Mills,41,8500,GB,729 Jones Junction Suite 067,New Diane,South Dakota,Latvia
124,Danielle Rodriguez,69,10000,GB,94225 John Shores Suite 141,Milesbury,Arkansas,Comoros
125,Lindsay Richards,49,2500,GB,8425 Mitchell Fort Suite 058,Jonesbury,Rhode Island,French Southern Territories
126,Christopher Jones,53,3500,GB,576 Justin Springs Suite 694,East Donaldmouth,New Mexico,France
127,Holly Joseph,29,2500,GB,527 Bruce Skyway,North Lisa,Ohio,Heard Island and McDonald Islands
128,Courtney Tran,78,1000,GB,4663 Justin Rapids Suite 159,Brucemouth,Montana,Sri Lanka
129,Mckenzie Carrillo,19,6500,GB,228 Alvarez Fork Suite 765,East Michelle,Maine,Namibia
130,Sandra Harrington,21,8500,GB,2856 Todd Fork Apt. 202,Johnsonborough,South Carolina,Kazakhstan
131,Sandra Torres,36,8000,GB,54188 Steven Ridges,Montgomeryberg,Pennsylvania,Cuba
132,Eric Ryan,62,2500,GB,541 George Radial,Lake Paul,Tennessee,Ghana
133,Michele Meyers,71,6000,GB,273 Daniel Forge Apt. 477,Port Kristopher,Minnesota,Sierra Leone
134,Kathy Garcia,62,6500,GB,401 Anthony Haven,East Stacyburgh,Illinois,Anguilla
135,Frank Rush,35,4000,GB,09504 Ashley Drive Apt. 766,Lawrencestad,Texas,Libyan Arab Jamahiriya
136,Carrie Johnson,46,2000,GB,28445 Curtis Greens,Mooneyton,Kansas,United Arab Emirates
137,Angela Harris,57,6500,GB,9639 Denise Estates Suite 662,Andrewsstad,Maryland,Philippines
138,Steve Richards,39,6500,GB,898 Rogers Circle Apt. 231,Brianland,Washington,Burundi
139,Stacy Reynolds,21,2500,GB,1495 Ford Plains Suite 346,East Eddie,Washington,Equatorial Guinea
140,Mark Lopez,79,9500,GB,444 Gregory Meadows Suite 251,West Timothy,Pennsylvania,Djibouti
141,Gregory Knight,47,7500,GB,422 Derek Center Apt. 106,North Sarah,North Carolina,Saint Pierre and Miquelon
142,Wanda Carter,27,9000,GB,50288 Robert Forge Apt. 181,Port Jeremyshire,Ohio,Iraq
143,Joseph Holmes,41,1500,GB,9816 Wang Dale Apt. 218,Julieborough,Alabama,Haiti
144,Karina Cruz,67,7000,GB,49257 Khan Causeway,Lake Jerryport,New Jersey,Burundi
145,Chelsea Hernandez,34,8500,GB,4057 Kelly Ramp Apt. 305,West Lance,Vermont,Jersey
146,Dr. Elizabeth Montgomery,30,2500,GB,2327 Dawn Union,Lake Erin,Massachusetts,Turkmenistan
147,Daniel Franklin,77,4500,GB,2383 Matthew Divide Suite 752,Port Zoe,Oklahoma,El Salvador
148,Misty Adams,26,1500,GB,980 Allen Garden Suite 730,Greenshire,Arkansas,Solomon Islands
149,Hannah Sanchez,66,9500,GB,06540 Melissa Harbors Suite 076,Port Andrealand,Utah,Russian Federation
150,Susan Watson,21,9000,GB,01534 Torres Fields Apt. 018,Micheleland,Idaho,Austria
151,John Grant,62,3500,GB,75256 Samantha Meadow,Owenfurt,Maryland,Kuwait
152,Joshua Villarreal,23,7500,GB,898 Anderson Brook,New Eduardo,Mississippi,Serbia
153,Howard Lopez,66,3500,GB,478 Evans Isle,South Christopherport,Utah,Kazakhstan
154,Leslie Moore,54,4500,GB,581 Summers Street,West Tyler,Kansas,Latvia
155,Joshua Sanders,32,3000,GB,6182 Bethany Port,West Brenda,Alabama,Faroe Islands
156,Billy King,72,6000,GB,0096 Johnston Tunnel Apt. 401,Robertsburgh,Missouri,Jamaica
157,Theodore Gregory,32,8000,GB,32726 Suzanne Plaza Suite 176,West Joannamouth,Arizona,Lesotho
158,Alexandra Stephens,27,4500,GB,694 Rojas Park,East Joyceburgh,California,Dominican Republic
159,Ruth Cantu,78,7000,GB,69460 Tracy Hill Suite 747,Port Adrian,Florida,Uganda
160,Lisa Lopez,71,4500,GB,6758 Stacey Greens Suite 462,Ronaldmouth,Massachusetts,Trinidad and Tobago
161,Nancy Brown,18,5000,GB,318 Angelica Springs,Williamfort,Hawaii,Liechtenstein
162,John Parrish,50,8500,GB,520 Veronica Station Suite 879,Mejiastad,Washington,Indonesia
163,Sean Williams,34,2000,GB,4708 Alexander Valley Apt. 456,Port Caitlin,Alaska,Heard Island and McDonald Islands
164,Timothy Jensen,79,3000,GB,69804 Foster Village Suite 300,North Nicholasside,Wyoming,Korea
165,Joseph Riddle,70,5500,GB,17804 Michael Knolls,South Marymouth,Mississippi,Cameroon
166,George Escobar,40,8000,GB,1535 Joseph Track,Nicholaschester,Washington,Liberia
167,Malik Jackson,20,8000,GB,09336 Patton Summit Suite 281,Stanleyville,Texas,Indonesia
168,Amber Choi,41,7500,GB,3690 John Alley Suite 952,Riosland,New Jersey,Bosnia and Herzegovina
169,Lori Alvarado,78,1500,GB,163 Pace Fields,Arroyobury,Nevada,Saint Pierre and Miquelon
170,Jennifer Chaney,32,9500,GB,65687 Donald Tunnel Suite 235,North Nathanbury,Kentucky,Macedonia
171,Joshua Carpenter,77,1000,GB,859 Anderson Neck Suite 100,Shieldsbury,Rhode Island,Maldives
172,Robert Collins,50,6000,GB,8702 Wesley Crossroad,Saraside,Indiana,Panama
173,Amy Vasquez,80,9500,GB,0265 Sharp Stream Apt. 406,Brownland,Colorado,Monaco
174,Amy Richards,18,6000,GB,063 Jose Burg,Castroton,Nevada,Colombia
175,Lisa Jackson,47,5500,GB,0257 Robert Island Apt. 412,South Maria,North Carolina,Djibouti
176,Rebecca Willis,25,2500,GB,061 Andrew Path,Port Alison,Alaska,Seychelles
177,Jeremy Salinas,38,1000,GB,68486 Benjamin Gateway,West Rhondachester,New Mexico,Rwanda
178,Aaron Andrews,78,10000,GB,6806 Jennifer Square,Eugeneport,Delaware,Brunei Darussalam
179,Albert Tran,69,8000,GB,699 Wright Hills,West Anthony,Connecticut,Macedonia
180,James Mayer,68,10000,GB,7920 Zhang Knoll Suite 195,Brendafurt,New Mexico,Lesotho
181,Christine Andrews,28,7000,GB,043 Johnson Turnpike,Copelandmouth,Maryland,Romania
182,Jason Jones,34,9500,GB,798 Dennis View,North Kyle,Nevada,Saint Helena
183,Cheryl Hernandez,28,7000,GB,77397 Nelson Courts Suite 707,Charlesland,New Mexico,French Southern Territories
184,Sonya Smith,22,6500,GB,328 Krista Light Suite 016,Lake Jesus,Alabama,Afghanistan
185,Ashley Mccoy,19,7500,GB,3540 Thomas Views,Dylanton,Arizona,Senegal
186,Gloria Shelton DDS,80,1000,GB,354 Diaz Park,Lake David,Rhode Island,Equatorial Guinea
187,Kara Barnes,71,6500,GB,1208 Kenneth Tunnel Suite 809,Lake Larryborough,Idaho,Philippines
188,Maria Cooper,68,4500,GB,20396 Mark Row,New Natalieville,Louisiana,Nauru
189,Shawn Santiago,28,3000,GB,178 Brown Locks,West Richardchester,Maryland,Puerto Rico
190,Scott Atkins,80,1500,GB,096 Barry Hollow,Karinastad,Illinois,Tanzania
191,Jeremiah Barnes,79,1500,GB,4322 Samuel Rapid,Charlesville,Illinois,Japan
192,Lynn Johnson,79,1500,GB,5517 Johnson Flat,West Claireview,Maryland,Ukraine
193,Ashley Peterson,27,5500,GB,1073 Charlotte Cliff,Smithbury,Arkansas,Uganda
194,Alicia Cook,71,8500,GB,1987 Freeman Freeway,New Wandamouth,Nebraska,Austria
195,Dylan Patton,33,8000,GB,778 Earl Forest Apt. 662,Stewartbury,Maryland,Spain
196,James Sanders,48,3000,GB,4953 Oneill Cliffs Apt. 125,New Kenneth,Michigan,Malta
197,Jason White,80,1500,GB,0952 Kevin Flat Suite 469,South Patrick,North Carolina,Turkmenistan
198,Mr. Robert Anthony MD,46,3500,GB,86462 Richardson Ports,Hughesshire,Arkansas,Qatar
199,Reginald Cameron,58,6000,GB,52473 Carroll View Suite 141,South Laura,Alaska,Saint Pierre and Miquelon
200,James Davis,42,3000,GB,65262 Dana Circle,South Deanna,New Jersey,Bangladesh
201,Jason Martinez,42,7000,GB,31320 King Neck,Clarkeside,North Dakota,Montserrat
202,Robert Mahoney,46,10000,GB,0277 Zachary Pines Apt. 163,East Jennifer,Vermont,Jordan
203,Matthew Manning,36,5000,GB,1405 Munoz Unions Suite 510,Lake Stephenhaven,Massachusetts,Ukraine
204,Katherine Roberson,47,10000,GB,904 Marshall Mountains,South Paul,Florida,Netherlands Antilles
205,Shannon Kelley,62,3500,GB,7606 Ian Loop,East Toddborough,California,Tunisia
206,Adam Cook,18,9500,GB,617 Brewer Mall,South Richardview,Michigan,Zimbabwe
207,James Thomas,60,3500,GB,29952 Daniel Inlet,Port James,Colorado,South Georgia and the South Sandwich Islands
208,Deborah Reyes,43,1000,GB,169 Hernandez Overpass Apt. 108,Markville,South Carolina,Turkmenistan
209,David Bryant,20,3000,GB,28343 Craig Wall Suite 207,Port Jonathonborough,Vermont,Libyan Arab Jamahiriya
210,Keith Douglas,57,7000,GB,186 Brittany Drive,Port Jennifer,Alabama,Mali
211,Elizabeth Nelson,27,5500,GB,347 Lisa Loop Apt. 752,Underwoodmouth,Oklahoma,Falkland Islands (Malvinas)
212,Thomas Jackson,41,9500,GB,23647 Freeman Forge Suite 770,Brewerside,South Dakota,Ecuador
213,Connie David,35,1000,GB,54633 Evan Bridge,Lake Matthew,Wyoming,Mali
214,Nicholas Jackson,43,3500,GB,2614 Rivera Trafficway Apt. 239,North Linda,Missouri,Bouvet Island (Bouvetoya)
215,Elizabeth Sanders,49,1000,GB,071 Christopher Vista Suite 432,Anthonyhaven,Hawaii,Sweden
216,Angel Gregory,55,2000,GB,42996 Mary Port,Pamelaton,Virginia,Papua New Guinea
217,Justin Harvey,22,6500,GB,7979 Christopher Trail Apt. 149,East Christopher,Connecticut,Uzbekistan
218,Paula Hansen,36,2500,GB,6016 Bailey Burgs Suite 470,Hernandezborough,Florida,Yemen
219,Jennifer Collins,63,6000,GB,7175 Simon Plaza,Port Hannah,Florida,Botswana
220,Charles Williams,62,1500,GB,1741 Benjamin Streets Apt. 584,Meganburgh,Florida,Guadeloupe
221,Matthew Kirk,74,1000,GB,30379 Diaz Mall,Lake Kristen,Nebraska,Aruba
222,Amanda Banks,77,4000,GB,45740 Cole Hill Apt. 100,Kristinaland,New Mexico,Bhutan
223,Andrea Bishop,43,2500,GB,00243 Mary Centers,Brownside,New Hampshire,Morocco
224,Daniel Young,70,7500,GB,4266 Henderson Fields,South Briana,South Carolina,Serbia
225,Erin Welch,29,2500,GB,50159 Phillip Ford Suite 092,Atkinschester,Michigan,Swaziland
226,Benjamin Lawrence,64,3000,GB,111 Miller Ranch,Lake Peter,New Hampshire,Cocos (Keeling) Islands
227,David Cole,75,1000,GB,0832 Shawn Locks Apt. 158,New Lindahaven,Nebraska,Saudi Arabia
228,Laura Jensen,30,8500,GB,590 Bolton Mall,Nicholasburgh,Texas,Dominican Republic
229,Angelica Sanders,51,3500,GB,9910 Nelson Roads,Rachelville,Wisconsin,Barbados
230,Jeff Navarro,69,8000,GB,3998 Timothy Falls,South Derrick,Indiana,Belarus
231,Fred Cochran,70,2000,GB,46817 Antonio Lodge,West Rebeccaport,Rhode Island,Cook Islands
232,Timothy Herrera,67,4000,GB,57434 Richard Meadow Apt. 508,West Shaneport,Virginia,Zambia
233,Mrs. Sarah Tate,27,8500,GB,9503 Jason Plaza,New Kendratown,Arizona,El Salvador
234,Melissa Turner,74,9000,GB,1692 Kelly Cove,South Johnfort,Indiana,Mali
235,Bobby White,67,5000,GB,23571 John Place,East Jason,Connecticut,Italy
236,Christopher Decker,48,6000,GB,12618 Ryan Mission Apt. 301,Johnsonton,Tennessee,Netherlands Antilles
237,William Johnson,76,2500,GB,97748 Bailey Inlet,New Steven,Nebraska,Nigeria
238,Kathy Contreras,69,9000,GB,06832 Davis Ramp Suite 363,Wagnerville,South Carolina,Cuba
239,Cheryl Wiley,34,5000,GB,4976 Lee Viaduct,Andersonfurt,Tennessee,Germany
240,Travis Smith,76,7000,GB,81790 Jones Run,Sonyaville,Delaware,Bermuda
241,Elizabeth Sullivan,61,4000,GB,36329 Camacho Walks,Fullerberg,New York,Azerbaijan
242,Gary Thomas,27,4000,GB,249 Andrea Stream,Danieltown,Louisiana,Algeria
243,Corey Sanders,62,4000,GB,934 Claire Estates,Kelseyhaven,Maine,Trinidad and Tobago
244,John Barber,35,3000,GB,279 Robert Highway Suite 984,West Wendy,Texas,El Salvador
245,Jessica Smith,66,1000,GB,1949 Nathan Drive Suite 949,Christophermouth,New York,Seychelles
246,Caleb Compton,24,3500,GB,6526 Malone Trafficway Apt. 361,Lake Jonathan,Iowa,Panama
247,Alison Dixon,69,9000,GB,5122 Villarreal Camp Suite 127,Port Blake,Montana,Niger
248,Diane Stevenson,31,4500,GB,14367 Lynn Roads Suite 633,Thompsonmouth,Rhode Island,Suriname
249,Katie Lopez,25,9500,GB,2817 George Crossing,West Richardbury,Texas,Greenland
250,Corey Keith,47,7000,GB,57885 Judy Island Apt. 789,West Anthonystad,Nebraska,Armenia
251,Anthony Mendoza,47,9500,GB,342 Chen Court Suite 978,Frychester,Pennsylvania,Czech Republic
252,Christine Brennan,50,1500,GB,3560 Brock Point Apt. 833,Curtisburgh,Kentucky,Cayman Islands
253,David Martin,55,6500,GB,171 Hall Forge,Port Brandon,Iowa,Madagascar
254,Jessica Hopkins,42,7500,GB,375 Reginald Corner Suite 189,Williamsmouth,Connecticut,Uruguay
255,Robin Jackson,64,9000,GB,396 Kim Rapid Apt. 495,Sandrabury,Mississippi,Greece
256,Aaron Ramos,41,3500,GB,6605 Moreno Causeway Suite 332,North Christineview,Kansas,Nigeria
257,Samuel Gonzales,41,1000,GB,717 Davenport Lights,South Davidport,New Mexico,Kuwait
258,Christie Horton,30,8500,GB,7859 Chavez Cape Suite 133,Thomasbury,Wisconsin,Congo
259,Emily Robertson,69,3000,GB,06042 Richard Trail Suite 198,Lake David,California,Tunisia
260,Emily Guzman,75,1500,GB,2536 Andrew Tunnel Apt. 757,Port Clayton,Oregon,Antigua and Barbuda
261,David Garcia,75,2000,GB,18335 Nicole Locks Suite 958,Wattston,North Carolina,Uganda
262,Nicole Lee,65,5500,GB,77005 Zimmerman Springs,Emilychester,Maine,Colombia
263,Thomas Moore,53,4500,GB,726 Scott Glen Suite 241,South Rickyborough,West Virginia,Tokelau
264,Stephen Horne,32,9000,GB,004 Johnson Trail,Helenfort,Colorado,Bolivia
265,Melissa Faulkner,71,9000,GB,06923 Fowler Summit Suite 088,Jamesside,New Hampshire,Honduras
266,Daniel Clark,34,5500,GB,187 Emily Cliffs Suite 019,Lake Claudiaview,Hawaii,Cape Verde
267,John Morales,63,9500,GB,0995 Byrd Drive Suite 846,Port Latasha,South Dakota,Norfolk Island
268,Thomas Wiggins,70,10000,GB,662 Fletcher Village,East Connortown,Idaho,Jersey
269,David White,25,5500,GB,33613 Garcia Wall Apt. 629,Robinfort,North Carolina,Seychelles
270,Kendra Duncan,65,8000,GB,4553 Elizabeth Stream Suite 014,East John,Minnesota,United States Virgin Islands
271,Dana Dixon,38,10000,GB,3026 Monica Plaza Suite 307,New Josephstad,Louisiana,Dominican Republic
272,Tanya Miller,61,5500,GB,43054 Fox Branch Apt. 696,North Carrie,Iowa,Tajikistan
273,Shawna Lyons,37,1000,GB,474 Jesse Squares Apt. 616,Lake Justin,North Carolina,Nauru
274,Cynthia Mills,33,5000,GB,8932 Morales Course Apt. 136,East Susanton,Oklahoma,Malaysia
275,Susan Jackson,34,8500,GB,7857 Patel Skyway Suite 952,South Lorihaven,Wisconsin,Isle of Man
276,Kathryn Terry,29,2500,GB,539 Brown Plaza,Ewingborough,New Hampshire,Sri Lanka
277,Rebekah Singh,50,9000,GB,4505 Kyle Causeway,Teresastad,Massachusetts,Mauritius
278,Megan French,68,8000,GB,870 Matthews Parks,East Melanie,Utah,Peru
279,Luis Lee,60,1000,GB,28764 Ray Expressway,South Dustinview,Idaho,Somalia
280,Caitlyn Gallegos,44,9500,GB,777 Kimberly Plaza,Lake Bridgetburgh,Michigan,Marshall Islands
281,Brian Cisneros,52,9000,GB,004 Marcus Valleys Suite 483,South Timothyfurt,Delaware,Cape Verde
282,Carl Hobbs,68,1500,GB,249 Raymond Springs,Lake Denise,Oregon,British Indian Ocean Territory (Chagos Archipelago)
283,Janet Benitez,60,4500,GB,13856 Williams Dale Suite 483,East Felicia,Tennessee,Madagascar
284,Kyle Carr,62,1500,GB,0017 Luis Road,Georgestad,California,Montenegro
285,Michael Mccarthy,46,7500,GB,21904 Dana Ramp,East Robinview,New Mexico,Denmark
286,Jack Martin,43,4000,GB,578 Michael Spur,West Madison,Texas,Suriname
287,Brendan Bishop,37,8500,GB,32706 Smith Throughway Suite 592,Pamelaport,Connecticut,Moldova
288,Lisa Edwards,35,9500,GB,3022 Ryan Fork,South Jared,Louisiana,Pakistan
289,Debra Colon,40,9500,GB,72512 Valentine Estates Apt. 868,South Jamesborough,Connecticut,Bolivia
290,Ryan Gardner,62,9000,GB,7660 Cantu Mill,Port Charles,North Carolina,Burkina Faso
291,Terri Baker MD,51,5000,GB,3094 Steven Passage,Xavierstad,Michigan,Indonesia
292,Veronica Zamora,69,10000,GB,9438 Anderson Freeway,West Jamieborough,Indiana,Reunion
293,Julia Pearson,39,4500,GB,34785 Amanda Locks Suite 019,Robinshire,Alabama,Argentina
294,Thomas Williams,73,4000,GB,179 Carr Street Suite 545,North Gabrielborough,Georgia,Egypt
295,Brian Leonard,33,7500,GB,05585 Wilkinson Gardens Suite 943,Mckenziemouth,Iowa,Greece
296,Charles Mcclain,66,7500,GB,49520 Sheila Fields,North Donald,Colorado,Brazil
297,Sophia Ortiz,28,4000,GB,822 Glover Common,West Beverlyborough,Colorado,India
298,Ashley Stone,67,5000,GB,4675 Tammy Via Suite 570,Schneidermouth,South Carolina,Guernsey
299,Debra Sandoval,58,6500,GB,976 Daniel Squares Suite 086,Stevenchester,Wyoming,Sao Tome and Principe
300,Dr. Charles Huffman,43,6000,GB,9711 Julie Brooks,Robinburgh,Texas,Madagascar
301,Kaitlin Martinez,57,2000,GB,2823 Dawn Mount,Lake Ashleyborough,Kentucky,India
302,Blake Harper,67,3000,GB,619 Jeffrey Roads,West Lauren,North Carolina,Tokelau
303,Dr. Latasha Durham,41,7500,GB,340 Clark Port Suite 703,North Annafurt,Louisiana,Libyan Arab Jamahiriya
304,David Farmer,75,10000,GB,914 Rachel Plaza Suite 416,South Justin,Mississippi,Nepal
305,Samuel Jimenez,27,1000,GB,4207 Dean Ville,East Charlesport,Montana,Sao Tome and Principe
306,Natasha Norris,48,3000,GB,180 Barker Cliffs,Kathrynton,Virginia,Italy
307,Doris Salas,70,7000,GB,4954 Amanda Neck,Port Katherineland,Illinois,Mexico
308,Laura Spence,56,10000,GB,5378 Daniel Knolls,Hessberg,Louisiana,Greece
309,Catherine Nelson,37,3000,GB,40068 Gina Estates,Pittmanmouth,Colorado,Sudan
310,Robert Frey,22,8000,GB,8737 Sandra Shoals,South Tony,Hawaii,Kazakhstan
311,Sarah Farrell,27,8500,GB,1676 Bowman Manor Suite 547,Port Cassandrafurt,Iowa,Indonesia
312,Dr. Deanna Sloan,41,9000,GB,621 James Ridges,South Taylorchester,Michigan,Christmas Island
313,Angela Elliott,60,3500,GB,3490 Theresa Crossing,Liville,Wyoming,Kenya
314,Jeffrey Morgan,76,8000,GB,5712 Simmons Forest Apt. 689,Coxstad,Indiana,American Samoa
315,Hannah Schmidt,18,8500,GB,755 Michael Divide,Port Nicoleview,Virginia,Micronesia
316,Cody Chase,79,5500,GB,9254 Alexander Loaf Apt. 653,Garrettside,Iowa,Uruguay
317,Lisa Wise MD,76,2000,GB,185 Hunter Roads,South David,Maryland,Burundi
318,Veronica Brady,65,7000,GB,0107 Donna Extensions Suite 679,Freemanborough,Kentucky,Colombia
319,Angela Combs,50,9500,GB,2726 Mary Heights,Ellisshire,Maine,Armenia
320,Devin Graves,48,2000,GB,3344 Lang Point,South Sara,Rhode Island,Yemen
321,Angela Carter,66,3500,GB,232 Hoffman Knoll,South Kristachester,New Jersey,Zambia
322,Richard Davis,60,3500,GB,32936 Good Valleys Suite 694,Port Mathew,Kentucky,Benin
323,Christopher Hudson,77,4500,GB,532 Sara Burg,Travisberg,Arkansas,Vietnam
324,Michael Herrera,27,7500,GB,7049 Deborah Road Suite 735,Roberttown,New Hampshire,Moldova
325,Gary Edwards,46,3000,GB,149 Rios Well,Fishermouth,Texas,France
326,Renee Lopez,41,9500,GB,22603 Everett Light Suite 280,Trevinoburgh,Kentucky,Congo
327,Jerry Jones,77,6500,GB,4160 Renee Parkway,Shafferton,North Carolina,Somalia
328,Ricardo Gonzales,47,6000,GB,662 Best Ville Apt. 325,New Justin,Massachusetts,Spain
329,Michael Gomez,76,1000,GB,630 Lori Brook,East Kimberlytown,Delaware,Cocos (Keeling) Islands
330,Elizabeth Sherman,33,6500,GB,28432 Delgado Common,North Dianamouth,Washington,Tokelau
331,Jeffrey Davis,42,1500,GB,74406 James Land Suite 057,Hessfort,Washington,Malta
332,Kim Barnes,34,4500,GB,2174 Stewart Parks,Lake Juan,Massachusetts,Macedonia
333,Brittany Sanders,28,5000,GB,121 Timothy Crescent,New Robertmouth,California,British Indian Ocean Territory (Chagos Archipelago)
334,Abigail Allen,58,8500,GB,427 Mary Pine,New Linda,Pennsylvania,Malaysia
335,Jeffery Sherman,66,9500,GB,7175 Lewis Valley Apt. 509,Port Veronicaton,Oklahoma,Lesotho
336,Jeremy Parker,71,9000,GB,1749 Jacob Circles,South Lauratown,Tennessee,Lao People's Democratic Republic
337,Judith Foster,33,2500,GB,70600 Kenneth Coves,Lake Zacharyside,Utah,Palestinian Territory
338,David Hill,78,6500,GB,01142 Booth Pine,Carriefort,Virginia,Netherlands
339,Jacob Ramos,72,10000,GB,7929 Sara Islands Apt. 206,North Sandra,Wisconsin,Ireland
340,William Barker,48,4500,GB,07924 Robinson Tunnel Suite 052,Gregorymouth,Texas,Armenia
341,Stephanie Miles,22,1500,GB,2487 Koch Grove,Charlottebury,Vermont,Micronesia
342,Matthew Dougherty,61,2000,GB,02407 William Lake,Austinstad,Oklahoma,United States Virgin Islands
343,Brittany Goodwin,48,2500,GB,873 Michael Shoal Suite 419,West Erikaview,New Hampshire,Argentina
344,Krystal Velazquez,22,4000,GB,61278 Patricia Stravenue,Stevensfort,Delaware,Puerto Rico
345,Clarence Carson,37,6000,GB,00649 Coleman Junctions Suite 481,Port Jennifer,California,Gabon
346,William Potter,31,2000,GB,8203 Short Villages,West Michael,New Mexico,Azerbaijan
347,Miranda Hammond,78,2000,GB,058 Coleman Dam,Lake Rachelland,Texas,Poland
348,Jessica Martin,34,2000,GB,1965 Jonathan Hills,South Jessica,Alabama,Kuwait
349,Eric Ortiz,56,6000,GB,915 Rush Station Suite 458,North Jamesberg,Wyoming,Gambia
350,Melanie Morales,45,2500,GB,2155 Christina Shores,Emilyburgh,Massachusetts,Singapore
351,Kurt James,35,4000,GB,1355 Brittney Spring Apt. 222,East Davidside,Kentucky,Serbia
352,Amanda Walker,27,6000,GB,2433 Ryan Circle Apt. 374,South Kathryn,Florida,Togo
353,Drew Ramirez,76,7500,GB,079 Phillips Trace,New Tammyland,Nevada,Haiti
354,Richard Jones,72,8500,GB,2300 Peters Tunnel,New Erik,Montana,Ireland
355,Amanda Simpson,22,3000,GB,074 John Mill,Lake Tinamouth,Maryland,Colombia
356,Tyler Rodriguez,80,3500,GB,2762 Joshua Port,North Sandy,Arizona,Portugal
357,Jonathan Gilbert,19,5500,GB,856 Gabriel Overpass Apt. 404,North Norman,Nevada,Palau
358,Erin Hubbard,24,7500,GB,7706 Megan Shoals Suite 339,Lake Elizabethbury,Wisconsin,Bhutan
359,Amanda Davenport,66,7500,GB,3982 Edwards Burgs,East Geraldville,Montana,Andorra
360,Cristian Macdonald,41,8000,GB,9669 Carroll Divide,South Stevenville,Oklahoma,Heard Island and McDonald Islands
361,Sally Welch,75,3000,GB,7119 Elizabeth Corner Apt. 224,North Carolton,Michigan,Guinea-Bissau
362,Nicole Olson,37,6500,GB,911 Myers Land,Jessicatown,Michigan,Portugal
363,Peter Mcgee,72,9000,GB,421 Brooks Mills Apt. 699,Stephaniemouth,Virginia,Cayman Islands
364,John Munoz,37,6500,GB,48900 Rebecca Overpass,North Aprilberg,Ohio,Bangladesh
365,Kerri Johnson,24,9000,GB,80637 Davis Locks,Reedberg,Illinois,Rwanda
366,Jermaine Pena,78,2000,GB,54222 Lindsay Station,West Paultown,Michigan,Turks and Caicos Islands
367,Bobby Garza,51,6000,GB,60011 Sullivan Via,Lake Latoyamouth,Utah,Jordan
368,Jesse Thompson,72,5500,GB,418 Alison Ville Apt. 558,New Lisatown,Oklahoma,Haiti
369,Erin Cruz,36,7500,GB,11535 Brian Hills Apt. 129,South Karen,South Dakota,Reunion
370,Monique Jordan,57,2500,GB,264 Kimberly Grove Suite 206,Port Louis,Florida,Micronesia
371,Richard Berger,73,2500,GB,2406 Hunter Shoal,East Nicholasfurt,Ohio,Comoros
372,Cory Banks,63,8500,GB,57925 Crystal Causeway,Popeport,Colorado,Syrian Arab Republic
373,David Gonzalez,61,3500,GB,91428 Palmer Crescent,Danielsview,Utah,Japan
374,Victoria Chaney,63,3000,GB,5335 Hernandez Haven Apt. 936,Michaeltown,Indiana,Swaziland
375,Michael Lopez,76,6500,GB,5767 Thomas Highway,West Carriemouth,Idaho,Mauritania
376,Jenna Hughes,50,4500,GB,498 Joshua Pass Suite 289,Amyville,Massachusetts,Colombia
377,Tiffany Schultz MD,33,5000,GB,51034 Tony Ferry,South Emilyshire,Iowa,French Southern Territories
378,David Franco,39,1500,GB,44629 Conley Inlet,East Scottport,Florida,Andorra
379,Eric Hill,68,7500,GB,4492 Bowers Turnpike,Millermouth,Ohio,French Guiana
380,Benjamin Jones,27,9500,GB,84668 Norton Forge,West Rodney,Connecticut,Luxembourg
381,Adam Avila,69,8500,GB,75300 Crawford Fords Suite 279,Snydershire,Florida,Korea
382,Sarah Davis,58,9500,GB,94680 Michael Passage,West Elizabeth,Oregon,British Indian Ocean Territory (Chagos Archipelago)
383,Diane Ali,46,9000,GB,35432 Deanna Grove Apt. 847,North Michael,Illinois,Timor-Leste
384,Tyler Harris,80,5500,GB,0538 Micheal Plaza,Maureenbury,Texas,Vietnam
385,Nathan Jones,26,2500,GB,7980 Michael Mills,West Christopherfort,Tennessee,Afghanistan
386,Michael Duke,34,6500,GB,34066 Brown Square,Rodrigueztown,Minnesota,Iraq
387,Tina Boone,65,8500,GB,5113 Casey Ford,Martinbury,Tennessee,Nauru
388,Colton Richmond,64,6000,GB,01800 Mark Islands Apt. 149,New Richard,Kentucky,Lesotho
389,Karen Garcia,71,5000,GB,681 Villanueva Vista Apt. 908,Christinaview,Minnesota,Turks and Caicos Islands
390,Anthony Hamilton,60,7000,GB,323 Maria Locks Suite 240,Wolfeview,Ohio,Iceland
391,Latoya Nelson,23,5000,GB,379 Joseph Well Apt. 636,Cainville,Colorado,Egypt
392,David Hall,78,2000,GB,979 Phillips Ranch,New Stevenberg,Alabama,British Virgin Islands
393,Scott Mercado,65,4500,GB,49849 Richardson Island Apt. 178,Port Joshua,New York,Poland
394,Michael Vincent,26,2000,GB,725 Beth Stream Apt. 888,Delacruzborough,Rhode Island,Qatar
395,Paige Strickland,26,5000,GB,235 Corey Crossroad,Port Noah,Wisconsin,Cocos (Keeling) Islands
396,Michael King,40,8500,GB,7129 Mejia Lodge,Lake Edwardburgh,New Jersey,Chile
397,Robert Cooley,74,5500,GB,549 Adam Union,Simmonsshire,Oregon,Morocco
398,Steven Barr,73,3000,GB,0657 Yvette Way Apt. 466,New Ianstad,Georgia,Israel
399,Ernest Vincent,20,6500,GB,705 Rachel Light,Keithbury,Wyoming,Burundi
400,Raymond Blevins,78,5000,GB,17337 Ellis Prairie,North Scottland,Kansas,Greenland
401,Victor Powell,59,5500,GB,0188 Parker Well Suite 729,Tylerfurt,Iowa,Antigua and Barbuda
402,Gail Adams,57,8000,GB,14037 Kevin Village Apt. 474,Carolhaven,California,Tajikistan
403,Ronald Ellis,69,8000,GB,615 Olson Trace Suite 672,Port Deniseland,New Jersey,Venezuela
404,Abigail Campos,38,1000,GB,628 Lisa Course,Port Justin,Alaska,Heard Island and McDonald Islands
405,Megan Cervantes,44,10000,GB,01881 Nelson Views,New Elizabeth,Idaho,Paraguay
406,Lori Potter,43,2000,GB,533 Reynolds Greens,Mooreshire,Alaska,Pitcairn Islands
407,Deborah Wilson DDS,44,6500,GB,254 Berry Turnpike,Teresaland,South Dakota,Burkina Faso
408,Kelly Pratt,48,7000,GB,369 Nicole Port,Herreraborough,Massachusetts,Costa Rica
409,Jennifer Moore,23,9000,GB,36373 Jason Key Apt. 785,North James,Ohio,Mozambique
410,Terri Cummings,72,2500,GB,075 Sims Mews,North Jesus,Maryland,Chad
411,Terry Baker,43,6500,GB,5662 Shawn Point Suite 298,Cindyton,South Dakota,Lebanon
412,Joseph Ray,70,9000,GB,1473 Crawford Bridge Suite 379,Yateshaven,New Hampshire,Cocos (Keeling) Islands
413,Donna Villanueva,58,1000,GB,49362 Robinson Trail,Christineport,Idaho,Samoa
414,Christine Fowler,37,9000,GB,3178 Marks Forge,Brianfurt,Alabama,South Georgia and the South Sandwich Islands
415,Alexander Martinez,66,3500,GB,143 Sarah Keys,Hallfort,New Mexico,Trinidad and Tobago
416,Kevin Barrett,35,6000,GB,2094 Marilyn Branch,Floydville,Kentucky,Dominica
417,Eric Flores,41,9500,GB,8166 Robinson Mount Suite 922,Wyattbury,Texas,Ghana
418,Kelly Jones,43,2500,GB,42471 Lopez Brooks,Matthewsstad,Hawaii,Montserrat
419,Gregory Mccormick,55,10000,GB,2268 Hawkins Junction Apt. 499,Glenview,Alaska,Austria
420,Todd White,47,3500,GB,88452 Reynolds Junctions,Tracyland,Wisconsin,Slovenia
421,Earl Walker,43,9500,GB,108 Veronica Shores,Bridgetside,Maryland,United Kingdom
422,Ricky Schultz,37,2500,GB,733 Vang Ridges Apt. 427,Port Laura,North Carolina,New Zealand
423,Jasmine Palmer,69,2000,GB,7434 Pamela Valley Suite 531,Terrifurt,Utah,American Samoa
424,Erika Simmons,79,5000,GB,047 Kimberly Meadows Apt. 242,West Jamietown,Montana,Monaco
425,Charles Stewart,71,10000,GB,8706 Melinda Wells,Port Daniel,Ohio,Cambodia
426,Elizabeth Schmitt,22,2000,GB,065 Scott Corner Suite 582,North Carrie,Oregon,Spain
427,Michael Sanchez,26,1500,GB,93822 Fuller Summit,Mooretown,Utah,Syrian Arab Republic
428,Kelli Hamilton,36,3000,GB,892 Wagner Ferry,Jeffreychester,Minnesota,San Marino
429,Dorothy Cohen,75,2000,GB,577 Vanessa Valleys Suite 878,Lake Melissa,Kentucky,Austria
430,James Graham,29,3000,GB,21901 Brandy Bypass,New Keith,West Virginia,Macao
431,Taylor Richardson,37,8500,GB,7504 Shelly Flats,Christinefort,Michigan,Argentina
432,Kyle Smith,52,1500,GB,7355 Carrie Junction,Lake Matthew,Oregon,Albania
433,Richard King,37,4000,GB,5543 Travis Ways,Brittanytown,Nevada,Netherlands Antilles
434,Seth Lynn,23,2500,GB,33941 Angela Avenue,Port Robertbury,Oregon,Bermuda
435,Joe Mcdaniel,66,3000,GB,4863 Oneill Extension,Kendramouth,Idaho,Poland
436,Scott Sparks,31,2500,GB,428 Coleman Divide Apt. 275,East Kristinechester,Oklahoma,Cape Verde
437,Sara Brown,22,10000,GB,64381 Janice Station Suite 394,New Wendy,New York,Brazil
438,Jermaine Williams,27,4000,GB,96207 Zoe Corners Apt. 945,New Marissa,Wisconsin,Gabon
439,Ryan Herman,58,6000,GB,042 Joseph Cliff Suite 685,Parkerhaven,Iowa,Antarctica (the territory South of 60 deg S)
440,Erica Evans,41,2500,GB,8965 Lane Summit,Jonesfurt,South Dakota,Malaysia
441,James King,52,4000,GB,14287 Miller Land Suite 918,New Davidfurt,Iowa,Chile
442,Timothy Martinez,43,5500,GB,88759 Collins Mountain Suite 963,Port Ryanport,Kentucky,Tonga
443,William Johnson,32,6500,GB,8673 Robert Extension Apt. 048,New Jesus,Nebraska,Nicaragua
444,David Smith,29,9000,GB,9602 David Manors Suite 530,Shahmouth,Kansas,Saint Martin
445,Sherry Chen,24,3500,GB,89167 Tran Islands Suite 263,Port Jamesland,West Virginia,New Zealand
446,Jamie Boyd,63,4500,GB,79944 Michael Brooks,East Debra,Minnesota,French Guiana
447,Elizabeth Hensley,42,9000,GB,261 Steve Isle,New Ashley,South Dakota,Namibia
448,Mallory Hill DDS,74,8000,GB,47773 Sean Plain Apt. 826,Port Deborah,Idaho,Lesotho
449,Morgan Jenkins DDS,55,1500,GB,6270 Thomas Roads,Alvarezmouth,Maine,Brazil
450,Mark Fisher,35,1000,GB,167 James Pike,Port Scott,Arkansas,Anguilla
451,Robert Blackburn,47,1500,GB,616 Angelica Manors Suite 186,Jeremyburgh,Virginia,Antarctica (the territory South of 60 deg S)
452,Caitlin Hancock,39,9500,GB,0092 Lisa Summit Apt. 035,Audreytown,Vermont,Thailand
453,Francisco Martin,19,6000,GB,549 Melissa Mountain Apt. 863,South Kevinton,Louisiana,Svalbard & Jan Mayen Islands
454,Dwayne Edwards,27,4000,GB,12837 Garcia Ports,Smithmouth,Wyoming,Venezuela
455,Mr. Matthew Jackson,24,9000,GB,91432 White Vista,North Stephen,Virginia,Mexico
456,Thomas Smith,48,5500,GB,0544 Black Squares Suite 863,Port Geraldhaven,Colorado,Antigua and Barbuda
457,Alexandra Phillips DDS,73,3500,GB,9231 Thornton Pass,Port Sherryfort,North Carolina,Guernsey
458,Jennifer Miller,44,2500,GB,51070 Simmons Causeway,Jonathanmouth,Oklahoma,Bangladesh
459,Ryan Hughes,20,5000,GB,32767 Thompson Circles Suite 888,West Zachary,Virginia,Cameroon
460,William Patel,48,4000,GB,262 Carter Brooks Suite 572,North Joshuahaven,Virginia,Suriname
461,Martha Wall,75,4500,GB,4726 Osborne Haven Apt. 531,Olsonbury,Wisconsin,Greenland
462,Nancy Clark,42,1500,GB,0016 Newman Keys Suite 953,West Karenton,Colorado,Colombia
463,Christopher Wood,33,5500,GB,0161 Jefferson Trafficway,East Christinabury,Louisiana,Saint Barthelemy
464,Stephanie Colon,69,9000,GB,20457 Abigail Manors,Brandonstad,Nevada,Austria
465,Christine Allen,71,1500,GB,4239 Johnson Fall,Frankside,Rhode Island,Tajikistan
466,Jessica Bryant,68,5000,GB,884 Brian Unions,Rogerfort,Pennsylvania,Turks and Caicos Islands
467,Brett Bernard,22,6500,GB,62189 Michelle Corner,Jonesmouth,Massachusetts,Chad
468,William Walker,35,6000,GB,0759 Miller Avenue,Mollyview,Vermont,Chad
469,Johnny Harvey,69,1000,GB,8538 Benjamin Crossing Suite 549,Stephaniechester,Illinois,Austria
470,Latasha Mcdonald,35,7500,GB,512 Samantha Throughway,Williamtown,Idaho,Central African Republic
471,Sharon Hernandez,78,7500,GB,742 Keith Isle Suite 479,Zacharyfort,Nebraska,American Samoa
472,Alyssa Williams,55,3000,GB,63548 Anthony Shoal Apt. 629,Obrienton,Massachusetts,Panama
473,Zachary Porter,39,5000,GB,03907 Arias Forges,South Kyle,Kansas,Bhutan
474,Linda Wolfe,27,6500,GB,6320 Russell Shores Apt. 782,Mclaughlinshire,Kansas,New Caledonia
475,David Ballard,80,1000,GB,34684 Jackson Overpass Apt. 378,Lake Tonyahaven,Iowa,Latvia
476,Lindsay Mahoney,72,7500,GB,9325 White Manors Suite 307,North Michelleland,Vermont,Papua New Guinea
477,Sean Hernandez,42,9500,GB,932 Anthony Prairie Suite 710,Lake Davidport,West Virginia,Jordan
478,Krystal Campbell,60,4000,GB,88507 Garrett Overpass,Phillipsmouth,Kansas,Macao
479,Christopher Parsons,30,8000,GB,5627 Brown Brook Suite 905,Garciafort,Rhode Island,Afghanistan
480,Charles Peterson,32,10000,GB,22733 Destiny Stream,Youngmouth,Utah,Costa Rica
481,Brenda Rhodes,43,9500,GB,567 James Pine Suite 861,New Michael,Washington,Hong Kong
482,Brandon Mason,59,9500,GB,1462 Diane Curve,Jacobschester,North Carolina,Tanzania
483,Kayla Mathews,20,1500,GB,5999 Benton Villages Suite 884,Jessicaview,Missouri,Algeria
484,Dale Luna,26,3000,GB,364 Margaret Mews Suite 478,Leeland,New York,Central African Republic
485,Elizabeth Kennedy,71,7000,GB,391 Williams Squares,Dannyberg,Wisconsin,Indonesia
486,Ryan Yang,34,9500,GB,41846 Joshua Key Apt. 462,Transhire,South Carolina,Bahrain
487,Claudia Wallace,41,7500,GB,900 Cassandra Stream,South Jessicachester,Hawaii,Thailand
488,Ms. Sherry Brown,75,2000,GB,01228 Griffin Extension Suite 457,South Sabrinaland,West Virginia,Hong Kong
489,Jennifer Reynolds,47,4000,GB,15047 Wu Harbor,Charleschester,Delaware,Honduras
490,Nicole Andrews,70,5000,GB,1604 Crystal Mission Apt. 965,Andrewberg,Pennsylvania,South Georgia and the South Sandwich Islands
491,Kelsey Robinson,54,3500,GB,1584 Barbara Islands Suite 057,Timothyton,New Hampshire,Bangladesh
492,Kara Harper,63,7500,GB,297 Hall Branch Suite 174,Rojasborough,Oregon,Cambodia
493,Kathleen Walker,71,6500,GB,7874 Jackson Underpass Suite 372,Priscillaside,Delaware,Jersey
494,Michelle Fletcher,30,8500,GB,0762 Kiara Fords,East Kathleenmouth,South Dakota,Uganda
495,Tracey Johnson,72,5000,GB,597 Kristina Flat Apt. 004,Port Erin,South Carolina,Burkina Faso
496,Mrs. Angel Peterson,58,3000,GB,007 Thompson Locks,Derrickside,Illinois,Colombia
497,Sheila Schmidt,57,7500,GB,2876 Hale Streets,East Kelly,Alaska,Falkland Islands (Malvinas)
498,Timothy Glass,38,3000,GB,46802 Bradley Plains Apt. 976,Goodwinbury,Texas,Saint Pierre and Miquelon
499,Steven Hardy,55,5000,GB,251 Miller Hills Suite 740,Port Erikaview,Colorado,Antarctica (the territory South of 60 deg S)
500,Robert Glover,71,3500,GB,93110 Brown Burg Suite 231,Schneiderstad,Virginia,Chad
501,Dr. Dennis Colon,69,5000,GB,0758 Cook Square,Garyberg,Louisiana,Congo
502,Tammy Ramos,75,7000,GB,6098 Diaz Shore,Frederickstad,North Carolina,Sri Lanka
503,Kelsey Morales,71,6000,GB,69137 Andrew Mews,South Elizabeth,Montana,United States Virgin Islands
504,Kiara Burns,69,8000,GB,449 Fry Roads,Lake Richardborough,Idaho,Nauru
505,Courtney Moore,33,4000,GB,577 Harris Lodge,Banksview,Arizona,British Virgin Islands
506,Joseph Williams,32,10000,GB,2568 Samantha Mission Apt. 254,Johnsonfurt,Virginia,Macedonia
507,Matthew Olson,29,4500,GB,728 Wang Underpass,New Ann,Kentucky,Bermuda
508,Jason Campbell,53,7000,GB,6170 Lucas Springs,Christinaside,Vermont,Papua New Guinea
509,John Myers,49,1000,GB,62166 Stanton Mall,Roachview,North Carolina,Guadeloupe
510,William Price,58,2000,GB,8363 Katherine Mountain Apt. 749,Serranoville,Texas,Cayman Islands
511,Tammy Gibson,43,8500,GB,217 Kimberly Trafficway,South Johnmouth,Wisconsin,Turkey
512,David Lee,74,1500,GB,63643 Bianca Branch Suite 074,Seanmouth,Wisconsin,Solomon Islands
513,Linda Williams,62,5000,GB,0577 Harvey Club,East Leslieside,North Carolina,Ghana
514,Larry Wade,41,7500,GB,371 Rosario Cape Apt. 972,Lake Joe,Wyoming,Oman
515,Daniel Taylor,34,5500,GB,011 Carter Underpass,Garychester,Hawaii,Venezuela
516,Adam Miller,61,1500,GB,8531 Olsen Shoals,Melissahaven,Maine,Senegal
517,Andrea Brown,55,1000,GB,41405 Gregory Center,Masonville,Oregon,Bahamas
518,Alexis Jones,56,7500,GB,5026 Melissa Spring Suite 588,Lake Ernestburgh,Nevada,Honduras
519,Tammy Arnold,61,6000,GB,55135 Wilkinson Views Apt. 574,Sharonview,Tennessee,Sweden
520,Rebecca Osborne,75,4500,GB,7439 Burns Union Apt. 312,Murrayland,Georgia,Vietnam
521,Lisa Logan,54,4000,GB,04465 Miranda Mission,North Benjamin,Minnesota,Guinea-Bissau
522,Katherine Atkins,23,8000,GB,7160 Carol Prairie,Port Craigfurt,Virginia,Guadeloupe
523,Dr. Ashley Sampson DDS,55,1500,GB,889 Snow Manors,Brownport,Montana,Wallis and Futuna
524,Brian Ewing,20,8500,GB,25697 Dunlap Shoal,Davidshire,Wyoming,Indonesia
525,Patricia Suarez,63,6000,GB,131 Kelly Mountains,South Zacharyfort,West Virginia,French Polynesia
526,Richard Johnson,72,1000,GB,409 Brady Rapid,Thomasburgh,Texas,Indonesia
527,Chloe Sellers,65,1500,GB,28865 Hooper Underpass,North Derrickshire,Hawaii,Lithuania
528,Thomas Holmes,39,3500,GB,17956 Hines Mission,Ginaland,North Carolina,Malawi
529,Matthew Lane,65,7000,GB,3593 Joyce Pike,Wesleyfort,New Jersey,Indonesia
530,Robert Martin,59,4500,GB,34585 Jones Points,Griffinborough,Wyoming,Kiribati
531,Emily Werner,48,8500,GB,969 Taylor Court,North Williamfurt,Georgia,Nauru
532,Terry Allen,69,6500,GB,1603 Daniel Mill,Lamshire,Nevada,Mali
533,Mary Miller,46,3500,GB,78723 Morales Manors Suite 104,Chapmanport,Oregon,Belarus
534,Laura Olson,20,6500,GB,5794 Briggs Cliffs,West Timfort,New Hampshire,Suriname
535,Roy Schultz,42,8500,GB,22433 Kristen Hills,Thorntonport,New Hampshire,Ethiopia
536,Katrina Scott,52,1500,GB,298 Monique Valley,Laneside,Wyoming,Korea
537,Jennifer Hernandez,57,4500,GB,9432 Elizabeth Gateway Suite 615,West Alexandriaside,Nebraska,Antigua and Barbuda
538,Aaron Lee,28,10000,GB,69822 Lowery Isle Suite 435,New Elijahborough,Hawaii,Comoros
539,Ashley Williams,59,8500,GB,418 Felicia Knoll,Carrieberg,Alaska,Monaco
540,Bradley Jones,26,10000,GB,8009 Lori Drive,South Sarah,Ohio,Italy
541,Stacey Barrett,35,9000,GB,1591 Wu Circles,Port Lawrencebury,Alaska,Sudan
542,Amy Hernandez,29,1500,GB,678 Richard Rue,Lloydbury,Oklahoma,Vanuatu
543,Jamie Reilly,52,6000,GB,064 Allen Glens,South Michael,Tennessee,New Zealand
544,Kaylee Ford,29,4500,GB,06870 Kelly Land,Port Colleen,Delaware,Saint Kitts and Nevis
545,Jonathan Hines,59,1500,GB,13406 Ryan Cape Suite 794,Lake Madisonborough,South Dakota,South Georgia and the South Sandwich Islands
546,Karen Mills,30,3000,GB,9888 Cody Knoll,Williamfurt,New Hampshire,Congo
547,Claudia Thornton,36,3000,GB,916 Obrien Pines Apt. 967,Parkerfort,Massachusetts,Norway
548,Bob Mcclure,52,1000,GB,7691 Brian Meadow,North Thomasmouth,North Dakota,Zambia
549,Vincent Fernandez,67,3500,GB,751 Burgess Forks,New Amyfurt,Nebraska,Colombia
550,Richard Brown,46,4500,GB,5931 Lisa Rue,Walterburgh,Mississippi,San Marino
551,Maria Richards,71,1500,GB,319 Mario River,West Robertshire,Alaska,Kyrgyz Republic
552,Christopher Austin,31,4500,GB,85276 Ryan Shoals,Dwaynetown,Nebraska,Isle of Man
553,Nicole Turner,25,1500,GB,32620 Frederick Divide Apt. 385,Gardnerside,Montana,Burkina Faso
554,Elizabeth Hall,47,9500,GB,698 Hensley Lock,Hollowayview,Virginia,Mauritius
555,Veronica Harrington,49,3500,GB,22444 Cameron Cape,West Trevormouth,Hawaii,Portugal
556,Rachel Berry,36,9500,GB,902 Lewis Walks,Baxtertown,Delaware,Cyprus
557,Dakota Lopez,74,9000,GB,7733 Michael Shoal Apt. 157,Ramirezfurt,Alabama,Slovenia
558,Brenda Rubio,61,5500,GB,29425 Morris Glen,Port Christopher,Indiana,Saint Lucia
559,Christine Sims,56,2000,GB,51470 Jennifer Turnpike,Barrettchester,Arkansas,Korea
560,Sara Walters,54,2000,GB,3128 White Via Suite 572,North William,Nebraska,Malta
561,Mr. George Cox Jr.,24,9500,GB,80547 Donald Stream,Lake Jamesshire,New Mexico,Timor-Leste
562,Nancy Butler,70,3500,GB,360 Jeffrey Falls Apt. 430,Carolland,South Dakota,Equatorial Guinea
563,Michael Velez,80,7500,GB,432 Roberto Ways Suite 691,Port Mary,Tennessee,Tunisia
564,Richard Hinton,20,10000,GB,6101 Zachary Ramp,East Jason,Michigan,Gabon
565,Dana Davidson,77,10000,GB,88137 Smith Underpass,North Dennis,Wyoming,Czech Republic
566,Jacob Martinez,30,9000,GB,9637 Kayla Ford Apt. 793,West Marc,Minnesota,Netherlands
567,Michelle Vasquez,53,7500,GB,565 Michael Key Suite 985,Chelseaport,New Jersey,Yemen
568,Dana Davis,34,3500,GB,8537 Laura Ways Apt. 509,East Jeremy,Kansas,Guatemala
569,Jeffrey Russell,58,8000,GB,17564 Liu Causeway,Port Nicoletown,Kentucky,Egypt
570,Mark Stephens,63,6500,GB,6947 Thompson Bridge Apt. 074,Patriciaside,Illinois,Mali
571,Alyssa Morales,73,7500,GB,593 Tristan Walk,Damonchester,Kentucky,Svalbard & Jan Mayen Islands
572,Brandon Gallagher,72,7500,GB,7182 Smith Trafficway Apt. 681,Deannatown,Maine,Croatia
573,Jane Moreno,68,2000,GB,44325 Little Freeway Suite 447,Palmershire,Maryland,Antigua and Barbuda
574,Brian Ibarra,62,4000,GB,819 Shelton Corners,West Samuel,Oklahoma,Mauritania
575,Erin Clarke,73,6500,GB,0528 Alexandra Lights Apt. 755,South Danielview,New Jersey,Togo
576,Jonathon Jones,50,10000,GB,8505 Darryl Pines Suite 138,Franciscomouth,New Jersey,Saint Kitts and Nevis
577,Priscilla Martin,80,4500,GB,235 Sanchez Mountains,Lake Kevinside,North Dakota,China
578,Whitney Walker,63,2500,GB,730 Jennifer Place,New Noahmouth,Arizona,Papua New Guinea
579,Steven Ramirez,73,8500,GB,182 Mark Ridge,New Cherylville,Arizona,Mongolia
580,Lindsay Rodriguez,25,2000,GB,08742 Mason Trace Apt. 169,North Fred,Indiana,United Kingdom
581,Nicholas Miller,34,9500,GB,9955 Alan Fields Apt. 267,Curtisstad,New Hampshire,Comoros
582,Melissa George,26,7500,GB,0893 Marshall Glens,North John,Texas,Gambia
583,Marie Sutton,23,4500,GB,1256 Hansen Mills Suite 206,West Charles,Hawaii,Montenegro
584,Steven Robinson,50,1500,GB,4736 Smith Bridge,Murilloborough,West Virginia,Guyana
585,Vincent Carr,52,3000,GB,204 Krystal Rapid Suite 172,Duaneburgh,Texas,Malaysia
586,Ashley Robinson,61,4500,GB,41869 Donna Stravenue,Port Ericside,Pennsylvania,Myanmar
587,Angela Webb,33,1000,GB,823 Fields Tunnel Suite 421,Martinezshire,Arizona,Dominican Republic
588,Michael Harris,24,10000,GB,9790 Bauer Freeway,Nicholasshire,Missouri,Lao People's Democratic Republic
589,Denise Garza,18,7500,GB,75101 Gallagher Cove,Maryport,Oregon,Guatemala
590,Dr. Emily Rocha,27,6000,GB,24059 Mckay Ranch,Meyersborough,Maine,Germany
591,Thomas Moss,41,8000,GB,979 Dunn Expressway Apt. 766,Port Melissa,Oregon,Saudi Arabia
592,Raymond Smith,26,3500,GB,81264 Griffin Alley Apt. 436,New Cheryl,New Mexico,Reunion
593,Christine Park,39,10000,GB,809 Chase Trafficway,Alejandroshire,Minnesota,Somalia
594,Mary Ryan,66,10000,GB,6853 Carrie Spurs Suite 606,New Nathan,Oklahoma,Tuvalu
595,Sarah Gilbert,50,3000,GB,7647 Abigail Square Apt. 215,North Kevin,Montana,Italy
596,Donald Daniels,44,4500,GB,542 Shepard Center Suite 109,Victoriaport,Delaware,Luxembourg
597,Joseph Kelley,62,9500,GB,9012 Collin Shore,Kimborough,Minnesota,Mauritius
598,Caitlin Santiago,66,3000,GB,42285 Lopez Way Apt. 495,Palmerburgh,Washington,French Guiana
599,Stacey Frank,23,5000,GB,717 John Wells,West William,Indiana,Guadeloupe
600,Patrick Davis,61,9000,GB,99098 Elizabeth Roads,South Melissa,Maine,Panama
601,Donna Martin,66,2000,GB,639 Ward Expressway,Jonesbury,Connecticut,Uruguay
602,Deborah Cross,58,10000,GB,329 Mitchell Plains,East Christine,Idaho,Angola
603,Caitlin Garcia,21,2000,GB,7453 Spencer Shore Apt. 917,South James,Arizona,Zambia
604,Rodney Frost,21,4000,GB,179 Jason Vista,West Kelly,Hawaii,Luxembourg
605,Mary King,52,1500,GB,123 Jenna Unions Apt. 669,Leeton,New York,Saint Kitts and Nevis
606,Anna Wright MD,76,2500,GB,40932 Caitlyn Corners,Vazquezchester,Oklahoma,Colombia
607,Patricia Oliver,61,3500,GB,376 Orr Pike,Spencermouth,Tennessee,Azerbaijan
608,Jose Fuller,54,4500,GB,4719 Gonzalez Pass Suite 468,Port Taylorberg,Colorado,Lesotho
609,John Moran,41,2000,GB,35792 Scott Glens,Trevinomouth,New Mexico,Palau
610,Samantha Johnson,37,3500,GB,437 Gallegos Keys,Port Hollyborough,Alabama,India
611,Dr. Paul Bennett,54,6500,GB,137 Le Extension Suite 853,Joseton,Virginia,Philippines
612,Jennifer Leonard,71,8000,GB,9061 Robinson Underpass,Walkerview,Arizona,Papua New Guinea
613,Amanda Baker,26,2000,GB,9141 Jeremy Turnpike Apt. 166,Elliottland,Nebraska,Spain
614,Bryan Watson,44,3000,GB,1329 Brittany Landing Apt. 791,West Tonyfurt,Missouri,Uzbekistan
615,William Sanders,58,10000,GB,37921 James Crossroad,Jonesburgh,Maine,Namibia
616,Maria Gonzales,77,4500,GB,37457 Todd Roads Suite 397,Lowestad,West Virginia,Argentina
617,Tammy Vasquez,64,10000,GB,600 Garcia Glens,Bryanmouth,Kansas,Canada
618,Carrie Krause,61,9500,GB,3566 Daniel Via,Carpenterside,Nevada,Kuwait
619,Richard Fox,33,6000,GB,342 Amanda Pass Apt. 329,New Matthewborough,Arkansas,Spain
620,Randy Dean,45,3500,GB,15034 Sanders Point Apt. 422,Johnhaven,Idaho,Malawi
621,Thomas Reid,44,5000,GB,085 Turner Square,Ginachester,Louisiana,Canada
622,Nina Williams,47,4000,GB,5810 Martin Canyon Apt. 807,Younghaven,Oklahoma,Niger
623,Melissa Mcdonald,19,9500,GB,093 Michael Passage,Lake Dawnberg,Mississippi,Jamaica
624,Michael Mullins,77,10000,GB,560 Berg Isle Apt. 996,Port Marc,Illinois,Honduras
625,Amanda Mayer,32,7000,GB,256 Gabrielle Spring,Salazarmouth,New Hampshire,Dominican Republic
626,Denise Salas,69,5000,GB,441 Mccall Junction Apt. 350,New Denise,Maine,France
627,Gerald Peterson,18,7500,GB,6410 Eric Plains,New Rebekahberg,Massachusetts,Turkmenistan
628,Katherine Mendez,20,10000,GB,405 Cisneros Route Apt. 713,North Brenda,Maryland,Malaysia
629,Sherry Hess,73,3500,GB,752 Rodriguez Courts Suite 796,Port Davidport,South Dakota,Iraq
630,Dr. Michael Anderson,70,7000,GB,314 Nelson Gateway Apt. 946,Cameronside,Minnesota,Yemen
631,Benjamin Gallagher,47,5000,GB,990 Wilson Islands Suite 305,Margaretfurt,Washington,Cote d'Ivoire
632,Julie Russell,57,5500,GB,32106 Karen Gardens,New Kristen,California,Malawi
633,Mrs. Dawn Bell MD,63,7000,GB,3650 Frank Gateway,Port Kylechester,Texas,Senegal
634,Nicholas Adams,38,3000,GB,013 Tracy Stream,East Stephaniechester,Kentucky,Swaziland
635,John Franco,59,4000,GB,40762 Brown Loaf Apt. 227,Donovanton,Maryland,United States Virgin Islands
636,Amber Anderson,46,4000,GB,3042 Diaz Vista Apt. 470,Elizabethland,Texas,Oman
637,Brenda Schaefer,47,1500,GB,99318 Lori Ranch,West Tylerland,Rhode Island,Israel
638,Natalie White,36,10000,GB,608 Rodriguez Springs,West Brandonton,Wisconsin,Armenia
639,Steven Rhodes,53,2000,GB,65713 Lang Crossroad Apt. 174,Robertview,Delaware,Tuvalu
640,Jonathan Sullivan,36,2000,GB,670 Lee Plains Suite 255,Brittneyshire,Missouri,Romania
641,Kim Norman,42,3000,GB,640 Brown Ville Apt. 467,Margaretview,Michigan,Germany
642,Stephanie Rhodes,57,1500,GB,6032 Gray Ridges,Mooremouth,South Dakota,Thailand
643,Rebecca Davis,79,8500,GB,25541 Ray Flat,Danielland,Vermont,American Samoa
644,Valerie Gonzales,67,3000,GB,414 Angelica Island Apt. 046,South Laura,Wisconsin,Congo
645,Joseph Galloway,77,6500,GB,446 Olivia Locks Suite 093,Jeremymouth,Pennsylvania,Sweden
646,John Johnson,45,4500,GB,0648 Smith Vista,East Kimberlyburgh,Florida,Tajikistan
647,Max Wheeler,39,3500,GB,07007 Tara Rapids,Clementsshire,Missouri,Grenada
648,Jessica Atkins,79,4000,GB,411 Gonzalez Corner,Lake Robyn,Delaware,Iceland
649,Dana Allen,53,2500,GB,364 Donna Street Apt. 987,Boltonberg,North Carolina,Swaziland
650,Kimberly Frost,59,7000,GB,34838 Lowery Bypass Suite 585,Shawnfurt,Illinois,Yemen
651,Kristi Williams,25,2500,GB,11984 Atkins Motorway,Port Jamie,Nevada,Argentina
652,Cynthia Jones,50,7000,GB,070 Donna Mews Suite 298,North Jenniferland,Arkansas,South Africa
653,Matthew Thomas,23,3500,GB,11852 Abigail Mountain,North Kaylaton,Pennsylvania,Cameroon
654,Susan Le,80,8000,GB,351 Barbara Village Suite 393,Mariahport,Minnesota,Cyprus
655,Taylor Martinez,48,4000,GB,72636 Willie Hills Suite 171,Morrisberg,Iowa,Central African Republic
656,Douglas Price,30,9500,GB,535 Rogers Plaza,Jenkinsstad,Mississippi,Uganda
657,Maxwell Baker,56,7000,GB,41643 Dyer Rue,Daughertyborough,Georgia,Honduras
658,Chelsea Daniel,35,5000,GB,5715 Jackson Islands,West Michele,Illinois,Dominica
659,Michael Peterson,32,9500,GB,41642 Amanda Forest Apt. 748,Jasontown,West Virginia,Guyana
660,Christine Jones,79,7500,GB,4963 Matthew Center,Pamelabury,Wyoming,Pakistan
661,Karen Moss,44,8500,GB,8603 Munoz Fork,Sarahstad,Alaska,Dominica
662,Gary Mcguire,59,8000,GB,426 Sandra Glens Apt. 704,Brendatown,Kansas,Lebanon
663,Steven Riley,76,3000,GB,463 Robbins Mount,Connorport,Missouri,Tonga
664,Scott Gardner,69,9500,GB,8972 Sharon Courts Suite 123,Catherineton,Indiana,Saint Pierre and Miquelon
665,Terry Rios,48,4500,GB,052 Stacy Trafficway,North Matthew,New Mexico,Brazil
666,Nathaniel Walker,53,1500,GB,835 Kennedy Meadow Suite 508,West Derekshire,Connecticut,France
667,Jacob Jones,68,9000,GB,6484 Jon Pass,Ericamouth,Delaware,Germany
668,William Woods,22,2000,GB,4652 Justin Mills Apt. 380,Barneschester,Kentucky,Falkland Islands (Malvinas)
669,Kevin Ellis,50,4500,GB,01823 Lisa Gardens,Weissport,Wyoming,Burkina Faso
670,Dustin Black,25,3000,GB,59178 Anderson Springs,South William,Connecticut,Luxembourg
671,Dustin Patel,40,8000,GB,796 Maria Via,East Julia,Oregon,Rwanda
672,Erica Freeman,40,7500,GB,6001 Valentine Glens,Lake Jeremiah,Kansas,Bahrain
673,Brian Riley,67,1500,GB,388 Ryan Walk,Anthonyton,Vermont,Lithuania
674,Michael Armstrong,61,1500,GB,1657 Mark Parkways,Victoriaville,Virginia,Ghana
675,Donna Cohen,19,9500,GB,2968 Johnson Streets Suite 487,Romanmouth,Nevada,Israel
676,Mrs. Joyce Bowman,63,2500,GB,9157 Gregory Ford Suite 859,South Mary,Nevada,Slovakia (Slovak Republic)
677,Corey Wright,37,5500,GB,374 Kathleen Meadow Apt. 486,Danielfurt,Texas,Tuvalu
678,Amber Powell,74,7000,GB,6013 Latoya Turnpike Apt. 519,Patrickport,Vermont,Christmas Island
679,Stephanie Larson,27,6500,GB,2958 Krystal Walks Apt. 476,Port Joshua,Vermont,Bahamas
680,Ms. Amy Schwartz,76,10000,GB,15280 Anderson Plains,New Dominic,Louisiana,Lao People's Democratic Republic
681,Cole Ballard Jr.,79,2000,GB,6555 Green Street Suite 484,Whitetown,Montana,Guatemala
682,Nicholas Bell,78,7000,GB,8846 Smith Row,Gregoryberg,Mississippi,Guadeloupe
683,Robert Ryan,45,8500,GB,429 Heather Loop Apt. 329,West William,Indiana,Faroe Islands
684,Gregory Cooper,58,3000,GB,76153 Anderson Brook,Port Tinaville,Arkansas,Madagascar
685,Todd Frye,19,7500,GB,89488 Bell Island,Lopezmouth,West Virginia,Equatorial Guinea
686,Elizabeth Mora,50,8000,GB,6707 Baker Burgs,Heatherton,Montana,Argentina
687,Samuel Shaw,23,3500,GB,36577 Williams Path,Fitzgeraldmouth,Washington,Mozambique
688,Jennifer Bullock,52,8500,GB,565 Edwin Valley Apt. 545,Port Melody,Tennessee,Gibraltar
689,Jesus Townsend,68,5000,GB,16268 Brock Ramp Apt. 449,Washingtonburgh,Iowa,Kuwait
690,Sandra Davis,71,3500,GB,14251 Brewer Expressway Suite 583,Erikmouth,Utah,Tonga
691,Jessica Knight,38,5000,GB,803 Payne Freeway Apt. 486,South Kathystad,Iowa,Wallis and Futuna
692,Hannah West,23,10000,GB,924 Jacob Pines,New William,Maine,Korea
693,Melissa Smith,59,5000,GB,85294 Justin Forks Apt. 243,Schwartzland,West Virginia,Ghana
694,Julie Watson,50,3500,GB,056 Mcintyre Parkways,West April,West Virginia,Kyrgyz Republic
695,Adam Banks,50,8500,GB,9123 Andrews Throughway Apt. 679,Lake Matthewbury,Wyoming,Lao People's Democratic Republic
696,April Cochran,80,3000,GB,3725 Amber Point,East Jasonshire,Pennsylvania,Switzerland
697,David Smith,22,7500,GB,446 Tyler Camp,Whitneyton,Rhode Island,Tonga
698,Elizabeth Drake,66,1500,GB,2197 Donna Lakes Suite 231,Rodneymouth,California,Mali
699,Renee Smith,37,5000,GB,793 John Square,West Cathy,Arkansas,San Marino
700,Theresa Davis,19,6500,GB,8212 Katie Crest,Laraburgh,Ohio,Heard Island and McDonald Islands
701,Nancy Cruz,20,5500,GB,91474 Eric Locks,Brendashire,Minnesota,Ethiopia
702,William Lopez,74,6000,GB,7268 Sanchez Fork,Sanderstown,Michigan,Montserrat
703,Katherine Smith,56,5500,GB,07253 Jones Plaza,Bellview,Utah,Gabon
704,George Johnson,46,2500,GB,41459 Scott Glen,Hollandhaven,Tennessee,Guinea
705,Jane Bryant,23,9500,GB,438 Price River,Rickfort,Connecticut,Togo
706,Luke Rodriguez,72,6000,GB,535 Kelley Park Apt. 393,South Bradley,South Carolina,Solomon Islands
707,Kimberly Miller,37,2000,GB,4118 Moore Island Suite 077,Bernardside,New Hampshire,Trinidad and Tobago
708,Pamela Russell,51,3000,GB,421 Jerome Freeway,Port Ethanshire,Kansas,Oman
709,Sherry Lee,59,2500,GB,47468 Trujillo Roads Suite 457,East Emily,South Carolina,Namibia
710,Alicia Williams,59,8000,GB,22144 Tara Drives Suite 008,Dominiqueside,Kentucky,Kuwait
711,Karen Peterson,44,4500,GB,33934 Irwin Motorway Suite 082,East Rachelview,Idaho,Papua New Guinea
712,Jordan Young,18,10000,GB,90460 Jessica Gateway,Smithland,Massachusetts,Rwanda
713,Barbara Diaz,62,3000,GB,60622 Emily Circle,East Derrick,Maryland,Cote d'Ivoire
714,Matthew Davis,57,5500,GB,69911 Turner Shoals,West Cindy,New Mexico,Swaziland
715,Jocelyn Richardson,74,6500,GB,5604 Smith Common,Katiebury,New York,Cambodia
716,Brittany Decker,64,1000,GB,0597 Lyons Pines Suite 144,Brittanyton,Massachusetts,France
717,James Green,52,2000,GB,97032 Daniel Extension Apt. 482,East Brianside,Maine,Pitcairn Islands
718,Erica Collins,28,5500,GB,154 Jones Turnpike,Johnsonburgh,Tennessee,Iran
719,Brendan Carroll,71,3500,GB,2485 Anthony Mountain Suite 898,Jacquelinetown,Texas,Tunisia
720,Michael Torres,26,4000,GB,5066 William Ranch,Clarkeberg,Colorado,Jersey
721,James Moore,55,5500,GB,10197 Butler Ford Suite 199,Aaronport,Hawaii,Spain
722,Lisa Taylor,64,7000,GB,935 Aguirre Spurs,Marthatown,Indiana,Cameroon
723,Natalie Smith,28,1000,GB,257 Kevin Overpass Suite 925,Aliciastad,Rhode Island,French Southern Territories
724,Amanda Adams,28,7000,GB,687 Wilson Course,West Aaron,New Jersey,Kazakhstan
725,Scott Rivera,62,7000,GB,7017 Hayes Trail Suite 013,Port Juan,Rhode Island,Montenegro
726,Rhonda Brown,25,5000,GB,21562 Horton Lane Suite 562,North Victoria,Kansas,Hong Kong
727,Christopher Jensen,56,3500,GB,5076 Graham Pine,West Jennifer,California,Liberia
728,Gloria Mason,20,2500,GB,982 James Road,Ginaberg,Wyoming,Kyrgyz Republic
729,Jessica Oconnor MD,20,7500,GB,478 Moore Gardens Apt. 589,Wilsonmouth,California,Marshall Islands
730,John Mccarthy,36,2000,GB,815 Brown Summit Apt. 628,Lake Christina,Minnesota,Fiji
731,Paul Moore,76,8500,GB,856 Sarah Via Apt. 840,Port Lesliechester,New Mexico,Venezuela
732,Jason Martin,54,8500,GB,537 Jeffery Station,Lake Corey,Nebraska,Belgium
733,Troy Cook,27,6500,GB,921 Lori Lodge,Loganmouth,Oklahoma,Iran
734,Judy Garrett,72,8000,GB,7786 Norman Parks,North Katrina,Ohio,United States of America
735,Amanda Hernandez,52,8500,GB,42871 Dana Greens Suite 915,Port Michaelside,Indiana,Nepal
736,Michael Coffey,44,6000,GB,3307 Sharon Trail Apt. 504,North Jamesstad,Kentucky,Maldives
737,Jennifer Flores,80,1000,GB,785 Gutierrez Extension,Sharonport,Louisiana,Northern Mariana Islands
738,Ian Stone,45,4000,GB,1005 George Divide Apt. 531,North Erikashire,Wyoming,United States Virgin Islands
739,Sydney Flores,41,4500,GB,7628 Sarah Brook Apt. 769,Devinhaven,New York,Nauru
740,Raven Golden,23,5500,GB,099 Donna Mountain Apt. 997,Jenniferview,Oklahoma,Bangladesh
741,Karen Brown,62,2000,GB,9508 Shelby Via Suite 162,Callahanmouth,Florida,Oman
742,Nancy Patterson,41,8000,GB,312 Hannah Extensions Suite 266,West Kim,Virginia,Chad
743,Omar Conner,22,9500,GB,040 Mcdonald Mountain Suite 675,South Laurie,New Hampshire,Jordan
744,Alan Hernandez,47,9000,GB,40031 Heather Shoals Apt. 136,Anthonyberg,Nevada,Algeria
745,Darryl Watkins,73,5500,GB,4171 King Heights Apt. 338,West Aaronville,Missouri,San Marino
746,Shelby Brown,31,3000,GB,92854 Thomas Lodge,East Peter,Montana,Ethiopia
747,James Parker,74,10000,GB,09324 Hodges Pines,Lake Kathleen,Mississippi,Brunei Darussalam
748,Jared Ryan,32,1000,GB,07303 Morris Dam Suite 742,East Ambertown,South Carolina,Holy See (Vatican City State)
749,Allen White,20,6500,GB,9609 Martinez Road,New Samuelville,Wyoming,Gibraltar
750,Victoria Sweeney,61,3000,GB,714 Berry Squares,Flynnview,Massachusetts,Isle of Man
751,Sarah Evans,79,4500,GB,4105 Peter Loop,Kellyton,New Mexico,Guyana
752,Dana Melton,34,6000,GB,4712 Myers Village,Deborahton,Virginia,Netherlands Antilles
753,Donna Brown,54,7500,GB,512 Andrew Brooks,Biancamouth,New Mexico,Sri Lanka
754,Carrie Rice,37,10000,GB,918 Graham Forge Apt. 781,Stevenland,Montana,Liberia
755,Gregory Carney,25,4000,GB,4453 Woodard Mount Suite 241,North Dana,Massachusetts,Solomon Islands
756,Jay Chapman Jr.,59,1000,GB,6877 Christina Summit,Autumnport,Georgia,French Southern Territories
757,Sarah Martin,79,2000,GB,202 Gardner Street Apt. 571,Josephview,Colorado,New Caledonia
758,Dennis Byrd,80,4500,GB,239 Ryan Shore,Port Kimberlyview,Florida,Kuwait
759,Matthew Liu,67,2000,GB,31327 Tamara Way Suite 794,East Elizabethville,New Mexico,Togo
760,Troy Walker,58,7000,GB,64333 Jones Mountain Suite 742,Michaelborough,Pennsylvania,Iceland
761,Justin Perkins,49,10000,GB,45131 Raymond Mountains Suite 024,West Alfredstad,South Carolina,Indonesia
762,Philip Lamb,58,8000,GB,26710 Hayes Port,Chadfort,Louisiana,Bouvet Island (Bouvetoya)
763,Victoria Hall,67,1000,GB,63364 Christopher Crescent Suite 392,Carlastad,Oklahoma,Taiwan
764,Nicholas Ramsey,19,5000,GB,4680 Johnson Road Apt. 948,Parkerfurt,Florida,Guinea-Bissau
765,Danielle Owens,21,2000,GB,85971 Randolph Trail Suite 201,North Andrewhaven,Oregon,Micronesia
766,Cynthia Jones,59,3500,GB,790 Timothy Ridge,Bassfort,Arizona,Romania
767,Timothy Santos,24,7000,GB,8600 Nicholas Roads Apt. 249,New Kathleentown,Kansas,Poland
768,Katrina Sharp,64,4500,GB,971 Pamela Streets,West Justinville,Washington,Bermuda
769,Stephanie Jones,77,2000,GB,685 Michelle Vista,Meganland,Florida,Montenegro
770,Shari Williams,75,9000,GB,558 Megan Points,Baldwinstad,Florida,Spain
771,William Patterson,72,8500,GB,027 Barbara Views,Greenhaven,South Carolina,Qatar
772,Gregory Jones,39,5500,GB,97120 Bullock Lodge Suite 965,Lake Robertbury,New York,Comoros
773,Stephanie Grant,34,4500,GB,00974 Cox Tunnel Apt. 599,Lake Tylermouth,Oklahoma,Wallis and Futuna
774,Angela Marshall,29,1500,GB,92797 Patrick Junction,Gonzalezbury,Washington,Romania
775,Debra Elliott,59,3500,GB,4233 Derek Mill Suite 041,New Luisstad,Massachusetts,Portugal
776,Jennifer Hill,58,4500,GB,100 Brenda Drive Suite 771,Port Laura,North Dakota,Northern Mariana Islands
777,Lydia Franklin,71,7000,GB,4843 Luke Rapids,Villegasville,Illinois,Montserrat
778,Lisa Coleman,45,3500,GB,2982 Kari Brook,Davidmouth,Montana,Lebanon
779,Brenda Leonard,30,1500,GB,9817 David Circle,Simsport,Mississippi,Cote d'Ivoire
780,Christine Davis,76,7500,GB,471 Edwards River,West Victorville,Vermont,Guinea
781,Erika Kim,63,1000,GB,353 Riley Islands,Port Kelly,Ohio,Switzerland
782,Kathryn Summers,74,8500,GB,39204 Paul Key Apt. 107,Campostown,Rhode Island,Bahrain
783,Tara Evans,54,7500,GB,08104 Conway Way Suite 006,South Robin,Alaska,South Africa
784,Brian Sanchez Jr.,20,3500,GB,29596 Shaun Loaf Suite 139,North Jonathanberg,Arizona,Myanmar
785,Mary Long,44,3500,GB,639 Perez Spring,Angelaview,Tennessee,Slovenia
786,Kimberly Brady,62,6000,GB,830 White Harbors,Rodriguezton,Maryland,Norway
787,Albert Yang,48,2500,GB,2875 Kathleen Islands Apt. 154,Mindytown,Nebraska,Vanuatu
788,Michael Carter,56,8000,GB,27624 Larry Lakes,Stoneside,Kentucky,Namibia
789,Cindy West,26,6500,GB,6199 Theodore Ferry Suite 738,Hayesmouth,Georgia,Guernsey
790,Angela Clark,40,3500,GB,869 Holloway Islands,Port Christineton,New Mexico,Central African Republic
791,Heather Blair,66,8500,GB,61919 Ramirez Forks Apt. 998,Sarahport,Utah,Panama
792,Barbara Perry,54,4000,GB,71002 Jonathan Radial,South Deborah,Oregon,Mozambique
793,Kathleen Hunt,54,1500,GB,012 Woods Point,Pamelabury,California,Ecuador
794,Eric Jones,25,3000,GB,931 Anna Ford,New Alyssa,Rhode Island,Egypt
795,Amanda Perry,73,6000,GB,20503 Robert Fords Apt. 313,West Anthonyport,Missouri,Svalbard & Jan Mayen Islands
796,Robert Wagner,61,5000,GB,020 Jackson Squares,Lucasshire,Idaho,Kazakhstan
797,Joseph Allen,76,2000,GB,0056 Maurice Ford Suite 674,East Jason,Georgia,South Africa
798,Leslie Savage,24,8000,GB,86894 Trevor Ramp Suite 507,Tinamouth,Minnesota,Rwanda
799,Michael Miller,78,2500,GB,098 Tammy Inlet,West Hollyville,Connecticut,British Virgin Islands
800,Mariah Shelton,79,4000,GB,1330 Sloan Ports Apt. 718,West Susanside,Wyoming,Cape Verde
801,Vicki Sexton,59,3500,GB,0958 Marcus Loaf Apt. 053,Port Jeffreyton,New Jersey,Libyan Arab Jamahiriya
802,Matthew Guerrero,66,2500,GB,999 Samuel Tunnel Suite 810,Dariusville,Wyoming,Timor-Leste
803,Felicia Ellis,49,5000,GB,10291 Megan Neck Apt. 395,Rebeccashire,Virginia,Estonia
804,David Lee,33,7000,GB,82039 Martinez Unions Apt. 117,North Kristymouth,Michigan,El Salvador
805,Tasha Barron,26,4000,GB,672 Wright Viaduct,New Kenneth,Louisiana,Falkland Islands (Malvinas)
806,Darren Carroll,27,7000,GB,504 Gail Roads,Walshside,South Dakota,Guyana
807,Misty Phillips,80,9000,GB,7189 Daniel Pines,Port Pedroview,Oregon,Venezuela
808,Michael Gibson,34,8000,GB,0141 Jackson Shoal,East Megan,Alabama,Angola
809,Dennis Silva,45,6000,GB,15683 Elizabeth Throughway Apt. 017,Lake Jeffrey,Wisconsin,Honduras
810,Amber Johnson,42,9000,GB,190 Chavez River Apt. 962,Petersonside,Hawaii,Christmas Island
811,James Smith,80,3500,GB,69155 Butler Freeway Apt. 194,North Caseyton,New York,Heard Island and McDonald Islands
812,Brian Moran,43,6000,GB,20180 Mills Pass,West Michael,Vermont,Finland
813,Rachel Gutierrez,18,6000,GB,750 Rebecca Lights Apt. 229,West Kristinberg,Florida,Syrian Arab Republic
814,Jesse Callahan,40,2500,GB,26111 Laura Valleys Suite 315,Reynoldsmouth,Delaware,Mali
815,Manuel Reed,49,10000,GB,3825 Roberts Forest,New Karenfurt,Rhode Island,Christmas Island
816,Gail Nolan,26,3000,GB,67203 Richards Burg,South Donaldland,Maryland,Hong Kong
817,Brandi Dominguez,52,4000,GB,53086 Mcintosh River,South Melissa,Illinois,Malta
818,Ashley Martin,63,4500,GB,04081 Tina Gateway Apt. 754,Palmerburgh,Massachusetts,Ukraine
819,Jerry Garcia,54,9000,GB,98347 Gabrielle Hollow Apt. 779,East Justinstad,Arkansas,Oman
820,Erika Jones,37,6500,GB,63252 Mark Mission,Joyceberg,Alaska,Romania
821,Danielle Whitney,76,8000,GB,49734 Susan Junctions,Owenshaven,Mississippi,Afghanistan
822,Mike Boyer,34,3000,GB,107 Barrera Burg Apt. 869,Port Courtneyville,Montana,Fiji
823,Jennifer Shelton,50,1500,GB,6004 James Springs Apt. 221,West Anashire,Nebraska,United Arab Emirates
824,Patricia Daniels,72,1000,GB,800 Jackson Crest,Coreyhaven,Idaho,Monaco
825,Connie Hunter,66,1500,GB,394 Taylor Inlet Suite 086,Blackton,New Mexico,Cape Verde
826,Kendra Bates,66,5000,GB,87284 Baker Keys Apt. 929,Burgessbury,Kansas,Gambia
827,Dorothy Pace,20,7000,GB,020 Park Rue,Dominguezville,Arizona,Tanzania
828,Sara Kent,55,8000,GB,6128 James Fork Apt. 793,Port Sheila,Maine,Romania
829,Makayla Ramirez,19,2000,GB,323 Savage Hollow,New Kyle,Nevada,Benin
830,Geoffrey Jenkins,54,8500,GB,4330 Brandon Ranch,Phillipfort,Washington,New Caledonia
831,Megan Mckay,63,2500,GB,1735 Mary Locks Apt. 420,Susanfurt,Idaho,Bouvet Island (Bouvetoya)
832,Victoria Haney,64,9000,GB,03204 Meyers Falls Apt. 266,Smithmouth,Nevada,Singapore
833,Cindy David,46,1500,GB,9565 Howell Center Suite 496,Staciestad,Nebraska,Guinea
834,Dennis Simpson,24,1000,GB,59928 Wilkinson Fords Apt. 334,South Kelly,Minnesota,Guinea
835,Samantha Clark,39,6500,GB,95151 Alexis Lock,South Carolineborough,Oklahoma,India
836,Gregory Foster,74,4500,GB,3467 Edwin Isle,South Emily,Indiana,El Salvador
837,Steven Sherman,47,10000,GB,1028 Dunn Estate,Oliverton,Colorado,Jamaica
838,Johnny Miller,69,6000,GB,07167 Chapman Views Apt. 361,East Nathanfurt,Ohio,Netherlands Antilles
839,Malik Welch,23,6500,GB,05042 Graham Islands Suite 907,Williamsborough,Arkansas,Lithuania
840,Regina Sims,24,8000,GB,781 Jackson Land Apt. 190,Traviston,Alaska,Indonesia
841,Caroline Owens,43,5500,GB,760 Hayes Square Suite 196,New Elizabethburgh,Washington,Angola
842,Ashlee Jackson,43,5500,GB,53527 Evans Radial Apt. 473,Kevinburgh,Utah,Rwanda
843,Mr. Brent Young MD,75,4500,GB,67408 Cheryl Valley,Christopherland,New Mexico,Solomon Islands
844,Tabitha Walker,45,1000,GB,972 Pearson Mountains Apt. 905,Jamesburgh,Indiana,Gambia
845,Justin Ramirez,67,2500,GB,17808 Wong Valley,East Julieshire,Florida,Sao Tome and Principe
846,Kenneth Douglas,28,6500,GB,198 Leach Coves Apt. 230,Clarkside,Rhode Island,Botswana
847,Eric Wade,23,5000,GB,321 Joseph Street Suite 771,Lisatown,Wyoming,Mozambique
848,Craig Taylor,64,5000,GB,1120 Edwards Gateway Suite 909,New Andrew,West Virginia,Ireland
849,Johnathan Carey,41,2500,GB,6063 Collins Throughway Suite 723,South Amy,Illinois,Barbados
850,Candice Carpenter,46,1500,GB,18162 Strickland Ramp Suite 146,East Angelaburgh,Utah,Sao Tome and Principe
851,Steven Graham,67,5500,GB,8542 Moore Street,Danielville,Virginia,Western Sahara
852,Anita Frank,36,2000,GB,6709 White Point Apt. 363,Kellychester,Kansas,Bulgaria
853,Mr. Timothy Hansen,36,5500,GB,30490 Clark Hill Suite 938,Biancaville,Hawaii,Timor-Leste
854,Lauren Villa,29,5500,GB,321 Harper Throughway Apt. 615,Stokeshaven,Colorado,Maldives
855,Meghan Burke,60,2500,GB,3138 Stephanie Stravenue,East Candiceshire,Virginia,Morocco
856,Clinton Grimes,57,9500,GB,156 Brittany Ways,Rebeccamouth,Oregon,Georgia
857,Dawn White,25,5500,GB,4446 Parks Cape,West Kevinville,Florida,Palau
858,Patricia Haas,24,5000,GB,80601 Michelle Ville Suite 373,Port Eddie,Virginia,Uruguay
859,Brian Fuentes,31,9000,GB,771 Nancy Neck Suite 246,Sweeneyville,Nebraska,Cameroon
860,Diane Jones,18,4500,GB,2878 Anderson Keys Suite 120,Port Darinton,Texas,Kazakhstan
861,Rodney Davidson,57,5000,GB,4306 Sheppard Corner,Nicholasburgh,Texas,Samoa
862,Megan Joseph,74,5500,GB,09406 Nathaniel Forks,Lake Timothy,Maine,Libyan Arab Jamahiriya
863,Emily Freeman,53,3000,GB,32443 Amanda Extension,Port Justin,Michigan,Saint Lucia
864,Mark Hawkins,39,7500,GB,416 Bryan Highway,South Chelsea,Maryland,Bulgaria
865,Heidi Gould,30,8500,GB,8109 Casey Islands,Jennifertown,Texas,Trinidad and Tobago
866,Julia Gonzalez,72,2500,GB,22828 Melissa Track,Jonesmouth,Missouri,Sri Lanka
867,Mrs. Monique Ryan,22,2000,GB,8486 Goodwin Manor Suite 632,Francoburgh,West Virginia,Romania
868,Kimberly Jackson DVM,62,4500,GB,861 Yolanda Mountains,East Jennifer,Rhode Island,Comoros
869,Margaret Weeks,70,6500,GB,604 Elaine Station Suite 335,Navarromouth,Kansas,Syrian Arab Republic
870,Kathleen Perez,62,5000,GB,12626 Watkins Well,Lake Megan,Louisiana,El Salvador
871,Yvonne Flowers,51,9000,GB,670 Kelsey Knoll Apt. 712,Pollardfurt,South Dakota,Norfolk Island
872,Donald Hancock,51,6000,GB,4616 Tucker Islands,Allisonport,Alaska,Bermuda
873,Michele Johnson,62,8000,GB,02384 Wallace Points,East Shelly,Arkansas,United States Minor Outlying Islands
874,Derrick Choi,76,4500,GB,53634 Burns Junction,Susanstad,Oklahoma,Canada
875,Tiffany Powell,64,1500,GB,5549 Wallace Drives,Snyderville,California,Saudi Arabia
876,Stephen Fields,54,8500,GB,9154 Clark Prairie Apt. 283,Sarahstad,New Jersey,Taiwan
877,Andrew Peck,65,5000,GB,417 Mosley Trail,South Samuelhaven,Florida,Kiribati
878,Craig Clark,43,3500,GB,871 Julie Highway Suite 542,West Kristen,Alabama,Portugal
879,Cheryl Martinez,18,3000,GB,89031 Crystal Drives Suite 865,Lake Gregory,Kansas,Turkey
880,Kurt Thompson,58,7500,GB,620 Victor Groves Suite 687,Port Blakemouth,Ohio,Croatia
881,Jesse Estrada,33,5500,GB,4151 Graves Coves,Heathermouth,Alabama,Sri Lanka
882,Ashley Garcia,51,7000,GB,16995 Jackson Forks Apt. 198,North Tiffanychester,West Virginia,Namibia
883,Patricia Rodriguez,78,7000,GB,18619 Perkins Villages,Jonesside,Hawaii,Ethiopia
884,Jesse Jones,18,8500,GB,94590 Amanda Drives,Port Markmouth,Mississippi,Lebanon
885,Stephen Banks,79,4500,GB,7371 Mora Haven,Smithshire,Vermont,Finland
886,Rebecca Tran,57,9500,GB,286 Ray Trail Apt. 382,West Kennethfurt,Hawaii,El Salvador
887,Lisa Vasquez,68,7500,GB,107 Krystal Branch,Nancyburgh,Nebraska,Turks and Caicos Islands
888,Jason Yu,52,9000,GB,08244 Lauren Brook,Ortizport,Maine,Bosnia and Herzegovina
889,Anthony Robertson,63,6500,GB,450 Brittney Common,Port Mark,New Mexico,Bahrain
890,Robert Robinson PhD,74,9500,GB,750 Smith Stravenue,East Paulachester,Maine,Cuba
891,Desiree Robertson,26,8000,GB,64695 Williams Ramp,Hansenmouth,South Dakota,Uzbekistan
892,Allison Jarvis,48,9000,GB,995 Williams Groves Apt. 342,Lake David,Alaska,Yemen
893,Nathan Cordova,20,10000,GB,8081 James Lodge Apt. 137,Griffinbury,Alaska,Hong Kong
894,Daniel Duke,32,2500,GB,261 Adkins Shoal,Lake Nathanshire,Alaska,Myanmar
895,Jessica Floyd,66,1000,GB,13306 Martin Unions Suite 359,Lake Meghantown,California,Mongolia
896,Sydney Savage,48,1000,GB,58954 Karen Drive Apt. 174,New Sharonhaven,Arizona,Trinidad and Tobago
897,Michael Taylor,48,3500,GB,977 Andrew Rue Apt. 255,North Pamelatown,Louisiana,Rwanda
898,Emily Gill,80,4000,GB,3509 Christopher Views,Robertbury,Kentucky,Timor-Leste
899,Harry Mccall,73,9000,GB,13722 Woodward Street Suite 326,Lake Danielleborough,Utah,Uzbekistan
900,Catherine Shepherd,72,1500,GB,70140 Sydney Ford Apt. 346,Danielbury,Michigan,Mexico
901,Laura Myers,50,9500,GB,98322 Thomas Manors,Port Robert,Kansas,Korea
902,Kaylee Johnson,69,7500,GB,57394 James Walk Suite 437,North Kayla,Washington,Kazakhstan
903,Brian Perry,48,4500,GB,270 Cynthia Lodge,Williamsfort,Texas,Liechtenstein
904,Connor Lynch,19,8500,GB,90625 Olson Valleys,Brandiville,Pennsylvania,Ghana
905,Nicholas Howard,27,4500,GB,18434 Katherine Mission Apt. 297,Maryburgh,Illinois,Cambodia
906,Amy Bennett,75,4500,GB,0039 Lisa Valley,North Joseland,Maine,Ukraine
907,Jerry Moore,44,1500,GB,25093 Cruz Pines Suite 104,Suarezshire,Nebraska,India
908,Dr. Amanda Johnson MD,24,3000,GB,5682 Johnson Centers,Murilloburgh,North Dakota,Romania
909,Anthony Patterson,38,8000,GB,98865 Veronica Skyway,North Brian,Iowa,British Indian Ocean Territory (Chagos Archipelago)
910,Joshua Allen,19,5500,GB,75070 Miller Ville Apt. 577,Elizabethland,Kentucky,Uganda
911,Robert Diaz,20,2500,GB,8275 Sara Islands Apt. 352,Michelemouth,Washington,Azerbaijan
912,Jesse Martin,63,9500,GB,3305 Russell Green Apt. 964,Georgefort,Montana,Angola
913,Rebecca Ball,68,4500,GB,774 Kirk Alley Apt. 260,Shannonmouth,Wisconsin,Russian Federation
914,Tracy Barker,19,5000,GB,64851 Natalie Corners,Haileymouth,Florida,Macedonia
915,Timothy Torres,18,8500,GB,3991 Evan Pine Apt. 944,Brentport,Texas,Bolivia
916,Makayla Perry,29,3000,GB,3820 Arnold Station Apt. 208,Zacharyview,Delaware,Burkina Faso
917,Laura Hernandez,64,1000,GB,80719 Dougherty Motorway,East Jamesland,Texas,Tuvalu
918,Robin Chapman,72,2000,GB,511 Hanna Vista Apt. 558,New Heather,Minnesota,Australia
919,Nicholas Williams,74,1000,GB,21290 Mary Track Suite 146,Johnstonfort,Tennessee,Western Sahara
920,Kimberly Armstrong,49,1000,GB,9134 Schultz Drive Apt. 662,Dominguezton,Pennsylvania,Swaziland
921,Steven Stevenson III,64,2500,GB,81900 Lisa Ports Suite 300,East Michael,Iowa,Vietnam
922,Kenneth Miller,30,5500,GB,868 Li Passage Suite 520,Bradshawmouth,Texas,Nauru
923,Emily Kirby,51,6000,GB,011 Cory Ridge,Lake Andrewville,Oklahoma,Dominica
924,Shane Barnett,37,2000,GB,537 Shawn Plaza Suite 883,Fernandezside,Montana,Kiribati
925,Lynn Bailey,49,1500,GB,451 Sarah Field,Christinemouth,Arkansas,Argentina
926,Christopher Brown,77,7000,GB,39251 Randy Track Apt. 021,Jessicatown,Colorado,Cameroon
927,William James,31,5500,GB,4005 Lewis Pass Apt. 211,Port John,Louisiana,Antigua and Barbuda
928,Brian Miranda,53,7500,GB,5375 Sanchez Avenue,Lake Joshua,Vermont,Cocos (Keeling) Islands
929,Hannah Carpenter,21,7000,GB,03639 Rivers Plaza Suite 829,South Jontown,Oklahoma,Puerto Rico
930,Kurt Rivera,18,7500,GB,83018 Taylor Estate,Jeanchester,Wisconsin,Cook Islands
931,Jordan Hicks,56,4500,GB,20975 Morgan Mill Suite 610,Cruzstad,Vermont,Mongolia
932,Connie Duran,37,2500,GB,4980 Larson Way Suite 990,North Lindaland,Kentucky,Ecuador
933,Keith Jones,77,7500,GB,442 Derek Crescent Apt. 717,Freemanmouth,South Dakota,Greece
934,Gabriel Smith,18,8500,GB,019 Charlotte Squares,Andreahaven,Maine,Guam
935,Tracy Lopez,42,7500,GB,2540 Davis Meadows Apt. 714,Yolandafurt,Kentucky,New Zealand
936,Veronica Cooper,68,1000,GB,2542 Haynes Manor,East Mary,Georgia,Luxembourg
937,Micheal Mccullough,24,5000,GB,5553 Potter Burgs,North Christopherborough,Ohio,Heard Island and McDonald Islands
938,Shannon Stafford,19,3500,GB,89641 Cruz Ports Apt. 800,Port Alexa,Arizona,Micronesia
939,Adam Adkins,57,4000,GB,269 Paul Vista,New Jenniferfort,Pennsylvania,Monaco
940,Krista Williams,78,5000,GB,243 Martinez Landing,Bonniefort,Arkansas,Korea
941,Amanda Torres,40,7500,GB,8701 Kirk Locks Apt. 426,Randallhaven,Michigan,Latvia
942,Courtney Bond,78,8500,GB,1780 Joseph Plaza,Lake Jeremyberg,Michigan,Netherlands Antilles
943,Nicholas Carlson,78,9000,GB,24678 Gallagher Field,South Robertfurt,Florida,Philippines
944,Mr. Daniel Barnett DDS,42,2000,GB,238 Roberson Orchard Apt. 505,North Jimberg,Texas,Georgia
945,Tanya Parrish,21,1500,GB,352 Adams Land,Lake Stacyton,Nebraska,Cyprus
946,Rachel Pham,44,7000,GB,225 Marsh Lodge Apt. 750,Hughesport,Maryland,Czech Republic
947,Jose Hartman,60,9500,GB,52028 Carter Underpass Suite 235,North Richardhaven,Alabama,Suriname
948,Austin Pope,36,9500,GB,157 Scott Mountain,Jamestown,Wyoming,United Kingdom
949,Dr. Alan Holmes MD,32,3500,GB,6067 Shea Grove Apt. 097,Burnettfort,Mississippi,Bouvet Island (Bouvetoya)
950,Kenneth Pennington,38,3500,GB,163 Wood Ramp Suite 542,Lake Arianaland,South Dakota,India
951,Maria Figueroa,43,5500,GB,672 Woods Glens Apt. 823,New Adam,Colorado,Ukraine
952,Laura Bryant,25,7500,GB,1959 Burke Union,Leport,Kansas,South Georgia and the South Sandwich Islands
953,Abigail Benson,25,7500,GB,26034 Lawson Burg,East Oscar,North Dakota,Sao Tome and Principe
954,Catherine Schmidt DDS,19,7500,GB,7794 Nunez Loop Apt. 162,West Christopher,Washington,United Kingdom
955,Gregory Obrien,49,10000,GB,6676 Rachel Wall Suite 062,Smithport,New York,British Indian Ocean Territory (Chagos Archipelago)
956,Amanda Sampson,75,6500,GB,67370 Miller Plaza Apt. 295,Heathshire,Colorado,New Caledonia
957,Jeff English,54,6500,GB,3589 Collins Rapid Apt. 878,Mcdanielville,Oregon,Algeria
958,Bradley Richardson,65,4500,GB,872 Bradley Curve Apt. 828,North Vincentfort,Nebraska,Spain
959,Kimberly English,56,9000,GB,338 Berry Hill Apt. 340,Baxterview,Alaska,Nicaragua
960,Tony Powell,36,7500,GB,62182 Marshall Valley Apt. 578,South Max,Iowa,Honduras
961,Travis Johnson,47,5000,GB,9998 Woodward Road,Port Melanieton,Michigan,Montenegro
962,Paula Harris,63,3500,GB,3055 Holland Gateway Suite 613,New Kimberg,New Jersey,Taiwan
963,Priscilla Ramirez,63,2500,GB,409 Brooks Tunnel,East Michaelchester,North Carolina,Burundi
964,John Pena,73,9500,GB,1023 Nina Mall Suite 616,Larabury,Tennessee,Canada
965,Jacob Pham,79,1500,GB,4083 Stone Keys,New Whitney,Pennsylvania,Malawi
966,Steve Mcgrath,27,9000,GB,1562 Denise Loaf,Elainetown,Louisiana,Turks and Caicos Islands
967,Ashley Smith,46,1000,GB,763 Zavala Haven,East Jacquelineton,Maine,Sri Lanka
968,Chad Farmer,61,7000,GB,600 Garrison Shores,Greerfurt,Rhode Island,Macedonia
969,Kayla Marks,59,3000,GB,46856 Craig Station Suite 048,South Phillip,Texas,Spain
970,Michelle Strickland,51,9500,GB,3200 Peter Inlet Suite 674,Lake Christopherborough,New York,Niger
971,Hannah Silva,25,9000,GB,799 White Well Apt. 866,Port Michaelshire,Ohio,Romania
972,Katelyn Evans,31,5000,GB,9467 Cline Springs,Ronaldmouth,Iowa,Lebanon
973,James Haynes,66,6000,GB,62353 Johnson Junctions,Matthewsborough,North Dakota,Christmas Island
974,Ricky Gomez,24,4500,GB,990 John Wells,West Loriborough,Mississippi,Saint Barthelemy
975,Jeremy Rose,18,1000,GB,0471 Farmer Orchard Suite 043,Timothyfurt,Kansas,Libyan Arab Jamahiriya
976,Charles Reed,39,3500,GB,9626 Jeffrey Glen,New Ashley,Maine,Isle of Man
977,Cynthia Parker,51,8000,GB,284 Joseph Course,Livingstonfort,Tennessee,Paraguay
978,Thomas Oconnell,28,7500,GB,3137 Jeremy Spring Suite 660,East Johnland,New York,Holy See (Vatican City State)
979,George Wilkins,56,5500,GB,051 Johns Dam,Hayesstad,Florida,Cape Verde
980,Jeremy Owen,52,9500,GB,65055 Hughes Corners Apt. 869,Larsenland,Maryland,Bahrain
981,Michael Johnston,22,8000,GB,42484 April Ranch,Petersonton,Hawaii,Nigeria
982,Angela Guzman,43,3000,GB,89131 Burton Summit,New Patricia,Washington,Russian Federation
983,Stephanie Russell,65,4500,GB,177 Joseph Mountain Suite 933,Mooreland,Nebraska,Thailand
984,Eddie Webb,65,2000,GB,6031 Cabrera Forks,Castanedachester,Alaska,Argentina
985,Allison Thompson,61,6500,GB,5236 Tiffany Loop Suite 521,Lake Shannon,Kentucky,Kuwait
986,Randy Hansen,47,1000,GB,3367 Mann Pike Apt. 130,Sonialand,Washington,Algeria
987,David Clark,48,1000,GB,95570 Timothy Rapids,Trevinoville,New Mexico,Moldova
988,Ian Torres,71,5000,GB,858 Bass Key Apt. 496,North Ericabury,Connecticut,Kiribati
989,Stanley Gould,46,7000,GB,97040 Castillo Mill,Alexanderton,New Hampshire,Sierra Leone
990,Brian Williams,80,3000,GB,4868 Natalie Fall,East Erin,Delaware,Armenia
991,Joseph Dawson,44,1000,GB,29599 Christopher Mountain Suite 998,South Joseph,Illinois,Benin
992,Xavier Williams,66,1500,GB,24708 Jacobson Estate,Merrittport,California,Timor-Leste
993,Rebecca Arias,61,4500,GB,434 Lauren Prairie,Popeborough,Texas,Saudi Arabia
994,Jacob Robinson,58,6000,GB,3160 Troy Field Suite 517,North Christopherstad,South Carolina,Bouvet Island (Bouvetoya)
995,Amber Simmons,21,9000,GB,275 Ian Port,Charleston,Virginia,El Salvador
996,Regina Townsend,51,7500,GB,8182 Scott Lake,Jonesmouth,North Dakota,Belgium
997,Robert Henry,28,2000,GB,0294 Rebecca Field Suite 670,Port Samantha,Nevada,United Arab Emirates
998,Samantha Mckee,32,3500,GB,6247 Shelton Coves,East Bridgetfort,Nevada,Belgium
999,Michelle Maxwell,60,7000,GB,5177 Bailey Club,Wilsonchester,Pennsylvania,Guinea-Bissau
1000,Christopher Perez,51,8000,GB,06168 Mccarthy Ways,Port John,Delaware,Grenada
