employee_id,name,age,salary,bank,street,city,state,country,first_name,last_name
6,sarah hernandez,28,10000,GB,701 William Well Apt. 952,Justinton,Ohio,Ecuador,sarah,hernandez
692,hannah west,23,10000,GB,924 Jacob Pines,New William,Maine,Korea,hannah,west
204,katherine roberson,47,10000,GB,904 Marshall Mountains,South Paul,Florida,Netherlands Antilles,katherine,roberson
271,dana dixon,38,10000,GB,3026 Monica Plaza Suite 307,New Josephstad,Louisiana,Dominican Republic,dana,dixon
405,megan cervantes,44,10000,GB,01881 Nelson Views,New Elizabeth,Idaho,Paraguay,megan,cervantes
437,sara brown,22,10000,GB,64381 Janice Station Suite 394,New Wendy,New York,Brazil,sara,brown
480,charles peterson,32,10000,GB,22733 Destiny Stream,Youngmouth,Utah,Costa Rica,charles,peterson
506,joseph williams,32,10000,GB,2568 Samantha Mission Apt. 254,Johnsonfurt,Virginia,Macedonia,joseph,williams
538,aaron lee,28,10000,GB,69822 Lowery Isle Suite 435,New Elijahborough,Hawaii,Comoros,aaron,lee
540,bradley jones,26,10000,GB,8009 Lori Drive,South Sarah,Ohio,Italy,bradley,jones
564,richard hinton,20,10000,GB,6101 Zachary Ramp,East Jason,Michigan,Gabon,richard,hinton
588,michael harris,24,10000,GB,9790 Bauer Freeway,Nicholasshire,Missouri,Lao People's Democratic Republic,michael,harris
593,christine park,39,10000,GB,809 Chase Trafficway,Alejandroshire,Minnesota,Somalia,christine,park
628,katherine mendez,20,10000,GB,405 Cisneros Route Apt. 713,North Brenda,Maryland,Malaysia,katherine,mendez
638,natalie white,36,10000,GB,608 Rodriguez Springs,West Brandonton,Wisconsin,Armenia,natalie,white
53,john crawford,52,10000,GB,65673 Lance Point,Lake Elaine,Utah,Swaziland,john,crawford
576,jonathon jones,50,10000,GB,8505 Darryl Pines Suite 138,Franciscomouth,New Jersey,Saint Kitts and Nevis,jonathon,jones
202,robert mahoney,46,10000,GB,0277 Zachary Pines Apt. 163,East Jennifer,Vermont,Jordan,robert,mahoney
14,mary juarez,38,10000,GB,2953 Bryan Springs,East Dillonborough,New York,Maldives,mary,juarez
955,gregory obrien,49,10000,GB,6676 Rachel Wall Suite 062,Smithport,New York,British Indian Ocean Territory (Chagos Archipelago),gregory,obrien
712,jordan young,18,10000,GB,90460 Jessica Gateway,Smithland,Massachusetts,Rwanda,jordan,young
754,carrie rice,37,10000,GB,918 Graham Forge Apt. 781,Stevenland,Montana,Liberia,carrie,rice
761,justin perkins,49,10000,GB,45131 Raymond Mountains Suite 024,West Alfredstad,South Carolina,Indonesia,justin,perkins
815,manuel reed,49,10000,GB,3825 Roberts Forest,New Karenfurt,Rhode Island,Christmas Island,manuel,reed
36,nicolas williams,20,10000,GB,6511 Robertson Forge Suite 507,South Stephen,Alaska,Trinidad and Tobago,nicolas,williams
13,walter green,21,10000,GB,1148 Kimberly Heights,New Jonathon,Utah,Saint Vincent and the Grenadines,walter,green
893,nathan cordova,20,10000,GB,8081 James Lodge Apt. 137,Griffinbury,Alaska,Hong Kong,nathan,cordova
837,steven sherman,47,10000,GB,1028 Dunn Estate,Oliverton,Colorado,Jamaica,steven,sherman
289,debra colon,40,9500,GB,72512 Valentine Estates Apt. 868,South Jamesborough,Connecticut,Bolivia,debra,colon
380,benjamin jones,27,9500,GB,84668 Norton Forge,West Rodney,Connecticut,Luxembourg,benjamin,jones
326,renee lopez,41,9500,GB,22603 Everett Light Suite 280,Trevinoburgh,Kentucky,Congo,renee,lopez
319,angela combs,50,9500,GB,2726 Mary Heights,Ellisshire,Maine,Armenia,angela,combs
280,caitlyn gallegos,44,9500,GB,777 Kimberly Plaza,Lake Bridgetburgh,Michigan,Marshall Islands,caitlyn,gallegos
288,lisa edwards,35,9500,GB,3022 Ryan Fork,South Jared,Louisiana,Pakistan,lisa,edwards
421,earl walker,43,9500,GB,108 Veronica Shores,Bridgetside,Maryland,United Kingdom,earl,walker
251,anthony mendoza,47,9500,GB,342 Chen Court Suite 978,Frychester,Pennsylvania,Czech Republic,anthony,mendoza
249,katie lopez,25,9500,GB,2817 George Crossing,West Richardbury,Texas,Greenland,katie,lopez
212,thomas jackson,41,9500,GB,23647 Freeman Forge Suite 770,Brewerside,South Dakota,Ecuador,thomas,jackson
206,adam cook,18,9500,GB,617 Brewer Mall,South Richardview,Michigan,Zimbabwe,adam,cook
980,jeremy owen,52,9500,GB,65055 Hughes Corners Apt. 869,Larsenland,Maryland,Bahrain,jeremy,owen
417,eric flores,41,9500,GB,8166 Robinson Mount Suite 922,Wyattbury,Texas,Ghana,eric,flores
705,jane bryant,23,9500,GB,438 Price River,Rickfort,Connecticut,Togo,jane,bryant
970,michelle strickland,51,9500,GB,3200 Peter Inlet Suite 674,Lake Christopherborough,New York,Niger,michelle,strickland
452,caitlin hancock,39,9500,GB,0092 Lisa Summit Apt. 035,Audreytown,Vermont,Thailand,caitlin,hancock
477,sean hernandez,42,9500,GB,932 Anthony Prairie Suite 710,Lake Davidport,West Virginia,Jordan,sean,hernandez
948,austin pope,36,9500,GB,157 Scott Mountain,Jamestown,Wyoming,United Kingdom,austin,pope
901,laura myers,50,9500,GB,98322 Thomas Manors,Port Robert,Kansas,Korea,laura,myers
554,elizabeth hall,47,9500,GB,698 Hensley Lock,Hollowayview,Virginia,Mauritius,elizabeth,hall
556,rachel berry,36,9500,GB,902 Lewis Walks,Baxtertown,Delaware,Cyprus,rachel,berry
561,mr. george cox jr.,24,9500,GB,80547 Donald Stream,Lake Jamesshire,New Mexico,Timor-Leste,,
182,jason jones,34,9500,GB,798 Dennis View,North Kyle,Nevada,Saint Helena,jason,jones
581,nicholas miller,34,9500,GB,9955 Alan Fields Apt. 267,Curtisstad,New Hampshire,Comoros,nicholas,miller
623,melissa mcdonald,19,9500,GB,093 Michael Passage,Lake Dawnberg,Mississippi,Jamaica,melissa,mcdonald
656,douglas price,30,9500,GB,535 Rogers Plaza,Jenkinsstad,Mississippi,Uganda,douglas,price
659,michael peterson,32,9500,GB,41642 Amanda Forest Apt. 748,Jasontown,West Virginia,Guyana,michael,peterson
675,donna cohen,19,9500,GB,2968 Johnson Streets Suite 487,Romanmouth,Nevada,Israel,donna,cohen
743,omar conner,22,9500,GB,040 Mcdonald Mountain Suite 675,South Laurie,New Hampshire,Jordan,omar,conner
486,ryan yang,34,9500,GB,41846 Joshua Key Apt. 462,Transhire,South Carolina,Bahrain,ryan,yang
481,brenda rhodes,43,9500,GB,567 James Pine Suite 861,New Michael,Washington,Hong Kong,brenda,rhodes
17,lindsay castaneda,20,9500,GB,826 Campos Burgs,Harringtonfurt,New Jersey,Svalbard & Jan Mayen Islands,lindsay,castaneda
58,lauren mclaughlin,18,9500,GB,781 Keith Mountains,Port Miaville,Minnesota,Guinea-Bissau,lauren,mclaughlin
170,jennifer chaney,32,9500,GB,65687 Donald Tunnel Suite 235,North Nathanbury,Kentucky,Macedonia,jennifer,chaney
859,brian fuentes,31,9000,GB,771 Nancy Neck Suite 246,Sweeneyville,Nebraska,Cameroon,brian,fuentes
312,dr. deanna sloan,41,9000,GB,621 James Ridges,South Taylorchester,Michigan,Christmas Island,,
277,rebekah singh,50,9000,GB,4505 Kyle Causeway,Teresastad,Massachusetts,Mauritius,rebekah,singh
150,susan watson,21,9000,GB,01534 Torres Fields Apt. 018,Micheleland,Idaho,Austria,susan,watson
281,brian cisneros,52,9000,GB,004 Marcus Valleys Suite 483,South Timothyfurt,Delaware,Cape Verde,brian,cisneros
142,wanda carter,27,9000,GB,50288 Robert Forge Apt. 181,Port Jeremyshire,Ohio,Iraq,wanda,carter
744,alan hernandez,47,9000,GB,40031 Heather Shoals Apt. 136,Anthonyberg,Nevada,Algeria,alan,hernandez
888,jason yu,52,9000,GB,08244 Lauren Brook,Ortizport,Maine,Bosnia and Herzegovina,jason,yu
455,mr. matthew jackson,24,9000,GB,91432 White Vista,North Stephen,Virginia,Mexico,,
447,elizabeth hensley,42,9000,GB,261 Steve Isle,New Ashley,South Dakota,Namibia,elizabeth,hensley
414,christine fowler,37,9000,GB,3178 Marks Forge,Brianfurt,Alabama,South Georgia and the South Sandwich Islands,christine,fowler
444,david smith,29,9000,GB,9602 David Manors Suite 530,Shahmouth,Kansas,Saint Martin,david,smith
264,stephen horne,32,9000,GB,004 Johnson Trail,Helenfort,Colorado,Bolivia,stephen,horne
37,richard arellano,18,9000,GB,554 William Islands,East Jessicaburgh,Kansas,Faroe Islands,richard,arellano
971,hannah silva,25,9000,GB,799 White Well Apt. 866,Port Michaelshire,Ohio,Romania,hannah,silva
871,yvonne flowers,51,9000,GB,670 Kelsey Knoll Apt. 712,Pollardfurt,South Dakota,Norfolk Island,yvonne,flowers
966,steve mcgrath,27,9000,GB,1562 Denise Loaf,Elainetown,Louisiana,Turks and Caicos Islands,steve,mcgrath
409,jennifer moore,23,9000,GB,36373 Jason Key Apt. 785,North James,Ohio,Mozambique,jennifer,moore
810,amber johnson,42,9000,GB,190 Chavez River Apt. 962,Petersonside,Hawaii,Christmas Island,amber,johnson
365,kerri johnson,24,9000,GB,80637 Davis Locks,Reedberg,Illinois,Rwanda,kerri,johnson
383,diane ali,46,9000,GB,35432 Deanna Grove Apt. 847,North Michael,Illinois,Timor-Leste,diane,ali
566,jacob martinez,30,9000,GB,9637 Kayla Ford Apt. 793,West Marc,Minnesota,Netherlands,jacob,martinez
995,amber simmons,21,9000,GB,275 Ian Port,Charleston,Virginia,El Salvador,amber,simmons
65,rachel hartman,31,9000,GB,4530 Gutierrez Meadow Apt. 025,Bakerberg,Hawaii,Lithuania,rachel,hartman
44,jennifer jones,27,9000,GB,26274 Lewis Drive,Micheleview,Washington,Saudi Arabia,jennifer,jones
95,xavier shields,32,9000,GB,35813 Shea Falls Suite 118,Lake Daniel,Indiana,Norfolk Island,xavier,shields
892,allison jarvis,48,9000,GB,995 Williams Groves Apt. 342,Lake David,Alaska,Yemen,allison,jarvis
819,jerry garcia,54,9000,GB,98347 Gabrielle Hollow Apt. 779,East Justinstad,Arkansas,Oman,jerry,garcia
541,stacey barrett,35,9000,GB,1591 Wu Circles,Port Lawrencebury,Alaska,Sudan,stacey,barrett
107,stacy miller,52,9000,GB,8996 Jeffrey Wall,South Michaelview,Mississippi,Jamaica,stacy,miller
661,karen moss,44,8500,GB,8603 Munoz Fork,Sarahstad,Alaska,Dominica,karen,moss
524,brian ewing,20,8500,GB,25697 Dunlap Shoal,Davidshire,Wyoming,Indonesia,brian,ewing
123,sheila mills,41,8500,GB,729 Jones Junction Suite 067,New Diane,South Dakota,Latvia,sheila,mills
904,connor lynch,19,8500,GB,90625 Olson Valleys,Brandiville,Pennsylvania,Ghana,connor,lynch
683,robert ryan,45,8500,GB,429 Heather Loop Apt. 329,West William,Indiana,Faroe Islands,robert,ryan
130,sandra harrington,21,8500,GB,2856 Todd Fork Apt. 202,Johnsonborough,South Carolina,Kazakhstan,sandra,harrington
396,michael king,40,8500,GB,7129 Mejia Lodge,Lake Edwardburgh,New Jersey,Chile,michael,king
688,jennifer bullock,52,8500,GB,565 Edwin Valley Apt. 545,Port Melody,Tennessee,Gibraltar,jennifer,bullock
915,timothy torres,18,8500,GB,3991 Evan Pine Apt. 944,Brentport,Texas,Bolivia,timothy,torres
884,jesse jones,18,8500,GB,94590 Amanda Drives,Port Markmouth,Mississippi,Lebanon,jesse,jones
732,jason martin,54,8500,GB,537 Jeffery Station,Lake Corey,Nebraska,Belgium,jason,martin
94,michelle jenkins,33,8500,GB,08995 York Crescent,West Sarahtown,Connecticut,Hungary,michelle,jenkins
934,gabriel smith,18,8500,GB,019 Charlotte Squares,Andreahaven,Maine,Guam,gabriel,smith
735,amanda hernandez,52,8500,GB,42871 Dana Greens Suite 915,Port Michaelside,Indiana,Nepal,amanda,hernandez
42,jennifer pena,36,8500,GB,00979 Flores View,Port Coleton,Montana,Reunion,jennifer,pena
113,nancy sheppard,23,8500,GB,10840 Brown Spring,West George,Kentucky,Guyana,nancy,sheppard
112,jonathan mason,36,8500,GB,8519 Kathy Islands Apt. 954,New Elizabethburgh,Washington,Indonesia,jonathan,mason
535,roy schultz,42,8500,GB,22433 Kristen Hills,Thorntonport,New Hampshire,Ethiopia,roy,schultz
494,michelle fletcher,30,8500,GB,0762 Kiara Fords,East Kathleenmouth,South Dakota,Uganda,michelle,fletcher
531,emily werner,48,8500,GB,969 Taylor Court,North Williamfurt,Georgia,Nauru,emily,werner
511,tammy gibson,43,8500,GB,217 Kimberly Trafficway,South Johnmouth,Wisconsin,Turkey,tammy,gibson
431,taylor richardson,37,8500,GB,7504 Shelly Flats,Christinefort,Michigan,Argentina,taylor,richardson
695,adam banks,50,8500,GB,9123 Andrews Throughway Apt. 679,Lake Matthewbury,Wyoming,Lao People's Democratic Republic,adam,banks
258,christie horton,30,8500,GB,7859 Chavez Cape Suite 133,Thomasbury,Wisconsin,Congo,christie,horton
228,laura jensen,30,8500,GB,590 Bolton Mall,Nicholasburgh,Texas,Dominican Republic,laura,jensen
145,chelsea hernandez,34,8500,GB,4057 Kelly Ramp Apt. 305,West Lance,Vermont,Jersey,chelsea,hernandez
275,susan jackson,34,8500,GB,7857 Patel Skyway Suite 952,South Lorihaven,Wisconsin,Isle of Man,susan,jackson
11,steven price,42,8500,GB,720 Mario Freeway,Davidside,Wisconsin,Paraguay,steven,price
162,john parrish,50,8500,GB,520 Veronica Station Suite 879,Mejiastad,Washington,Indonesia,john,parrish
311,sarah farrell,27,8500,GB,1676 Bowman Manor Suite 547,Port Cassandrafurt,Iowa,Indonesia,sarah,farrell
315,hannah schmidt,18,8500,GB,755 Michael Divide,Port Nicoleview,Virginia,Micronesia,hannah,schmidt
233,mrs. sarah tate,27,8500,GB,9503 Jason Plaza,New Kendratown,Arizona,El Salvador,,
830,geoffrey jenkins,54,8500,GB,4330 Brandon Ranch,Phillipfort,Washington,New Caledonia,geoffrey,jenkins
287,brendan bishop,37,8500,GB,32706 Smith Throughway Suite 592,Pamelaport,Connecticut,Moldova,brendan,bishop
876,stephen fields,54,8500,GB,9154 Clark Prairie Apt. 283,Sarahstad,New Jersey,Taiwan,stephen,fields
865,heidi gould,30,8500,GB,8109 Casey Islands,Jennifertown,Texas,Trinidad and Tobago,heidi,gould
27,elizabeth graves,38,8000,GB,00711 Lindsey View Suite 714,Brennanland,New Hampshire,Kyrgyz Republic,elizabeth,graves
909,anthony patterson,38,8000,GB,98865 Veronica Skyway,North Brian,Iowa,British Indian Ocean Territory (Chagos Archipelago),anthony,patterson
742,nancy patterson,41,8000,GB,312 Hannah Extensions Suite 266,West Kim,Virginia,Chad,nancy,patterson
891,desiree robertson,26,8000,GB,64695 Williams Ramp,Hansenmouth,South Dakota,Uzbekistan,desiree,robertson
686,elizabeth mora,50,8000,GB,6707 Baker Burgs,Heatherton,Montana,Argentina,elizabeth,mora
522,katherine atkins,23,8000,GB,7160 Carol Prairie,Port Craigfurt,Virginia,Guadeloupe,katherine,atkins
157,theodore gregory,32,8000,GB,32726 Suzanne Plaza Suite 176,West Joannamouth,Arizona,Lesotho,theodore,gregory
981,michael johnston,22,8000,GB,42484 April Ranch,Petersonton,Hawaii,Nigeria,michael,johnston
60,ann nichols md,39,8000,GB,082 Bird Pines,South Natalie,Delaware,Barbados,,
671,dustin patel,40,8000,GB,796 Maria Via,East Julia,Oregon,Rwanda,dustin,patel
195,dylan patton,33,8000,GB,778 Earl Forest Apt. 662,Stewartbury,Maryland,Spain,dylan,patton
59,mr. garrett wallace,46,8000,GB,46548 Diaz Vista,Port Kimberlybury,Connecticut,Oman,,
166,george escobar,40,8000,GB,1535 Joseph Track,Nicholaschester,Washington,Liberia,george,escobar
479,christopher parsons,30,8000,GB,5627 Brown Brook Suite 905,Garciafort,Rhode Island,Afghanistan,christopher,parsons
84,gina davis,54,8000,GB,294 David Ridge,Stephenville,Washington,Tunisia,gina,davis
167,malik jackson,20,8000,GB,09336 Patton Summit Suite 281,Stanleyville,Texas,Indonesia,malik,jackson
591,thomas moss,41,8000,GB,979 Dunn Expressway Apt. 766,Port Melissa,Oregon,Saudi Arabia,thomas,moss
62,rebecca sanders,34,8000,GB,768 Buck Rapid,Riveramouth,Tennessee,Slovakia (Slovak Republic),rebecca,sanders
840,regina sims,24,8000,GB,781 Jackson Land Apt. 190,Traviston,Alaska,Indonesia,regina,sims
808,michael gibson,34,8000,GB,0141 Jackson Shoal,East Megan,Alabama,Angola,michael,gibson
1000,christopher perez,51,8000,GB,06168 Mccarthy Ways,Port John,Delaware,Grenada,christopher,perez
131,sandra torres,36,8000,GB,54188 Steven Ridges,Montgomeryberg,Pennsylvania,Cuba,sandra,torres
360,cristian macdonald,41,8000,GB,9669 Carroll Divide,South Stevenville,Oklahoma,Heard Island and McDonald Islands,cristian,macdonald
977,cynthia parker,51,8000,GB,284 Joseph Course,Livingstonfort,Tennessee,Paraguay,cynthia,parker
798,leslie savage,24,8000,GB,86894 Trevor Ramp Suite 507,Tinamouth,Minnesota,Rwanda,leslie,savage
310,robert frey,22,8000,GB,8737 Sandra Shoals,South Tony,Hawaii,Kazakhstan,robert,frey
26,kevin jones,52,7500,GB,7451 Miller Hills,Wendyfurt,Nebraska,Dominican Republic,kevin,jones
71,john sanchez,18,7500,GB,797 Jenna Land Apt. 540,Port Dawnfort,Ohio,Western Sahara,john,sanchez
589,denise garza,18,7500,GB,75101 Gallagher Cove,Maryport,Oregon,Guatemala,denise,garza
954,catherine schmidt dds,19,7500,GB,7794 Nunez Loop Apt. 162,West Christopher,Washington,United Kingdom,,
68,nicole morgan,45,7500,GB,0817 Brady Landing,New Tiffanyburgh,California,Benin,nicole,morgan
729,jessica oconnor md,20,7500,GB,478 Moore Gardens Apt. 589,Wilsonmouth,California,Marshall Islands,,
928,brian miranda,53,7500,GB,5375 Sanchez Avenue,Lake Joshua,Vermont,Cocos (Keeling) Islands,brian,miranda
168,amber choi,41,7500,GB,3690 John Alley Suite 952,Riosland,New Jersey,Bosnia and Herzegovina,amber,choi
627,gerald peterson,18,7500,GB,6410 Eric Plains,New Rebekahberg,Massachusetts,Turkmenistan,gerald,peterson
960,tony powell,36,7500,GB,62182 Marshall Valley Apt. 578,South Max,Iowa,Honduras,tony,powell
324,michael herrera,27,7500,GB,7049 Deborah Road Suite 735,Roberttown,New Hampshire,Moldova,michael,herrera
141,gregory knight,47,7500,GB,422 Derek Center Apt. 106,North Sarah,North Carolina,Saint Pierre and Miquelon,gregory,knight
783,tara evans,54,7500,GB,08104 Conway Way Suite 006,South Robin,Alaska,South Africa,tara,evans
358,erin hubbard,24,7500,GB,7706 Megan Shoals Suite 339,Lake Elizabethbury,Wisconsin,Bhutan,erin,hubbard
672,erica freeman,40,7500,GB,6001 Valentine Glens,Lake Jeremiah,Kansas,Bahrain,erica,freeman
185,ashley mccoy,19,7500,GB,3540 Thomas Views,Dylanton,Arizona,Senegal,ashley,mccoy
996,regina townsend,51,7500,GB,8182 Scott Lake,Jonesmouth,North Dakota,Belgium,regina,townsend
685,todd frye,19,7500,GB,89488 Bell Island,Lopezmouth,West Virginia,Equatorial Guinea,todd,frye
864,mark hawkins,39,7500,GB,416 Bryan Highway,South Chelsea,Maryland,Bulgaria,mark,hawkins
470,latasha mcdonald,35,7500,GB,512 Samantha Throughway,Williamtown,Idaho,Central African Republic,latasha,mcdonald
285,michael mccarthy,46,7500,GB,21904 Dana Ramp,East Robinview,New Mexico,Denmark,michael,mccarthy
86,john davis,35,7500,GB,677 Boyle Dam Suite 624,East Kristina,California,Liechtenstein,john,davis
567,michelle vasquez,53,7500,GB,565 Michael Key Suite 985,Chelseaport,New Jersey,Yemen,michelle,vasquez
111,david cook,19,7500,GB,7765 Clark Course,Matthewshire,Massachusetts,Ghana,david,cook
487,claudia wallace,41,7500,GB,900 Cassandra Stream,South Jessicachester,Hawaii,Thailand,claudia,wallace
935,tracy lopez,42,7500,GB,2540 Davis Meadows Apt. 714,Yolandafurt,Kentucky,New Zealand,tracy,lopez
152,joshua villarreal,23,7500,GB,898 Anderson Brook,New Eduardo,Mississippi,Serbia,joshua,villarreal
295,brian leonard,33,7500,GB,05585 Wilkinson Gardens Suite 943,Mckenziemouth,Iowa,Greece,brian,leonard
978,thomas oconnell,28,7500,GB,3137 Jeremy Spring Suite 660,East Johnland,New York,Holy See (Vatican City State),thomas,oconnell
514,larry wade,41,7500,GB,371 Rosario Cape Apt. 972,Lake Joe,Wyoming,Oman,larry,wade
941,amanda torres,40,7500,GB,8701 Kirk Locks Apt. 426,Randallhaven,Michigan,Latvia,amanda,torres
369,erin cruz,36,7500,GB,11535 Brian Hills Apt. 129,South Karen,South Dakota,Reunion,erin,cruz
254,jessica hopkins,42,7500,GB,375 Reginald Corner Suite 189,Williamsmouth,Connecticut,Uruguay,jessica,hopkins
303,dr. latasha durham,41,7500,GB,340 Clark Port Suite 703,North Annafurt,Louisiana,Libyan Arab Jamahiriya,,
753,donna brown,54,7500,GB,512 Andrew Brooks,Biancamouth,New Mexico,Sri Lanka,donna,brown
108,danielle brown,42,7500,GB,2104 Reed Groves,Brownburgh,Delaware,Algeria,danielle,brown
930,kurt rivera,18,7500,GB,83018 Taylor Estate,Jeanchester,Wisconsin,Cook Islands,kurt,rivera
952,laura bryant,25,7500,GB,1959 Burke Union,Leport,Kansas,South Georgia and the South Sandwich Islands,laura,bryant
953,abigail benson,25,7500,GB,26034 Lawson Burg,East Oscar,North Dakota,Sao Tome and Principe,abigail,benson
91,mr. john holland,20,7500,GB,5350 Cox Trace,Jamieville,Nebraska,Serbia,,
697,david smith,22,7500,GB,446 Tyler Camp,Whitneyton,Rhode Island,Tonga,david,smith
582,melissa george,26,7500,GB,0893 Marshall Glens,North John,Texas,Gambia,melissa,george
882,ashley garcia,51,7000,GB,16995 Jackson Forks Apt. 198,North Tiffanychester,West Virginia,Namibia,ashley,garcia
39,austin russell,27,7000,GB,74686 Joshua Brooks,Lake Sethbury,Alabama,Spain,austin,russell
724,amanda adams,28,7000,GB,687 Wilson Course,West Aaron,New Jersey,Kazakhstan,amanda,adams
804,david lee,33,7000,GB,82039 Martinez Unions Apt. 117,North Kristymouth,Michigan,El Salvador,david,lee
827,dorothy pace,20,7000,GB,020 Park Rue,Dominguezville,Arizona,Tanzania,dorothy,pace
806,darren carroll,27,7000,GB,504 Gail Roads,Walshside,South Dakota,Guyana,darren,carroll
767,timothy santos,24,7000,GB,8600 Nicholas Roads Apt. 249,New Kathleentown,Kansas,Poland,timothy,santos
109,tracy lee,27,7000,GB,540 Earl Route,Lake Jonathan,Louisiana,Nauru,tracy,lee
408,kelly pratt,48,7000,GB,369 Nicole Port,Herreraborough,Massachusetts,Costa Rica,kelly,pratt
929,hannah carpenter,21,7000,GB,03639 Rivers Plaza Suite 829,South Jontown,Oklahoma,Puerto Rico,hannah,carpenter
989,stanley gould,46,7000,GB,97040 Castillo Mill,Alexanderton,New Hampshire,Sierra Leone,stanley,gould
508,jason campbell,53,7000,GB,6170 Lucas Springs,Christinaside,Vermont,Papua New Guinea,jason,campbell
201,jason martinez,42,7000,GB,31320 King Neck,Clarkeside,North Dakota,Montserrat,jason,martinez
102,jeffrey dodson,52,7000,GB,2407 Shawn Prairie Suite 710,Jamesborough,Arizona,Cameroon,jeffrey,dodson
250,corey keith,47,7000,GB,57885 Judy Island Apt. 789,West Anthonystad,Nebraska,Armenia,corey,keith
946,rachel pham,44,7000,GB,225 Marsh Lodge Apt. 750,Hughesport,Maryland,Czech Republic,rachel,pham
625,amanda mayer,32,7000,GB,256 Gabrielle Spring,Salazarmouth,New Hampshire,Dominican Republic,amanda,mayer
183,cheryl hernandez,28,7000,GB,77397 Nelson Courts Suite 707,Charlesland,New Mexico,French Southern Territories,cheryl,hernandez
181,christine andrews,28,7000,GB,043 Johnson Turnpike,Copelandmouth,Maryland,Romania,christine,andrews
652,cynthia jones,50,7000,GB,070 Donna Mews Suite 298,North Jenniferland,Arkansas,South Africa,cynthia,jones
957,jeff english,54,6500,GB,3589 Collins Rapid Apt. 878,Mcdanielville,Oregon,Algeria,jeff,english
362,nicole olson,37,6500,GB,911 Myers Land,Jessicatown,Michigan,Portugal,nicole,olson
330,elizabeth sherman,33,6500,GB,28432 Delgado Common,North Dianamouth,Washington,Tokelau,elizabeth,sherman
138,steve richards,39,6500,GB,898 Rogers Circle Apt. 231,Brianland,Washington,Burundi,steve,richards
364,john munoz,37,6500,GB,48900 Rebecca Overpass,North Aprilberg,Ohio,Bangladesh,john,munoz
835,samantha clark,39,6500,GB,95151 Alexis Lock,South Carolineborough,Oklahoma,India,samantha,clark
820,erika jones,37,6500,GB,63252 Mark Mission,Joyceberg,Alaska,Romania,erika,jones
217,justin harvey,22,6500,GB,7979 Christopher Trail Apt. 149,East Christopher,Connecticut,Uzbekistan,justin,harvey
399,ernest vincent,20,6500,GB,705 Rachel Light,Keithbury,Wyoming,Burundi,ernest,vincent
839,malik welch,23,6500,GB,05042 Graham Islands Suite 907,Williamsborough,Arkansas,Lithuania,malik,welch
184,sonya smith,22,6500,GB,328 Krista Light Suite 016,Lake Jesus,Alabama,Afghanistan,sonya,smith
386,michael duke,34,6500,GB,34066 Brown Square,Rodrigueztown,Minnesota,Iraq,michael,duke
700,theresa davis,19,6500,GB,8212 Katie Crest,Laraburgh,Ohio,Heard Island and McDonald Islands,theresa,davis
407,deborah wilson dds,44,6500,GB,254 Berry Turnpike,Teresaland,South Dakota,Burkina Faso,,
789,cindy west,26,6500,GB,6199 Theodore Ferry Suite 738,Hayesmouth,Georgia,Guernsey,cindy,west
24,thomas rose,47,6500,GB,0025 Blake Lake,West Amandaside,Hawaii,Uruguay,thomas,rose
611,dr. paul bennett,54,6500,GB,137 Le Extension Suite 853,Joseton,Virginia,Philippines,,
733,troy cook,27,6500,GB,921 Lori Lodge,Loganmouth,Oklahoma,Iran,troy,cook
534,laura olson,20,6500,GB,5794 Briggs Cliffs,West Timfort,New Hampshire,Suriname,laura,olson
10,ruben kline,32,6500,GB,28486 Ruben Isle,Mayerton,Wisconsin,Congo,ruben,kline
474,linda wolfe,27,6500,GB,6320 Russell Shores Apt. 782,Mclaughlinshire,Kansas,New Caledonia,linda,wolfe
467,brett bernard,22,6500,GB,62189 Michelle Corner,Jonesmouth,Massachusetts,Chad,brett,bernard
749,allen white,20,6500,GB,9609 Martinez Road,New Samuelville,Wyoming,Gibraltar,allen,white
21,jasmine garcia,39,6500,GB,512 Jasmine Motorway Suite 402,North Lisamouth,Kentucky,Mauritius,jasmine,garcia
115,jacqueline jackson,49,6500,GB,65556 Mercer Islands,New Alisha,Maine,Yemen,jacqueline,jackson
443,william johnson,32,6500,GB,8673 Robert Extension Apt. 048,New Jesus,Nebraska,Nicaragua,william,johnson
129,mckenzie carrillo,19,6500,GB,228 Alvarez Fork Suite 765,East Michelle,Maine,Namibia,mckenzie,carrillo
411,terry baker,43,6500,GB,5662 Shawn Point Suite 298,Cindyton,South Dakota,Lebanon,terry,baker
679,stephanie larson,27,6500,GB,2958 Krystal Walks Apt. 476,Port Joshua,Vermont,Bahamas,stephanie,larson
846,kenneth douglas,28,6500,GB,198 Leach Coves Apt. 230,Clarkside,Rhode Island,Botswana,kenneth,douglas
872,donald hancock,51,6000,GB,4616 Tucker Islands,Allisonport,Alaska,Bermuda,donald,hancock
923,emily kirby,51,6000,GB,011 Cory Ridge,Lake Andrewville,Oklahoma,Dominica,emily,kirby
174,amy richards,18,6000,GB,063 Jose Burg,Castroton,Nevada,Colombia,amy,richards
590,dr. emily rocha,27,6000,GB,24059 Mckay Ranch,Meyersborough,Maine,Germany,,
752,dana melton,34,6000,GB,4712 Myers Village,Deborahton,Virginia,Netherlands Antilles,dana,melton
468,william walker,35,6000,GB,0759 Miller Avenue,Mollyview,Vermont,Chad,william,walker
543,jamie reilly,52,6000,GB,064 Allen Glens,South Michael,Tennessee,New Zealand,jamie,reilly
619,richard fox,33,6000,GB,342 Amanda Pass Apt. 329,New Matthewborough,Arkansas,Spain,richard,fox
416,kevin barrett,35,6000,GB,2094 Marilyn Branch,Floydville,Kentucky,Dominica,kevin,barrett
367,bobby garza,51,6000,GB,60011 Sullivan Via,Lake Latoyamouth,Utah,Jordan,bobby,garza
352,amanda walker,27,6000,GB,2433 Ryan Circle Apt. 374,South Kathryn,Florida,Togo,amanda,walker
345,clarence carson,37,6000,GB,00649 Coleman Junctions Suite 481,Port Jennifer,California,Gabon,clarence,carson
328,ricardo gonzales,47,6000,GB,662 Best Ville Apt. 325,New Justin,Massachusetts,Spain,ricardo,gonzales
736,michael coffey,44,6000,GB,3307 Sharon Trail Apt. 504,North Jamesstad,Kentucky,Maldives,michael,coffey
300,dr. charles huffman,43,6000,GB,9711 Julie Brooks,Robinburgh,Texas,Madagascar,,
453,francisco martin,19,6000,GB,549 Melissa Mountain Apt. 863,South Kevinton,Louisiana,Svalbard & Jan Mayen Islands,francisco,martin
172,robert collins,50,6000,GB,8702 Wesley Crossroad,Saraside,Indiana,Panama,robert,collins
236,christopher decker,48,6000,GB,12618 Ryan Mission Apt. 301,Johnsonton,Tennessee,Netherlands Antilles,christopher,decker
809,dennis silva,45,6000,GB,15683 Elizabeth Throughway Apt. 017,Lake Jeffrey,Wisconsin,Honduras,dennis,silva
812,brian moran,43,6000,GB,20180 Mills Pass,West Michael,Vermont,Finland,brian,moran
40,tammy moore,47,6000,GB,7956 Jonathan Hill Apt. 742,Munozstad,Tennessee,Solomon Islands,tammy,moore
813,rachel gutierrez,18,6000,GB,750 Rebecca Lights Apt. 229,West Kristinberg,Florida,Syrian Arab Republic,rachel,gutierrez
211,elizabeth nelson,27,5500,GB,347 Lisa Loop Apt. 752,Underwoodmouth,Oklahoma,Falkland Islands (Malvinas),elizabeth,nelson
951,maria figueroa,43,5500,GB,672 Woods Glens Apt. 823,New Adam,Colorado,Ukraine,maria,figueroa
193,ashley peterson,27,5500,GB,1073 Charlotte Cliff,Smithbury,Arkansas,Uganda,ashley,peterson
442,timothy martinez,43,5500,GB,88759 Collins Mountain Suite 963,Port Ryanport,Kentucky,Tonga,timothy,martinez
269,david white,25,5500,GB,33613 Garcia Wall Apt. 629,Robinfort,North Carolina,Seychelles,david,white
121,heather ford,20,5500,GB,3039 Bush Avenue Suite 718,Carlsonshire,Wisconsin,French Polynesia,heather,ford
357,jonathan gilbert,19,5500,GB,856 Gabriel Overpass Apt. 404,North Norman,Nevada,Palau,jonathan,gilbert
266,daniel clark,34,5500,GB,187 Emily Cliffs Suite 019,Lake Claudiaview,Hawaii,Cape Verde,daniel,clark
456,thomas smith,48,5500,GB,0544 Black Squares Suite 863,Port Geraldhaven,Colorado,Antigua and Barbuda,thomas,smith
20,mason gonzalez,25,5500,GB,741 Leon Parkways Suite 516,Chavezside,South Carolina,Poland,mason,gonzalez
854,lauren villa,29,5500,GB,321 Harper Throughway Apt. 615,Stokeshaven,Colorado,Maldives,lauren,villa
463,christopher wood,33,5500,GB,0161 Jefferson Trafficway,East Christinabury,Louisiana,Saint Barthelemy,christopher,wood
43,stephanie martin,42,5500,GB,287 Jackson Street,South Kimberly,South Carolina,Comoros,stephanie,martin
853,mr. timothy hansen,36,5500,GB,30490 Clark Hill Suite 938,Biancaville,Hawaii,Timor-Leste,,
842,ashlee jackson,43,5500,GB,53527 Evans Radial Apt. 473,Kevinburgh,Utah,Rwanda,ashlee,jackson
841,caroline owens,43,5500,GB,760 Hayes Square Suite 196,New Elizabethburgh,Washington,Angola,caroline,owens
881,jesse estrada,33,5500,GB,4151 Graves Coves,Heathermouth,Alabama,Sri Lanka,jesse,estrada
772,gregory jones,39,5500,GB,97120 Bullock Lodge Suite 965,Lake Robertbury,New York,Comoros,gregory,jones
740,raven golden,23,5500,GB,099 Donna Mountain Apt. 997,Jenniferview,Oklahoma,Bangladesh,raven,golden
718,erica collins,28,5500,GB,154 Jones Turnpike,Johnsonburgh,Tennessee,Iran,erica,collins
701,nancy cruz,20,5500,GB,91474 Eric Locks,Brendashire,Minnesota,Ethiopia,nancy,cruz
515,daniel taylor,34,5500,GB,011 Carter Underpass,Garychester,Hawaii,Venezuela,daniel,taylor
46,jacob franklin,26,5500,GB,77043 Velez Parks,South Kimberly,Kentucky,Norfolk Island,jacob,franklin
910,joshua allen,19,5500,GB,75070 Miller Ville Apt. 577,Elizabethland,Kentucky,Uganda,joshua,allen
677,corey wright,37,5500,GB,374 Kathleen Meadow Apt. 486,Danielfurt,Texas,Tuvalu,corey,wright
922,kenneth miller,30,5500,GB,868 Li Passage Suite 520,Bradshawmouth,Texas,Nauru,kenneth,miller
64,ann morrison,48,5500,GB,4490 Snyder Flat Suite 401,Romanview,Maryland,Grenada,ann,morrison
927,william james,31,5500,GB,4005 Lewis Pass Apt. 211,Port John,Louisiana,Antigua and Barbuda,william,james
857,dawn white,25,5500,GB,4446 Parks Cape,West Kevinville,Florida,Palau,dawn,white
175,lisa jackson,47,5500,GB,0257 Robert Island Apt. 412,South Maria,North Carolina,Djibouti,lisa,jackson
