name,age,street,city,state,zip,lng,lat
Lisa Davis,48,09363 Wolfe Mall,Leefurt,Nevada,66677,118.705241,-15.0947525
Jonathan Hayes,28,500 Moreno Springs Suite 249,Lindafort,Illinois,51717,-85.088232,61.563790
Kimberly Parker,59,995 Cynthia Causeway Apt. 193,Gardnershire,Nevada,88522,-13.343626,67.978436
Jamie Reyes,79,87981 Jerome Ridges,West Cynthiaton,Rhode Island,56404,-115.056332,-39.055584
Melinda Taylor,53,0936 Solis Bridge Suite 773,Stokesborough,Indiana,67768,-57.740405,-36.3518285
Nicole Clark,38,7733 Ryan Turnpike Apt. 228,New Jason,Idaho,94259,19.184096,-70.4691505
Curtis Jackson,51,850 Cantu Fields Suite 499,South Gwendolynberg,Tennessee,95128,169.109629,57.195381
David White,67,40407 Levi Highway,Port Angelamouth,Washington,41071,-3.979037,2.897982
Jacob Barnett,55,5029 White Lodge Apt. 901,Barrborough,Montana,72254,-99.407454,24.145399
Keith Carr,64,552 Jonathan Turnpike Suite 998,Lake Roberthaven,Virginia,86481,-140.078574,2.4535615
Ashley Dean,36,232 Evans Forest Suite 346,Karenport,Pennsylvania,52481,-84.036305,20.880728
Erica Williamson,72,87769 Brittany Shores Suite 755,West Andrea,Idaho,40612,129.449744,-45.2702215
Theresa Trevino,67,99488 Schroeder Ville Suite 374,Port Crystalbury,Florida,64844,164.794067,67.3757985
Veronica Brown,48,195 Randy Bridge,Ashleyport,Massachusetts,09808,-63.229768,40.6372795
Betty Hunt,54,864 James Island,Josephstad,Tennessee,21863,-52.655822,-68.8736965
Veronica Hughes,24,343 Smith Loop Suite 157,Tracyside,Indiana,36682,-79.149410,-44.743387
Katherine Welch,66,01631 Mullen Station Suite 831,Matthewtown,Kansas,93185,-173.196823,-54.6708375
James Reed,27,921 Miller Harbor,Lauraburgh,North Carolina,87095,80.812377,8.867628
John Smith,27,82027 Jeffrey Lodge Suite 969,Aaronport,New York,68160,52.095950,33.966522
Casey Freeman,68,27195 Danny Parkway,Lloydburgh,West Virginia,18325,148.583175,-65.300980
Steven Fuentes,18,3655 Shea Island,Smithton,California,07278,-75.888748,-5.251426
Brandi Zuniga,54,3076 Courtney Ferry Apt. 677,Lake Johnbury,Montana,85046,13.886755,14.911859
Joshua Stephens,54,838 Shelton Gateway Suite 208,Angelatown,California,32221,-171.410777,-72.3617135
Brittany Phillips,31,1288 Tammy Light,South Christopher,Tennessee,96538,140.803957,-89.087315
Rebecca Bell,71,76453 Dominguez Union Suite 851,South Michaelside,Michigan,75574,164.490887,-61.673171
Donna Jackson,58,730 Natalie View,Port Jenniferton,Michigan,43700,-63.722813,-43.6514255
Vanessa Shaw,42,52654 Lewis Fall Suite 981,East Josephborough,Maryland,70716,-110.731027,13.1306955
Tracy Harris,28,12669 Williams Greens Apt. 092,Jonesmouth,Rhode Island,87611,-49.275412,2.8463535
Robin Bonilla,64,5014 Mason Dale,Thompsonchester,Kansas,76881,143.326047,-10.889097
Katherine Savage,51,0679 Joshua Path Apt. 600,East Tamaraside,Alaska,49740,-73.037286,76.353274
Bryan Kim,71,7810 Graham Flat Suite 362,South Kimberly,New Jersey,16672,-145.808524,42.0636935
Stacey Thornton,22,925 Andrea Radial,Jasonbury,Michigan,69466,113.590913,35.203255
James Scott,31,25702 Matthew Square Suite 319,Michelleburgh,Tennessee,66655,67.833917,28.6102355
Travis Keith,66,65049 Eric Meadow Apt. 682,Melissafurt,Indiana,98985,-102.310205,58.5953395
Kimberly Edwards,27,2053 Peterson Shoals Suite 620,Port Janeton,Georgia,43788,-103.565995,-73.305678
Sheila Barnes,23,0781 Tara Divide Apt. 821,Simmonsfort,Virginia,01215,-64.299723,-14.509457
Alexis Bailey,31,1697 Jeffery Stream Apt. 338,South Kelseyburgh,New York,29003,-138.835877,69.218801
Kyle White,43,3368 Lisa Knoll,Johnsontown,South Carolina,88935,116.617990,57.6596675
Jack Olson,52,952 Michelle Causeway Apt. 867,Davidsonmouth,Colorado,84623,78.663358,-70.919619
Timothy Berry,57,42086 Sarah Lane Apt. 463,Williamstown,North Carolina,95970,-68.218614,-86.716216
Michael Gamble,38,861 Raymond Squares Suite 543,New Michellestad,Utah,87422,-50.953752,-38.5060585
Jennifer Fuller,22,181 Adams Bypass Suite 581,South Michele,Maryland,72928,-17.559675,25.1724315
Robert Miller,26,8509 Anthony Green,Livingstonmouth,Nebraska,84228,-111.408056,-83.7789435
Jeffrey Williams,19,524 Johnson Crescent Apt. 507,East Rodneyview,California,13402,123.784913,83.3301325
Nicholas Wang,40,1498 Bullock Villages Suite 525,South Christopher,Virginia,24279,96.647626,-18.026743
Fred Leach,41,930 Jason Rest Suite 068,West Courtney,Texas,03808,-7.885136,-59.6368555
Mary Kelly,70,00570 Angela Views,New Kristen,Florida,72049,102.943404,-17.064439
Christopher Buck,22,5618 Michael Fields,Mackberg,Iowa,29755,-8.403270,-67.8223475
Michelle Williams,18,50436 Bryant Burgs,Austinborough,New Jersey,90108,12.359278,-41.5939515
Michael Yang,45,21251 Oscar Courts Suite 574,Lake Stevenchester,Wisconsin,47596,93.001125,-37.1631555
Lawrence Ford,37,114 Burke Center Apt. 673,Greenside,Indiana,96294,-144.960313,-22.745564
Larry Mitchell,66,407 Sandra Mission Apt. 251,Lake Brettbury,Hawaii,87033,121.320792,75.0910315
Scott Robertson,56,13390 Daniel Hollow Apt. 769,North Bryan,Oregon,89038,117.721710,-76.7871505
Andrew Henderson,24,666 Hunt Lake Suite 185,Port Johnberg,New York,42217,-69.834762,86.903608
Patricia Hayes,60,419 Lee Ferry,North Curtis,Maine,39392,-105.960668,33.9726555
Robert Lee,52,0280 Nelson Creek Suite 371,Michaelborough,Wisconsin,81609,121.502060,18.3045725
Ann Mitchell,65,63463 Daisy Spur Suite 404,Burnshaven,New York,39588,-86.536981,-75.0621085
Kayla Burch,66,385 Pierce Hollow Suite 854,Port Parkerville,Oklahoma,87302,156.430133,-51.0961665
Jeffrey Johnson,42,61845 Hall Locks Suite 643,Schultzland,West Virginia,70199,120.672540,18.3366335
James Rodgers,69,279 Jonathon Point,South Kristin,North Dakota,28102,-81.577534,-85.4599285
Michaela Campos,46,653 Michele Bridge,Matthewland,New Jersey,54818,-43.431934,-0.051768
Andrew Reed,48,1155 Marcia Coves Suite 191,Wendymouth,Missouri,26398,-66.728082,63.1443715
Joshua Miles,52,45612 Devin Mount Apt. 028,Warrentown,Iowa,40685,6.070853,59.0803655
Lindsay Phillips,38,85795 Christopher Ramp Suite 340,Cabreraside,Pennsylvania,66769,143.376795,26.3339615
Victoria Charles,24,3643 Mills Run,New Ryanside,Oregon,78397,58.389564,59.6121925
Luis Graves,40,3443 Andrew Knoll Apt. 885,South Meganland,Maine,34399,43.726921,51.0641695
James Thomas,40,5507 Doris Forges,East Dianetown,Mississippi,91309,32.263948,19.4759285
Gina Fields,61,50075 Sanchez Plain,Ellisberg,Michigan,08954,69.112410,-10.8511805
Derrick Martinez,74,0190 Douglas Falls,Matthewmouth,New Mexico,21501,-130.463186,-74.393120
Samantha Williams,26,169 Adam Club Apt. 895,Deanfurt,Oregon,29191,124.350452,-84.069235
Greg Miller,73,17579 Morgan Summit Apt. 154,New Thomasberg,Ohio,68626,-84.534491,86.7792075
Holly Rice,68,260 Knox Summit,Cookborough,Missouri,25410,127.045928,-71.9303425
Anthony Hernandez,22,013 Martinez Valley,Michelleborough,New York,31086,-106.056896,-49.247421
Frederick Garcia,28,1287 Austin Hill Suite 421,West Stephanieton,South Dakota,36285,-117.279117,-76.4323095
Anthony Green,54,831 Smith Dale Suite 870,North Brentburgh,Mississippi,11299,-79.964267,-76.651781
Grace Howell,64,82323 Barbara Isle Apt. 477,Lake Denise,Alaska,74430,-105.056034,18.3308495
Roberto Dominguez,69,176 Jordan Curve,Lake Staceyton,Nevada,76684,85.114700,-86.1836285
Joshua Morgan II,68,75944 Carolyn Dam,Heidibury,New York,50685,116.885864,48.755118
Melissa Thompson,21,80793 Ryan Ford,Dariusstad,Delaware,65703,-108.560370,-28.2701415
Kelly Garcia,77,0288 Kevin Shoals Apt. 293,West Jenniferside,Alabama,10043,141.904075,-30.0041465
Rebecca Hughes,43,8670 Sanford Points,South Ginaport,Oklahoma,02910,-25.577770,-64.279583
John Martin,33,5216 Rush Shoals,Rhodesstad,Idaho,60843,-67.104499,-50.249309
Alexandra Watts,77,0256 Holmes Lakes,West Sarah,South Dakota,00905,-136.148526,-45.9994595
Kayla Ross,54,96917 Taylor Common Apt. 503,South Jasmineside,Kansas,53397,-127.447862,-67.066487
Joe Shepherd,73,1437 Nguyen Loaf,Riveramouth,Idaho,44378,40.076553,-43.463705
Cheryl Nelson,62,66127 Martin Crest,Christineberg,Alaska,42442,-45.371298,17.4193385
Cynthia Graham,39,360 Luke Inlet Suite 954,South Richardborough,Washington,17909,30.038799,-87.3075305
Paul Dorsey,21,094 Gregory Extension,East Davidton,Rhode Island,50180,159.701560,20.5834015
James Clements,74,8946 Khan Fork Suite 455,Cassandraberg,New York,35077,-106.725973,39.997995
Sharon Andrews,64,09024 Allen Falls,Scottton,Tennessee,61984,175.017126,-69.458975
Stephanie Bell,64,23105 Rhodes Ridge,New Karen,Kansas,13491,-32.873965,-72.254906
Phillip Jones,23,0014 Olivia Fort,West Seanborough,Maine,81624,70.804619,-70.8988015
Ronald Berg,60,872 Arnold Oval,Pooletown,Alaska,72215,146.162422,60.2836965
Cole Pittman,26,29597 Allen Point Apt. 237,Janicebury,Illinois,34001,-115.385196,67.1042765
Adam Miller,62,85434 Jones Ports,West Jeremiahhaven,Indiana,34897,119.269847,49.481545
Matthew Guerrero,73,37286 Hanson Mountain Apt. 147,West Joanbury,Maine,63704,-56.021429,-70.0472705
Parker Ferguson,28,6494 John Route,South Rebekahland,Alabama,25525,46.428951,68.861511
Megan Clark,70,0799 Lauren Plaza Suite 976,North Carolinehaven,Wyoming,13417,-47.486124,73.306240
Brian Lucero,28,142 Mackenzie Drives Apt. 553,Turnerbury,Indiana,97105,164.326025,5.2494415
Jerry Hobbs,61,0985 Miguel Drive Suite 063,Travisside,Hawaii,43969,168.857624,-32.0466775
Kevin Patel,37,9315 Burns Lake Apt. 483,West Eddie,New York,07490,106.448512,84.7411695
Ashlee Stevens,33,80216 Scott Valley,Fisherhaven,North Dakota,30755,-104.690884,15.497244
James Gutierrez,37,0754 Amanda Neck,Brandiberg,Utah,38082,-76.076256,60.9192585
Joshua Campbell,59,9490 Mcdonald Well Apt. 640,Port Josephhaven,Arizona,43861,-86.925878,48.175305
Dominic Evans,74,3639 Rodriguez Landing Apt. 441,Thomasland,Washington,03922,50.586093,0.081580
Andrew Davidson,74,399 Jennifer Forks Suite 741,Samuelstad,Wisconsin,73115,61.146539,-46.167910
Lindsey Mclean,48,5802 Daniel Burg,South Kevinberg,Oregon,64998,-106.607278,0.2222475
Steven Thomas,33,4351 Shawn Pines,Waltonfort,Minnesota,73202,-24.909757,53.152388
Ashley Jones,23,359 Lisa Village,West Nathan,Arkansas,17648,-34.717825,-65.933404
Jade Edwards,57,082 Morrison Parkway Suite 763,Huertaview,South Carolina,85782,142.881204,11.943799
Daniel Stone,72,98544 Jones Drives,South Melissa,Alabama,23648,151.810461,-57.154318
Cody Johnson,60,817 Curtis Via Apt. 326,Port Lauraside,New Jersey,90415,-74.781889,8.479718
Ebony Thomas,64,31581 Michael Via,New Loganfurt,West Virginia,62745,-29.196785,80.324382
Kelly Collins,51,93212 Kelly Walk,Port Larry,West Virginia,51844,77.002385,-49.0867385
Christina Boyd,48,7010 Bauer Ford Apt. 223,Weberberg,Utah,97740,120.136470,-47.6396625
Rhonda Smith,50,2522 Diaz Ferry Apt. 332,East Brian,South Dakota,27786,-128.286560,8.4775115
Melissa Bridges,26,792 Jeffrey Valley,Johnfort,Louisiana,05722,91.307824,-73.457081
Mary Rose,75,05196 Thomas Stream,East Brandon,Nebraska,46291,24.665303,-21.7428635
Dale Hays,75,29696 Kelley Station,New Tiffanyville,Florida,12952,107.107893,-32.792318
Daniel Summers,44,417 Adam Course Suite 283,Hooperside,Kansas,90519,-177.120280,-64.5342565
Chad Powell,46,697 Anderson Junctions,New Allisonport,Wyoming,56861,-46.178062,27.8897735
Susan Haley,39,475 Amanda Highway,West Julie,North Carolina,27339,-100.859423,88.4835485
Shelly Coleman,24,24897 Andrea Hill Suite 584,Melissaburgh,West Virginia,19355,-71.145344,26.7674055
Richard Hughes,57,99378 Heather Wells Suite 404,Travisburgh,California,35244,92.251394,-29.861946
James Baker,23,73632 Wilson Mountains Suite 717,Haydentown,Utah,01480,154.987228,32.610811
Crystal Vang,34,0473 Williams Way Apt. 002,South Jessicaton,Maryland,37588,127.005331,-23.4274165
Jason Hayes,36,183 Wright Trace Suite 690,Farleybury,Massachusetts,78176,179.423098,31.826296
Elizabeth Patel,30,760 Deanna Crest,Lindseyside,Oregon,40494,179.383141,16.1967555
Debra Cox,56,17370 Sullivan Coves Suite 461,Mooneyfurt,Texas,12319,140.700325,70.768741
Allison Sanchez,64,957 Evan Glen,North Ericville,Michigan,43319,141.187546,35.476032
Brandon Meyers,62,292 Ronald Ville Apt. 796,Lake Jordanton,Nebraska,99072,166.831354,5.713649
Laura Clark,36,883 Mark Club,Lake Anthonychester,Iowa,03958,-59.627850,17.7028535
Jason Saunders,79,63802 Johnson Corner,Brucefort,Wyoming,77768,59.035912,42.9694625
James King,69,34640 Ochoa Mission Apt. 749,Wilkinsland,South Dakota,42674,-19.149818,-17.110935
Debra Walker,59,3442 Bradshaw Shoals,Daniellestad,South Carolina,24901,-67.520646,10.2333535
Catherine Martin,50,46237 Monica Stream Apt. 122,Meganmouth,New York,68414,178.593220,-0.856503
Colleen Horn,43,511 Camacho Flat Suite 863,East Alexandraville,North Dakota,02106,179.049194,-23.3825545
Dakota Ruiz MD,48,70001 Harris Crescent Suite 558,Sanchezbury,Massachusetts,12217,-152.977557,-67.176149
Susan Rowe,48,1839 Avila Knolls Suite 277,Justinborough,Indiana,46390,131.689659,69.616470
Garrett Matthews,54,439 Davis Lodge Suite 770,Murphyport,Utah,83179,50.013508,28.3300345
Tanner Davis,61,84460 Kyle Throughway Apt. 589,Lake Tiffany,Maine,29746,101.534011,23.968490
James Phillips,56,13044 Johnson Crossroad Suite 979,Edwardsmouth,Delaware,41994,40.280871,68.131956
Judith Velez,34,6138 Caroline Glens Apt. 885,Michaelmouth,Rhode Island,56967,114.021016,52.366448
Michael Pena,77,446 Yesenia Springs Apt. 578,Port Brandon,Idaho,58891,-56.969430,-70.760642
Yvette Jenkins,43,4234 Hunter Loop Apt. 923,Josephland,Missouri,62356,-18.104941,-14.9709365
Derek Gilbert,35,27738 Adams Well,Stevenmouth,Missouri,76147,-65.426849,-59.1396585
Kaylee Moreno,62,47083 Karen Hollow,Jackmouth,South Dakota,49085,-148.664272,55.1826155
Shelby Henderson,77,9765 Donald Islands Suite 288,Rowlandland,Idaho,95136,152.531097,53.3609765
Christopher Jones,25,76935 Tammy Estate,Bernardborough,Kentucky,95870,5.163353,-0.2142205
Charles Gross,18,893 Oconnor Lodge Suite 085,East Feliciaberg,Louisiana,60647,57.790722,-33.732740
Kendra Johnston,26,4694 Ortega Ways,Carrieshire,Kansas,58774,43.393479,27.967068
Randy Johnson,22,117 Rachel Fields,North Anntown,South Carolina,16966,149.788306,52.8783335
David Jones,70,841 Amanda Highway Apt. 432,Angelatown,Michigan,83856,32.721220,-54.7567765
Victor Potter,67,167 Frank Track,Port Matthew,Louisiana,84548,120.786518,-66.0262895
Donna Johnson,64,738 Jeffrey Points,Port Robertton,Michigan,53563,-77.212331,-19.6953415
Robert Wilson,45,960 Perez Shore Apt. 486,North Robynview,Alaska,33977,-69.223659,22.6257645
Miss Stephanie Burton,77,69651 Greene Meadows,South Brenda,North Dakota,97377,-52.728904,29.344195
Gregory Cox,62,13602 Ruiz Ridge Suite 038,West Johnfort,New Jersey,49117,52.227229,-66.016434
Tina Jones,80,449 Ronald Junctions,West Crystal,North Dakota,20370,-165.213199,42.7387795
Nancy Obrien DDS,65,6858 Bush Expressway Apt. 591,New Jerry,New York,94484,-173.350421,12.658819
Chelsea Campbell,79,607 Orr Manor Apt. 492,Kennethfort,Maine,07979,37.869626,-67.392473
Brian Vargas,71,8132 Griffin Alley Suite 731,Johnshire,Oregon,73299,-147.909465,28.1958155
Amy Mooney,30,526 Miles Knoll Apt. 911,Lake Michaelton,Colorado,01722,-57.747542,44.0683655
James Wright,34,35562 Harris Route Suite 735,Brewerport,South Dakota,81310,89.319998,-45.7457695
Antonio Coleman,67,929 Michael Isle Apt. 286,Crawfordtown,New York,79209,-174.546907,2.406719
Sophia Thomas,61,25116 Richard Junction,Port Jennifer,Connecticut,18462,150.190740,-19.339254
Terri Fletcher,26,08333 Miranda Springs,New Tracistad,Massachusetts,97820,-150.743017,-23.8422165
Clayton Harrington Jr.,62,099 Amanda Wells Suite 902,Waltonberg,Iowa,14002,-46.304485,33.6229475
Samuel Harris,38,7397 Anna Haven Apt. 441,West Robertburgh,Nevada,44385,37.643868,-52.538201
Kelly Neal,44,01213 Pollard Drive Apt. 644,Marshallmouth,Pennsylvania,15315,-153.142053,44.053292
Alexandra Hahn,48,21081 Arias Court Apt. 795,Nicholasmouth,Massachusetts,69636,-25.444299,29.791305
Kimberly Tyler,45,2909 Jacob Stravenue Apt. 891,Lisachester,Washington,34543,92.405122,2.377098
Stacey Clayton,28,29134 Turner Circles,Connieton,Kansas,21853,154.006862,-28.294090
Sarah Lopez,45,867 Aaron Creek,North Rachel,Kansas,13237,150.437211,-31.1001575
Amanda Humphrey,70,488 Robert Islands,Butlershire,Wyoming,50018,-120.259239,47.431499
Joseph Young,54,131 Mcgee Falls,Jenniferbury,New Jersey,47220,51.242244,45.591052
James Jones,34,7475 Dana Manors Suite 726,Walkerfort,Connecticut,60810,2.964190,-25.3022725
Amy Smith DDS,80,427 Stevens Square Apt. 163,Wendyland,Mississippi,47313,88.889647,-1.487263
Jessica Nguyen,34,51375 Emily Fords,Markburgh,Oklahoma,46854,65.648995,-15.2254425
Jacob Pruitt,29,222 David Summit Suite 410,Port Cory,Kentucky,76292,63.207529,-28.8922195
Alex Brown,36,656 Hoffman Prairie Suite 192,Lake Dawn,Nevada,59165,-67.147062,-83.9932215
Angel Jones,70,92207 Michael Street,South Adamville,Maine,97052,56.591523,-16.1540465
Katherine Jackson,20,6501 Charles Unions,North Connie,Georgia,14130,-171.308913,76.2879525
Kaitlyn Smith,61,141 Damon Via,Marymouth,Nevada,09896,26.948382,81.996593
Grace Marshall,28,22238 Cardenas Cliff Apt. 206,Brownland,Maryland,36674,-106.694931,57.5250205
Cody Davis,56,53082 Jackson Mount Suite 853,East Shannonport,Louisiana,13687,-13.468503,-21.820533
Amanda Hall,49,86122 Tiffany Forge,Andersonmouth,Nevada,87960,4.176774,-71.986113
Morgan Jimenez,47,29968 Lauren Square,Thomasside,Hawaii,35688,36.794272,-11.2534375
Kelly Rodriguez,46,43003 Tanya Junction,Burkemouth,Ohio,52247,-116.501733,-76.1382205
Jake Allen,37,16313 Williams Path,Port Tara,Michigan,68704,143.009277,-79.8815435
Briana Harper,36,0760 Rachel Courts Suite 551,South Heidi,Maine,52598,-100.277551,9.883274
Samantha Brown,49,45542 Hull Islands,East Brittney,Massachusetts,24618,-53.808782,13.613250
Renee Greene,67,704 Cordova Crest,North Roy,Arizona,77966,64.443069,15.4008255
Jose Vaughan,44,75266 Hall Ports Apt. 655,North Michael,South Dakota,37116,-163.289248,-47.512204
Matthew Fritz,46,9812 Villarreal Unions Apt. 066,Port Katrina,Maryland,42602,94.262777,-67.1618015
Paula Williams,68,5943 Kelsey Plains Apt. 235,Simpsonport,Illinois,30399,-88.014681,84.9848905
Stephen Reyes,51,62151 Garcia Rapid,Gillespieshire,Arizona,77006,-169.484829,76.954812
Jaime Thompson,47,2839 Moyer Green Apt. 776,Ramirezfort,Maine,51436,-28.489905,48.0069045
Sarah Martinez,71,10549 Lisa Green Suite 421,Ronaldtown,Florida,85538,-144.085132,71.4818215
Gabriel Garcia,48,243 Morris Alley Apt. 640,Frostview,Minnesota,93145,144.270832,-24.649667
Christopher Clark,28,5446 Paula Gateway Apt. 952,East Mark,Florida,92387,154.248628,3.9923125
Robert Ellis,60,46696 Jessica Heights,Morrischester,Texas,26734,-14.393279,6.549946
James Hines,55,6441 Wilson Coves,North Stephanie,Nebraska,29391,-89.074013,-29.6826375
Kenneth Mcdonald,33,57165 Katherine Locks,Port Heatherfurt,Kansas,28130,-161.259571,69.233269
Amanda Phillips DVM,58,00693 Timothy Parkways,New Rebecca,Iowa,52513,-19.908559,-24.600172
Harold Gay,53,84522 Morrison Neck Suite 995,Lake Garrettmouth,Texas,71927,-32.782823,-47.6050955
Kathryn Jones,65,55849 Bennett Route,Kellytown,Oregon,01049,-46.397835,-59.024115
Richard Pena,67,95123 Randy Cliffs,West Jesse,New Hampshire,93577,158.897846,-55.612244
David Snyder,46,5041 Lynn Crest,Jonesshire,Iowa,01779,-162.459733,64.4233445
Alexandra Anderson,49,3283 Andrews Shoals,Hollandport,Iowa,50272,99.340223,27.138189
Stephen Brown,62,33024 Boyer Ferry Suite 988,South David,Iowa,51443,31.541732,58.870188
Amy Mcdonald,53,26988 Jeffery Road Apt. 272,Hollandton,Utah,68252,-11.681325,-21.6644415
Tammy Arnold,33,61734 Watkins Stream Suite 136,Holtside,Iowa,52153,-13.363858,-46.548605
Amy Garcia,54,6676 Todd Curve Apt. 098,North Robertside,Arizona,09617,-85.166447,-6.385099
Jason Taylor,45,1437 Walker Circles,Watersmouth,Massachusetts,46426,4.812038,56.0507555
Sarah Campbell,30,481 Tina Canyon Apt. 582,Samuelstad,North Carolina,82872,-133.579299,-85.365531
Michael Garcia,28,68949 Leach Branch,Brandyburgh,Alaska,38746,-66.405449,-85.3089335
Adam Johnson,60,3397 Erik Summit,New Dale,Iowa,50661,-17.817130,-15.778959
Raven Sherman,77,557 Holly Expressway,Port Maryborough,Iowa,54146,-168.201688,32.516581
Carol Obrien,41,4511 Rogers Plain,Reyesshire,Hawaii,93034,-61.719846,-88.202557
Jonathan Lyons,36,122 Jeff Greens,Howardfort,California,05881,29.981400,-35.300457
Michael Alvarez,29,88804 Mckinney Harbors,Villegasside,Virginia,69550,51.489689,-62.150923
Mr. John Flynn MD,79,590 Gay Bridge Apt. 778,Susanborough,North Dakota,13792,-83.493949,-0.6786465
Ms. Kimberly Montgomery,65,07960 Jeffrey Trafficway,Colemantown,Mississippi,85259,76.185028,0.4249805
Bobby Davis,51,19912 Wood Glens Apt. 147,North James,North Carolina,36112,21.425904,-25.153105
Jennifer Bray,58,546 Lucas Oval Apt. 543,Morrisshire,Tennessee,46161,62.932552,26.841858
Emily Miller,33,571 Williams Path Apt. 265,Lake Carrie,New Hampshire,90348,-7.318011,5.549128
Diane Ramsey,60,020 Richardson Pine Apt. 224,East Jerometown,Nebraska,97810,59.945643,-11.4329145
Andrea Smith,66,3672 Felicia Freeway Suite 473,East Christopher,Delaware,74007,164.460912,-83.206106
John Reynolds,66,7780 Jennifer Cove,Lake Richard,Florida,21019,-166.551661,44.0312965
Sarah Murphy,38,8443 April Mountain,West Karen,South Dakota,18264,-127.707658,-29.407204
Jeffrey Thomas,57,246 Bailey Estates,Port Ericville,Nevada,86644,-24.457406,-52.128819
Theresa Young,33,7778 Marisa Harbors,Kellymouth,Kansas,81239,78.068954,64.3737445
Michael Bailey,79,320 David Haven Apt. 248,Lindaville,Colorado,47988,117.585211,65.8371265
Maria Jones,19,576 Moore Rest Apt. 305,North Corey,Illinois,31072,131.742749,13.7372925
Sarah Ramsey,70,6924 Kelly Oval,Kingland,Oklahoma,03194,-118.217505,63.704547
James Ryan,40,29866 Barrett Mountains Suite 414,Lake Stephanie,Nevada,85340,-58.067172,79.0756905
Nancy Robinson,24,1138 Ashley Turnpike Apt. 324,Michaelfurt,Kansas,54637,46.588905,34.2953595
Katherine Tyler,78,93772 Victor Skyway,Kellieville,Indiana,51985,142.243869,16.224899
Pamela Blevins,51,9325 Murphy Drives Apt. 804,Lake Theresa,Florida,41181,-166.181631,67.736835
Brian Sullivan,29,63563 Johnathan Locks Apt. 794,Evanshaven,Minnesota,83893,-92.314529,-81.857857
John Lewis,69,70601 Kelly Circle Apt. 011,Zamoraland,Iowa,86790,-165.730544,22.0597595
Brittany Ruiz,44,0128 Murphy Inlet,Timothyton,Arkansas,24625,-21.561116,27.215571
Christina Pena,74,7620 Mcdonald Wells Suite 589,New Gregory,Montana,74718,-101.813385,-49.887964
Dawn Montgomery,66,69941 James Mission Apt. 017,North Jean,Alaska,20760,-92.470961,84.628973
Michael Phillips,31,08402 Stacey Plaza,Castilloland,Wyoming,84001,-36.675917,-13.622369
Lisa Willis,68,6865 Jennifer Station Apt. 286,South Natalie,Rhode Island,24185,-50.002272,32.793207
James Holt,73,345 Daniel Mountain,East Christopher,North Dakota,89709,-40.788401,80.045371
Karl Shaw,60,67287 Black Vista,Ramirezburgh,Rhode Island,50250,-134.096448,81.1675285
Mark Shields,23,9302 Johnny Lakes Apt. 030,Lake Codyberg,Ohio,57242,-57.553868,-81.0361075
Sara Wilson,20,6690 Quinn Viaduct,Bennettbury,Oregon,14528,63.784239,-15.8434765
Bradley Price,55,0375 Kyle Cove Apt. 899,West Patricialand,North Carolina,37670,159.122138,-60.402783
Kristin Hood,78,7951 Wolf Mountain,Port Nicolefort,Louisiana,00541,65.650531,33.467421
Christina Adams,76,583 Ashley Views,Lake Ronaldmouth,North Carolina,00726,-73.062408,32.638938
Mark Mitchell,36,74832 Benjamin Junctions Suite 108,Horntown,Illinois,32073,88.538720,45.3226365
Katherine Liu,18,836 George Squares,Howellberg,Washington,91133,-83.745239,-38.5820705
Mark Herman,18,9331 Perez Plaza Suite 284,South Betty,Missouri,41365,84.996386,25.3467765
Mark Walker,18,04932 John Square Apt. 917,Hendersonchester,Tennessee,05470,-45.171778,73.463195
Jacqueline Wilson,56,711 Shannon Harbors,South Jonathan,Hawaii,61717,-3.107782,-53.902875
Glenn Bell,54,698 Robert Squares Suite 177,Danielburgh,Massachusetts,38100,9.490688,-55.075928
Ellen Flores,29,003 Martinez Road Suite 193,Karaside,Nebraska,30721,178.219069,-83.7502115
Larry Jordan,61,694 Robert Radial,Lesterland,North Dakota,88413,69.354393,81.1014995
Christina Cox,57,4201 Mark Road Suite 273,Summersview,Minnesota,14804,112.860325,58.4507335
Carol Barnes,40,6161 Smith Circle,East Heather,Wisconsin,16968,8.328419,-22.4229555
Thomas Gonzalez,42,022 Jose Turnpike Apt. 700,Kristinabury,Oklahoma,15983,-119.981920,32.0328625
Audrey Hayes,30,8243 Weaver Route,East Tara,Colorado,86272,163.617193,13.5216445
Misty Patterson,30,36963 Miller Mountain Apt. 627,West Carol,Tennessee,62653,76.308500,83.728436
Kyle Wood,33,56078 Gary Ridge Suite 117,Lake Davidfort,Arizona,21433,84.487418,-33.8459165
Matthew Robinson,78,509 Cortez Terrace,West Nicholaston,Idaho,90354,-117.682536,-83.0459065
Linda Sullivan,41,0880 Kathleen Skyway,West Anthonyview,Idaho,47866,-123.519803,-9.1527355
Patricia Mathis,26,885 Kenneth Hills,Jamesshire,Hawaii,30608,94.525134,-76.7486145
Jack Collins,38,885 Johnson Canyon Suite 635,Port Patriciaburgh,Missouri,78572,-69.605500,17.202615
Marcus Hancock,19,401 Sanchez Flats Suite 331,West Deborahshire,Kansas,34505,11.532984,-16.595508
Jamie Miller,52,589 Hartman Trail Apt. 082,Kennedyview,Florida,17536,-22.758476,57.231283
Lisa Smith,70,48686 Allison Springs,Robertview,Missouri,42010,2.947143,-44.4380775
Juan Smith,68,7702 Santana Lights Suite 370,West Davidstad,South Dakota,50581,-86.983939,-1.805514
Brian Moore,72,276 Brown Tunnel Suite 896,Shannonview,Idaho,02140,162.752962,-85.9272585
David Velazquez,18,19378 Zachary Shore Apt. 299,Port Brooke,Connecticut,19905,162.247620,-41.985249
Michael Cardenas,76,5385 Brown Highway Apt. 824,Ashleytown,Connecticut,17396,171.360773,-22.6642325
Kristin Yu,37,1837 Wilson Station,Port John,Iowa,25837,-158.994606,-23.998640
Daniel Alvarez,74,2283 David Junctions Suite 865,Mooremouth,Virginia,75022,12.133550,80.7866145
Robin Fleming,47,3709 Lee Fords Suite 161,Lindsayborough,Maine,42140,136.155841,-20.6600745
Michael Green,66,758 Gonzales Loop,Port Ryanstad,Utah,50597,-19.197707,56.790506
Samantha Jennings,74,86910 Dominique Camp Apt. 642,Amymouth,Nebraska,82642,170.175027,38.693901
Philip Sullivan,60,417 White Trace,North Darrenburgh,Florida,56569,-132.234523,67.6295975
Austin Stevens,19,9936 Flores Passage,Johnborough,Kentucky,30642,155.134058,11.319445
Kimberly Davies,74,23496 Boyer Ports,West Michelefurt,South Dakota,29656,139.923731,5.5610015
Ryan Manning,61,37247 Hill Grove,Morrisshire,North Dakota,89585,122.255085,-2.013313
Lori Howell,39,748 Casey View Apt. 002,Tylerville,Oklahoma,00900,108.725682,74.8610905
Shannon Perez,21,0527 Amy Lodge Suite 847,South Christinaside,North Carolina,05574,143.302557,37.9914045
Robert Rodriguez,42,11496 Jennifer Mission,Andersonfort,Nebraska,99677,-155.662042,87.131059
Stephen Lopez,68,5110 Betty Roads Apt. 039,West Pamela,West Virginia,40749,33.674739,-36.760078
Ruth Dean,53,397 Williams River Apt. 308,North Derek,Connecticut,62988,-3.467173,23.1627775
Elizabeth Molina,73,7615 Deborah Inlet Apt. 092,Lake Hollyview,Mississippi,18909,104.898674,40.4079155
Dylan Clark,74,946 Kelly Crossing,Dianechester,Louisiana,59823,67.949258,-0.1078215
Mark Nichols,27,5846 Kaitlyn Mountain,Lake Allen,New Hampshire,12734,12.262922,-76.964618
Billy Neal,27,7813 Blair Extension Apt. 142,Justinchester,Arizona,46381,-133.029154,48.624381
Daniel Burton,79,25484 Jones Square Suite 091,Philipland,Hawaii,77778,50.817806,34.177168
Victoria Murphy,30,173 Macias Junctions,Lawrenceton,Missouri,87249,17.599265,40.4271425
Ashley Ortiz,26,00237 Cook Coves Suite 427,East Luke,Alaska,09645,91.451338,-85.436919
Cameron Cox,56,766 Andrew Trafficway Suite 741,Cervantesborough,Connecticut,24720,-42.249229,-65.353222
Timothy Kelley,66,57374 Solis Stream,Colemanhaven,Maine,05914,-140.692267,-34.1327705
Jessica Black,56,05774 Rebecca Branch,Rodriguezland,Tennessee,90896,53.410635,22.287879
Cindy Green,60,3124 Andrew Motorway,Whitebury,Missouri,10342,-83.384209,62.6785605
James Thompson,64,957 Stephanie Spring Suite 200,East Kendrafurt,Maine,87092,-30.178472,-12.788096
Brittany Wagner,61,11263 Warren Crossing,Port Kurt,Georgia,83739,166.631441,82.1112665
Laura Myers,73,451 Sean Loaf Apt. 267,Port Stevenchester,Louisiana,31713,174.955187,-80.726599
Amy Bradley,44,5689 Danielle Camp Apt. 162,Mccallmouth,Mississippi,90378,106.084327,0.6794115
Jennifer Stuart,34,52546 Steven Brooks Suite 011,Carlamouth,West Virginia,37140,-65.557205,-40.6613105
Carolyn Hines,40,378 Melissa Cliff Suite 149,Davidborough,South Carolina,38944,-118.380297,-21.436667
Annette Schwartz,45,65971 Gamble Stream Suite 800,Hayeston,Washington,59623,108.166617,62.2132645
Larry Baker,54,2960 Hart Shoals,West Amberport,Montana,44572,-74.104738,-4.159231
Joseph Adams,53,6688 Jocelyn Manor,North Jerryland,Nebraska,10000,175.746608,28.0121845
Christopher Wilson,70,807 John Fall,Pattonfort,South Carolina,16771,87.205143,13.365252
Brian Davis,76,9032 Reynolds Springs,Lake Sarahstad,Missouri,08001,90.472404,59.008201
Raymond Carpenter,48,601 Carroll Gateway,Claytonmouth,Alaska,61538,-40.157841,-82.577749
Daniel Steele,71,7719 Rodriguez Junctions Apt. 011,Diazland,North Carolina,91497,-0.058556,-2.159946
Robert Garcia,25,9247 Kristen Courts Suite 739,South Ashley,Maryland,28845,-171.494665,43.7405955
Anita Luna,56,613 Charles Drive Apt. 596,North Charles,Wyoming,16428,-19.003342,73.7308285
Jennifer Hall,48,27227 Sanders Bypass,Lake Andrew,Kansas,42022,104.558693,-77.4620035
Frederick Mitchell,60,295 Cantrell Forest,Jamesberg,Alabama,42420,9.814906,82.5762325
Adam Petersen,77,6810 Chloe Lights,Lake Christyland,Connecticut,06419,49.208903,42.5306425
Jennifer Martin,44,0631 John Summit Suite 385,New Aprilborough,New York,18880,150.618709,46.8931815
Robert Parker,36,42202 Rich Path Apt. 214,Lake Madisonstad,South Dakota,71280,-120.176763,-17.466296
Hannah West,76,3602 Ortiz Plains Apt. 880,South Amandahaven,New Jersey,32117,-25.855055,13.215600
Mr. Phillip Jennings,31,51794 Williams Shoal,Destinyside,Washington,83286,-31.223915,-6.5078465
Beverly Rodriguez,75,13208 Simmons Crossroad Apt. 767,Johnfort,New Jersey,67206,-98.363573,-77.5918525
David Kelley,68,35143 Kevin Fall Suite 920,West Bradleyshire,North Carolina,41612,-114.623971,55.8871525
Anthony Garza,25,6889 Dillon Drive Apt. 053,Port Steven,Louisiana,27223,118.073137,38.669924
Daniel Stevens,78,328 Daniel Mill,Hortonside,Ohio,86310,98.820209,21.8642315
Monica Nelson,57,9163 Jennifer Wells Apt. 338,Port Kyle,New York,19456,-16.999119,-65.538546
William White,22,454 Simmons Prairie Suite 158,Pagemouth,Alaska,25748,-172.519213,64.888474
Ann Harris,21,464 Kenneth Isle Suite 299,Maldonadochester,Oregon,97864,-48.893611,40.0516715
Krista Marshall,54,8450 Hess Forges,Griffinton,Wyoming,32413,18.607472,-29.982160
John Reyes,21,188 Stanton Pine,Nathanstad,Delaware,92758,-112.624916,-59.130511
Sue Marshall,48,7390 Barajas Square Suite 707,Patriciamouth,Oregon,57518,-85.593560,-88.523852
Melissa Jones,31,94664 Hamilton Mission,Port Jaredmouth,Indiana,06840,110.956459,37.7443445
Hannah Gregory,28,147 Julie Circle,East Carolyn,Arizona,55751,78.194077,44.9723165
Chad Foster,34,2091 Karen Loaf,New Lindamouth,Kansas,36744,172.488727,62.1829565
Benjamin Barton,74,73741 Paula Valleys Apt. 589,Bishopborough,Ohio,40481,-12.516757,-15.3483195
William Clark,23,816 Randy Groves Apt. 756,Port Jennifershire,Nebraska,17798,-34.446908,-66.4268925
Michele Rojas,22,554 Christina Cove,West Timothyton,North Dakota,05276,127.326593,-85.120306
Steven Guzman,42,65749 Robert Loop Suite 968,Dickersonshire,Michigan,47313,-107.343262,-3.3939915
Jason Gould,72,396 Mccall Keys Suite 246,Johnsonbury,North Carolina,48502,75.924682,-5.720980
Michael Wilson,26,28033 Johnson Inlet,Gonzalesview,West Virginia,30827,-35.539028,43.9915505
Anthony Ward,31,9148 Tyler Village Suite 501,Whitestad,Connecticut,26687,151.733074,47.1808385
Matthew Odom,46,173 Potter Views Apt. 156,Lake Brookechester,Wyoming,62572,-134.110259,87.324344
Jesse Hernandez,66,88097 Phillips Isle Apt. 250,East Brianburgh,Virginia,52190,-140.943101,13.665737
Dr. Thomas Wright DDS,59,760 Davis Tunnel,Port Kaylaborough,Ohio,53751,71.000244,-65.053761
Yolanda Brown,41,70886 Smith Cliff Suite 302,Barronshire,Connecticut,59838,52.643777,-69.5241525
Kristine Cortez,69,8472 Smith Vista,Port Rachelmouth,Pennsylvania,45685,94.553607,72.183178
Erin Webster,39,098 Melissa Ranch Apt. 183,North Justinfurt,Wyoming,09988,160.147088,-56.2345385
James Becker,77,80122 Sawyer Bypass Suite 447,Spearsland,New Mexico,67784,-41.687435,83.4341005
Matthew West,42,20637 Debra Mountain,Kathrynville,Massachusetts,61120,-172.390621,-7.2585415
Richard Ramos,23,5849 George Flats Apt. 691,Port Carlos,Florida,80826,-166.304949,28.094400
Holly Vargas,59,4187 Johnson Bridge,Port Maurice,New Hampshire,04504,-171.717146,10.135195
Jasmine Carter,64,306 Johnson Place,Jameston,Pennsylvania,24609,-156.812143,-80.4040035
Patrick Randolph,74,81825 Denise Points Apt. 608,East Jaredville,Utah,97205,37.748521,-31.2277665
Audrey Pearson,80,2265 Adams Lakes Suite 543,Karenstad,South Dakota,19069,-92.786711,-28.388526
Jane Bray,54,98664 Tracy Brooks Suite 274,East Angela,Connecticut,74198,-40.765832,-42.5857505
Lisa Garcia,46,07716 Eric Lakes,New Elizabeth,Wyoming,18358,-62.438048,70.9865735
Dr. Amanda Mcdaniel,69,533 Jerry Ridge,Orrside,Michigan,83427,-158.217944,-4.6955515
Carl Little,58,67069 Freeman Extension Suite 371,New Jasonville,Maine,34887,107.029827,-28.668420
Matthew Rodriguez,73,3965 Jason Creek Apt. 944,Isabelfort,Oklahoma,19845,97.544158,-24.018084
Michael Wagner,19,25835 Alexis Crossroad Apt. 414,Port Johnnyland,West Virginia,61780,-102.896173,57.122627
Peter Wolfe,31,577 Michael Fords,South Craig,Maine,73614,21.089750,39.154333
Michael Mclean,60,546 Long Trafficway Apt. 826,Burgessville,Nebraska,04680,112.803197,-74.3777585
Melissa Arnold,64,164 Carter Run Suite 091,Pattonside,Washington,06662,66.676294,66.603145
Tiffany Archer,49,13573 Karen Junctions,Salazarberg,New York,90237,-60.619769,4.925619
Marissa Simmons,64,0956 Henson Summit Apt. 840,Lake Kristintown,Arkansas,72056,103.964215,88.3762925
Danielle Martin,76,7024 Sanford Circles,East Natalie,Maryland,25846,7.802557,54.3344015
Heidi Kirby,54,22589 James Port Suite 674,Cowanburgh,Oregon,93547,82.047051,38.341147
Samuel Huerta,29,02023 Paul Ways,Jefferyfurt,Missouri,42093,-92.076885,45.4058025
Jose Ramirez,24,484 Jason Drive Suite 980,Chapmanfort,Pennsylvania,06471,-100.850553,60.3425685
Brittney Morris,68,57884 Elizabeth Viaduct,Cunninghamstad,Michigan,82316,31.728510,69.615745
Troy Johnson,52,1552 Golden Squares,North Scott,Arizona,81330,0.264421,59.035583
Kevin Jones,78,2097 Porter Prairie,Maryborough,Connecticut,32447,-0.383687,3.467376
Teresa Robinson,60,3168 Elliott Avenue,Lake Erika,Colorado,77637,58.377832,60.919610
Stephanie Mendoza,72,644 Duncan Shoal Apt. 318,Johnsonton,Mississippi,29869,-63.435796,28.3112115
Lori Lara,32,36545 Ramos Mews,Williamton,New Jersey,43268,-103.749883,20.952932
Edwin Robinson,58,22490 Daniel Club,Kennethhaven,Arizona,98887,-57.576542,2.5526555
Jessica Adams,58,23076 Dennis Meadows,New Teresa,Indiana,63355,-158.266703,84.846493
Robert Miller,34,784 Matthew Island Apt. 480,Johnsonstad,Mississippi,36561,-13.528520,8.7458285
Jonathan Ross,32,2380 Lloyd Mountain Apt. 090,Ravenburgh,North Carolina,13292,163.246915,-19.388115
John Perry,41,479 John Green,Tashaberg,Utah,58007,47.626475,76.8285535
Nicole Thomas,20,5148 Cynthia Extension,West Natalie,Montana,05043,-62.507243,-71.5666585
Jeffery Smith,40,3556 Simon Overpass Apt. 742,West Gabrielmouth,Oregon,10665,-87.221911,78.561852
Michelle Thomas,53,9863 Ward Run,Jorgebury,Vermont,53856,3.991940,-87.101098
Timothy Craig,46,925 Hector Plaza Apt. 832,Cochranland,Nebraska,60250,-5.110030,-37.138677
George Ho,37,49356 Linda Ranch Apt. 124,Kellyhaven,Massachusetts,96900,-112.147960,-83.245623
Stephen Cole,37,9705 Parrish Harbors Suite 991,Courtneymouth,Minnesota,90170,-3.914145,45.605474
Kevin Shaw,70,219 Zachary Ports,West Zacharyside,Georgia,11694,176.577398,4.289555
Troy Jones,63,049 Nicholas Cliffs Apt. 784,Lake Samanthamouth,Delaware,67384,59.044257,72.516833
Kathryn Love,80,307 Corey Trafficway Apt. 005,Boltonside,Kansas,58900,46.198001,83.096871
Jacob Ponce,79,68057 Baker Gateway,Melissahaven,Oregon,78840,138.287648,-80.7212775
Gregory Patterson,28,458 Castro Stream Apt. 764,Port John,Wyoming,02780,14.498752,-34.795155
Ricardo Carr,25,88008 Gibbs Oval Suite 204,Laurieport,North Dakota,45583,-91.212284,-0.1274025
Billy Cooper,39,672 Joshua Highway,Michaelside,Oklahoma,35471,-3.003835,-47.6657435
Christina Hernandez,61,8389 Stephanie Street,South Sarahmouth,Ohio,26489,-110.775505,42.934795
Jamie Wright,24,1200 Simpson Common,Longtown,Indiana,01578,175.999115,-32.1336385
Alan Young,54,12349 Brian Junction Suite 281,Kaylamouth,Louisiana,87217,94.562587,-26.105907
Reginald Brown,66,92491 Haney Knoll Suite 754,Andreatown,West Virginia,47766,43.494615,29.483581
Steven Jenkins,45,60563 Rogers Springs Apt. 793,West Jill,Delaware,36156,-16.672840,-89.700827
Ronald Munoz,52,23373 Chad Lights,Webbburgh,New Hampshire,39468,73.176879,29.6195905
Jeremy Benton,31,28011 Robbins Prairie,New Rachelhaven,Louisiana,26445,-27.945220,71.7454205
Michael Kirby,35,668 Kathy Points,North Michael,Nebraska,12148,168.463515,24.2714605
Donna Sullivan,71,439 Lori Extension Suite 851,Gibsonside,Louisiana,43056,-135.049143,17.3483725
Jared Cummings,60,449 Sheila Glen Apt. 443,North Douglastown,Illinois,23979,84.215087,59.6696195
Miss Melanie Lee,19,6629 Fletcher Locks Suite 091,North Peggytown,West Virginia,55671,-126.646936,43.0370725
Christina Johnston,35,496 Peter Well,Tylerside,New Mexico,34786,49.791433,-7.9372495
Jeanette Pruitt,61,1351 Beck Parks,Smithbury,West Virginia,38406,145.411058,-39.1986525
Joshua Allison,52,73014 Burns Cove,Port Cameronberg,Georgia,40219,2.595332,3.4515715
Robert Gonzalez,77,51144 Gross Prairie,Juliaberg,Colorado,48463,154.157675,83.3761325
Amy Brown,23,833 Collins Parkways,East Jacquelineport,Wisconsin,78997,108.128099,69.6863245
Todd Jones,23,530 George Mountains,Dixonton,Colorado,71733,127.557068,34.153085
Nathaniel Long,22,4696 Victoria Grove Suite 443,East Lisa,North Carolina,50085,160.820325,-67.9775665
Marie Armstrong,34,31067 Williamson Alley Apt. 236,North Stephanie,Hawaii,26495,107.344443,82.126033
Katherine Hoover,30,7196 Gregory Island,Debraborough,Rhode Island,42176,133.918937,-32.1761445
Joshua Torres,42,17687 Coleman Burg Apt. 589,East Dana,Wisconsin,56306,-69.647014,18.0713225
Pamela Fitzgerald,43,655 Scott Wall Apt. 602,Michellebury,Minnesota,10522,19.444719,53.905146
Stephanie Cunningham,24,198 Deanna Station Suite 968,Robertfurt,Florida,05686,40.744297,-42.6282625
Richard Norman,57,8276 Coffey Mountains,East Megan,Washington,57118,-79.766621,66.4063625
Laurie Parker,61,59822 Kayla Canyon Apt. 336,Davidborough,Rhode Island,03100,-95.893753,79.001752
Julie Hughes MD,66,7593 White Glen Apt. 687,West Bradley,Mississippi,50368,100.796570,10.1892855
Sarah Tate,35,9863 Bates Groves,Jamesshire,Oregon,52490,34.735802,59.956895
Amanda Lopez,70,0098 Julie Centers,Port Amandaton,Delaware,16878,95.722283,7.849266
Amanda Soto,33,26674 Nicole Forest Apt. 750,West Mitchell,Nebraska,87373,157.753525,52.320614
Tammy Lewis,64,87878 Rivera Lodge Apt. 808,Millerview,Oklahoma,83242,-126.041551,88.3649175
Corey Cobb,74,98662 Cummings Shore Suite 986,North Vincentville,Oklahoma,38039,-116.066588,-17.628651
Marcus Peters,37,59755 Chavez Crossroad Apt. 060,Charlesfort,New Hampshire,57602,168.421352,24.525056
Brian Kline,68,458 Brian Parks Apt. 359,Brianside,North Carolina,12513,114.229608,8.499635
David Kaiser,50,68050 Mclaughlin Stream Suite 063,Port Michelleberg,Pennsylvania,28458,-162.284412,36.3498525
Samuel Waters,30,857 Jackson Lights Suite 426,Lynchstad,Nebraska,03723,129.290826,-35.1012255
Keith Roy,80,169 Stanley Junction Apt. 907,Kramerchester,Tennessee,43473,-112.756297,48.848127
Erin Glover,22,0072 Christina Ville Suite 160,Gardnerfurt,Montana,74481,-95.103649,-67.2511465
Jeff Hughes,76,01807 Wells Rue,West Danielle,Texas,36752,-138.657805,86.560690
Amy Todd,53,48942 Tony Dale Apt. 003,Annaborough,Maryland,81637,-167.268142,37.8192315
Lisa Salazar,39,567 Amber Plaza,Wustad,Florida,93012,-170.296383,35.826979
Eric Baker DVM,77,03821 Alexandra Courts,Port Bobby,Alabama,22475,-21.526595,17.495345
Henry Morgan,80,385 Robin Pines Apt. 595,Davidmouth,South Carolina,17736,65.615952,68.527415
Melissa Dennis,66,22501 Reynolds Courts,West Theodoreberg,Washington,75784,-165.229865,76.099976
Randall Johnson,48,1575 Clarke Field,Jacobsonland,New Hampshire,81638,-173.532674,10.026132
Emily Long,19,3738 Christopher Roads,New Luis,Idaho,52565,-11.861279,-74.1765185
Michelle Reilly,25,9864 Brooks Summit Apt. 734,Porterhaven,Maryland,89966,-113.071129,29.2085775
Stephanie Gross,72,5664 Stokes Isle,Kimchester,Iowa,07382,172.201968,-21.1733495
Timothy Marshall,29,77024 Christine Lakes,Reedhaven,Illinois,08035,153.637425,83.3912945
Molly Sutton,67,4209 Fields Shoal,South Michaelside,Idaho,37951,138.282871,-3.6148025
Jason Hernandez,63,4176 Bryan Lakes,Batesbury,Florida,85799,54.425372,30.724492
Evelyn Rodriguez,61,814 Jones Spring Suite 149,Wadechester,Georgia,22744,-33.027718,14.470945
Eric Miller,45,63139 Mary Club,East Kylechester,Illinois,59681,-1.423274,80.231098
Derrick Pearson,45,8724 Thompson Bridge Suite 471,South Donaldmouth,West Virginia,96731,-68.128485,-21.348705
Sean Miller,56,458 Lauren Fork,Zacharymouth,Nevada,83224,110.728126,20.4574715
Tammy Martin,59,9255 Adams Wall Suite 100,Briannaland,Illinois,42314,-26.009094,-3.684661
Bianca Hebert,65,93733 Cole Shore,Turnerchester,Washington,04196,-47.014068,-1.5373725
Jeremiah Hanson,49,75640 Kane Wells Suite 520,Humphreyburgh,New York,34725,177.237862,8.2932385
Kimberly Pham,59,129 Young Ferry Suite 210,Port Brooke,Connecticut,33109,-162.784072,-38.985484
Amy Carr,34,48561 Christopher Loaf Suite 218,Edwardstown,New York,04023,73.689726,-87.3541605
James Jackson,65,53996 Marsh Park,North Ashleyview,Nebraska,80916,145.375487,88.0512705
Mr. William Willis III,37,4972 Nichole Turnpike,North Aaron,Georgia,44755,-172.405386,-76.4397105
Amanda Schmidt,57,91913 Sara Tunnel,Codyview,Alabama,95797,108.375707,61.4225015
Holly Coleman,68,4345 David Run Apt. 228,South Michaelhaven,Utah,54567,30.498429,-75.9269395
Dawn Diaz,75,5563 Graham Meadows,East Patricia,Rhode Island,49709,-132.538707,-60.6668345
Nicole Moses,75,816 Phillips Lake Suite 773,Hectorport,Ohio,42954,-169.794978,28.054859
Bridget Stewart,40,7631 Flowers Mountains,Johnsonshire,Nebraska,79554,84.122106,58.0084785
Jack Johnson,80,07456 Smith Port Suite 988,South Isabel,West Virginia,77713,49.803484,31.579795
Shaun Villanueva,49,5258 Payne Dam Suite 315,New Andrew,Missouri,87810,-124.768265,86.0188405
Mckenzie Lopez,32,29597 Michael Creek Apt. 135,Port Dawnmouth,Pennsylvania,05217,98.451129,42.2314145
Leslie Mueller,75,754 Lori Estate Suite 581,South Amberburgh,North Dakota,40863,-9.952606,36.290441
Jason Brown,42,39980 Sandra Mountains Suite 942,West Tracy,New York,41917,-118.796348,7.923743
Selena Copeland,64,336 Rhonda Dam Apt. 605,West Aaronhaven,Kansas,39505,-138.169102,-28.797462
Taylor Perez,45,173 Brown Crest Suite 634,West Stephen,Illinois,94803,-44.013941,66.725821
Dylan Richards,39,427 Osborn Throughway,Port Bradley,Kansas,86438,-11.864333,64.2480815
Janet Johnson,74,596 Baker Via Apt. 435,Cookville,Texas,50515,-8.767100,36.389338
Ryan Johnson,27,593 Harrington Isle Apt. 124,South Jeremyhaven,Idaho,56971,-15.735492,-88.446031
Nathaniel Dorsey,67,26907 Bowman Port Suite 705,Mcclurestad,Wyoming,54646,-120.145542,20.2456125
Jonathan Villa,23,165 Roberta Mount,Derekland,Nevada,11300,-134.209060,-25.197746
Joseph Griffin,36,46585 Jennifer Valley Apt. 855,New Tylerfurt,Delaware,30472,-99.418583,-87.6751575
William Morris,29,2621 Henderson Mall Suite 467,Lake Ruth,Nebraska,46005,139.831032,-86.0774985
Nicholas Carter,65,077 Owens Park,Murphyfurt,Louisiana,52539,-166.266953,-11.281751
John Price,61,7419 Kayla Meadows,Port Lauraberg,North Carolina,21504,-144.674607,-1.0381735
Darren Bond,71,15078 John Centers,Douglaschester,New Hampshire,33258,162.114400,-89.6117345
Patricia Robinson,42,7422 Joshua Stream,Williamsfurt,South Dakota,22866,-38.934742,76.5442875
Timothy Roberts,28,93700 Darrell Green Apt. 920,Thorntonview,Indiana,81636,154.910145,82.7868905
Stephen Walker,80,42019 Jones Dale Apt. 541,Reyesmouth,Oklahoma,56262,-75.099401,-62.0716635
Frank Gonzalez,25,70469 Jesus Fort,Bauerburgh,Rhode Island,49386,69.845799,59.214660
Zachary Jackson,43,58322 Andrew Estates Suite 947,Williamsburgh,Hawaii,51711,-177.397389,-52.7679235
Pamela Baldwin,64,478 Sullivan Junctions,Bradleyshire,Georgia,56057,-22.967861,-14.389395
Cassidy Watson,53,12669 Daniels Crescent Apt. 027,South Justinborough,Utah,38569,-144.687200,84.048736
Samuel Gonzales,80,56720 Craig Drive Suite 725,South Calebton,Idaho,03237,-158.200300,-33.5504995
Brenda Huffman,32,67843 Reyes Falls,New Georgeton,Utah,88872,-94.585969,-3.1414095
Austin Rodriguez,71,0278 Castro Plaza,Hubbardside,Nebraska,13346,24.923143,44.190310
Casey Ortiz,47,033 Pamela Lake,New Jessicastad,New York,80768,-34.551373,32.477600
Paul Carter,21,4036 William Cape,North Heatherborough,South Carolina,19201,-64.713395,-61.3769075
Nathan Ramos,61,67885 Sullivan Loaf,Bradtown,California,86927,146.664166,18.995821
Misty Walker,27,05216 Christy Court,Leeview,Massachusetts,10463,19.778047,55.4677785
Maria Cooper,22,7633 Mark Mews,Lake Rachelburgh,Pennsylvania,79036,150.592700,-54.0582035
Andrew Wright,51,0240 Laura Ridges Apt. 902,Port Jenniferberg,South Carolina,89483,173.362872,63.4257545
Lori Blackwell,65,4225 Nelson Gateway Suite 078,Port Courtney,New Mexico,52351,-109.573683,-49.0743045
Richard Villarreal,23,24753 Thomas Turnpike,New Michelle,Arizona,08285,162.270520,-20.484988
Nicole Flowers,77,73808 Henderson Locks Suite 055,West Katrina,New Jersey,67443,-6.808744,4.5793905
Cassie Davis,59,9028 Samantha Plains Apt. 349,Lake Todd,Kentucky,34580,-27.357650,17.0040385
Marie Smith,69,7794 Jessica Lane Apt. 709,Chandlerhaven,Delaware,23354,2.961943,36.652397
Ann Stevenson,30,441 Alyssa Neck Suite 376,Figueroaburgh,Iowa,14369,58.906863,-5.5073545
James James,32,9502 Wood Terrace,Hancockstad,Tennessee,65209,-55.917981,34.0130715
Corey Perez,68,3653 Jonathan Streets Suite 803,East Lindastad,Virginia,83078,-138.243084,66.7486135
Nicholas Hoffman,75,052 Diaz Rue,East Travis,Maine,73157,-37.533036,34.8632215
Mrs. Dawn Davis MD,49,904 Eric Mall,Nguyenshire,Washington,22111,-100.665396,-40.442815
Michelle Herman,40,703 Joel Club Suite 199,Port Kevinfort,Minnesota,58489,-19.428951,-55.533496
Matthew Lopez,68,560 Flores Vista,East Mercedeshaven,Alaska,39848,95.999904,-27.1228665
Rachel Sellers,75,2850 Robert Haven,Carterville,Mississippi,30686,137.912618,-79.057658
Sarah Wade,26,860 Smith Ramp Suite 302,Vanessaberg,Nevada,75758,-2.950557,51.525775
Deanna Lozano,44,141 Rodgers Village,North Brian,Maryland,87820,66.749601,7.963989
Jordan Higgins,20,3725 Justin Branch,North David,Alabama,76410,80.947207,-86.8586305
Douglas Brennan,35,83301 Salas Port Suite 363,Greenchester,Kansas,65540,-125.299797,52.0170775
Adrienne Nelson,44,633 Gabriel Ports,Stewartburgh,Oklahoma,73824,-97.944545,-71.7942445
Nicole Hernandez,78,0109 Cisneros Rest Apt. 146,Erinhaven,Louisiana,62778,-26.751660,46.8125325
Sherry Cox,31,850 Bullock Via Apt. 615,Fowlerstad,Minnesota,26637,-79.749203,72.7447705
Tara Cox,22,5528 Anna Parkway,Kimport,Massachusetts,25639,93.634624,-21.942882
Kathleen Norris,52,783 Gabriel Lock,Allenfort,Alabama,13179,28.934911,72.375674
Hannah Graves,33,04655 Morris Dam Apt. 149,East Christy,New Mexico,21184,-62.338948,-58.875228
David Ashley,35,7098 Farmer Bypass Apt. 874,Kathleenmouth,Missouri,84367,55.624951,54.0593315
Heidi Ashley,34,2148 Dunn Ville,New Kylemouth,Montana,71768,135.821914,66.1070005
Ashley Guerrero,69,03473 Gomez Orchard,Armstrongborough,Hawaii,84241,158.313335,-21.0795955
Russell Harris,20,7685 Long Streets,Stevensfurt,Pennsylvania,50680,43.001925,-88.134530
Kristina Lawson,53,7260 Nathan Fort,Wallston,Connecticut,36956,151.050917,68.7095435
Shaun Gilmore,46,1969 Melanie Ville Apt. 534,Craigland,Colorado,67117,2.347302,29.1573615
Daniel Sanchez,77,103 Cooper Hills,Port Ethan,Illinois,53111,134.583014,-17.2076805
Jennifer Carter,45,515 Schultz Street,New Brandon,Hawaii,52601,135.231285,14.330408
Aaron Guerra,19,55375 Carolyn Garden,Robertsshire,Pennsylvania,50153,106.142708,84.3754805
Tony Mason,51,99599 Cox Crossing Apt. 004,East Matthewchester,Hawaii,34503,-164.670734,58.1162105
Audrey Meyers,63,955 Alejandro Dale Apt. 449,Port Bridget,Nebraska,00601,119.598343,34.453800
Gina Smith,30,70396 Mullins Street,Isabellamouth,Maryland,49153,-16.441275,48.4319645
Kenneth Lucas,40,525 Brandy Mill Suite 813,Wrightside,Hawaii,83787,-94.097358,-83.6976415
Hunter Johnson,22,158 Donna Vista Suite 079,Lake Jennifer,Oklahoma,59718,112.536960,-45.925371
Tyler Crawford DDS,64,1674 Robertson Trail Apt. 092,Carterton,Alabama,41553,-19.566130,-26.422836
Shawn Wallace,80,7841 White Dale Suite 881,Port Julianhaven,Connecticut,78425,88.815799,-89.3659995
Carmen Thomas,38,8953 Garcia Crossroad,Lake Kellychester,Kentucky,09080,62.623306,-38.321114
Scott Mccall,69,17974 Brittney Rue,East Andrea,Mississippi,26652,-110.142646,16.319883
Bryan Sandoval,31,818 Johnson Mission Suite 223,Nelsonton,Wisconsin,97930,131.704079,19.6151545
Lori Gonzalez,28,2296 Howard Bridge Suite 856,Turnerberg,Wisconsin,48122,31.623603,-76.550482
Melissa Taylor MD,18,3413 Green Fords Suite 750,New Robertbury,Maryland,13202,-126.694063,10.962905
Cynthia Howell,65,0937 Michael Pines Suite 633,Petersonhaven,New Mexico,64613,-50.558710,9.241317
John Shelton,66,029 Katherine Plains,South Michael,Iowa,24582,118.830772,-19.599439
Ryan Russell,20,750 Flores Tunnel Apt. 969,East Courtneyfurt,Vermont,17800,0.947266,23.026751
Mrs. Rhonda Kirby DDS,48,0156 Willie Gardens Suite 207,Perezside,Kentucky,14592,-30.619930,85.5753415
Andrew French,74,517 Kendra Square Apt. 788,Williamsstad,Pennsylvania,87893,52.588360,-30.5105245
Dr. Vanessa Roberts,20,3020 Jennifer Dam,South John,Georgia,25968,-126.392741,40.155789
Kelly Carter,20,484 Curtis Square,Thomashaven,Colorado,68391,-31.815363,-50.5034205
Julie Delacruz,44,1272 Stacey Villages,Fernandezport,Kentucky,86772,66.564789,57.634798
Susan Mata,20,040 Walker Drive Suite 200,Johnsonmouth,Michigan,77782,173.680957,-38.151446
Corey Phelps,54,2182 Porter Manors Suite 557,Lake Shawnchester,Vermont,76068,-164.342664,72.3692195
Matthew Garcia,22,6623 Michael Manors Suite 544,Woodardbury,Arkansas,31865,131.119422,-0.098717
Sean Patterson,72,42906 Anthony Manor Apt. 067,East Amy,Wyoming,64394,-47.828625,-30.6511045
Craig Mccarthy,28,749 Paul Courts,Brucetown,Texas,08819,171.107205,78.024016
Theresa Russell,67,2159 Rodriguez Villages Suite 623,North Lisaview,Mississippi,61237,31.831918,52.8616965
Heather Bailey,65,58816 Donald Gateway Apt. 544,Lake Sarah,Massachusetts,98343,-15.193717,4.6249905
Shane Harris,76,36863 Smith Trail Apt. 206,Edwardshire,Hawaii,87519,-115.668890,-68.003524
Jennifer Davis,30,666 Ryan Vista Apt. 721,Christopherton,West Virginia,10407,-66.958505,18.7291015
Philip Blair,70,0240 Colon Fall Apt. 833,East Nicholas,Iowa,98800,20.044964,-14.238954
Judith Jenkins,47,816 Nichols Island,New Johnfort,Oregon,05020,-125.348217,14.2261535
Jacqueline Cook,58,525 Mccoy Club,Hillshire,Kentucky,70885,-170.209786,-39.9697165
Adam Jordan,52,06349 Kathy Ports,North Troy,Texas,71454,88.378387,-19.6246545
Jerry Bates,43,08111 Prince Hills Apt. 661,Clarkchester,Montana,51338,31.545314,-30.535420
Jennifer Tucker,47,7343 Patricia Union,Williamsonstad,New York,91612,48.097018,59.9992785
Sydney Mendoza MD,42,047 Vanessa Fords Apt. 070,New Jessica,Colorado,66137,159.432885,-9.732611
Mark Burnett,19,30251 Emily Shoals,New Georgeport,Maine,08937,16.060654,60.335873
Adam Anderson,46,31108 Michelle Road,Welchland,Kentucky,37940,168.525216,-69.0326305
Amy Davis,37,7974 Hill Knoll,Lake Jeffrey,Iowa,75569,-154.243957,70.858899
Jason Stone,59,75695 Burns Circles Apt. 740,Craigborough,Missouri,55115,102.457856,63.790217
Brett Taylor,23,95661 Rogers Gateway Apt. 715,Michelleport,South Dakota,35931,107.068261,44.211426
Linda Wang,28,139 Carolyn Common Suite 109,Lake Stephenbury,Maine,84086,72.324794,-25.4924525
Calvin Tucker,18,988 Wright Harbors,North Andrewland,Kentucky,64771,-55.583854,40.9699695
Kendra Hicks,80,588 Michele Inlet Apt. 067,North William,Hawaii,45240,-167.484680,-61.4393335
Eric Davis,49,9143 Ryan Greens,Port Kristy,California,82190,-21.264757,72.116724
Logan Booth,72,73521 Mark Club Suite 826,Derekville,Alaska,51232,-52.424674,28.0600495
Tristan Brooks,30,0688 Martinez Camp Apt. 749,Payneview,Mississippi,70309,-160.744329,81.961251
Antonio Best,32,2023 Schmidt Shoal,New Bruce,Illinois,61076,-100.296435,12.6851835
Daniel Diaz,42,381 Joseph Well Apt. 736,Hodgeton,Hawaii,80829,53.378636,-1.7397945
David Barker,36,07224 Lopez Circles Apt. 940,South Johntown,Rhode Island,96632,153.271315,28.8197855
Alexandra Smith,74,512 Wood Crescent,Maryberg,Indiana,63929,33.326692,-54.073718
Patrick Rollins,67,515 Burton Rapid Suite 831,Clairetown,Utah,77665,-101.805286,50.246754
Mary Gilbert,68,5322 Jason Bypass Suite 845,New Emilyfurt,California,03145,-43.804059,64.8359805
Kylie Chen,52,8112 Erin Points,North Dariusville,Maryland,96575,-60.761877,-79.760018
James Thomas,73,18083 Richardson Circles,East Edwardfort,Alaska,19249,-30.256397,82.235514
Daniel Jackson,30,2085 Morgan Plaza Suite 236,Estradaburgh,Indiana,88324,-56.721429,48.184849
Christopher Taylor,66,1649 Suarez Hollow Suite 933,Lake Frankside,Hawaii,62264,31.883869,-1.5464035
Matthew Arnold,64,3295 Lee Drive,Jimenezshire,Arkansas,78852,-22.830995,-20.637333
Amy Howard,33,9187 Robert Track Suite 103,Port Christine,Arkansas,83321,-71.234676,36.5073315
Kristina Rios,64,930 Love Square Apt. 422,Huntertown,Connecticut,49631,-17.797177,46.122222
Charles White,60,2152 Little View,East Michaelhaven,Connecticut,40290,36.672029,19.479329
Travis Mendoza,52,763 Brianna Loaf,Jasonstad,Alabama,71840,-11.876057,0.222648
Kelly Hess,32,006 Myers Locks Apt. 863,Campbellton,Washington,47421,-66.569134,65.660774
Carolyn Keller,29,3269 Kevin Keys Suite 806,West Paula,Alabama,45336,44.119912,66.4145715
Michelle Gordon,29,717 Marilyn Hill Apt. 947,Sawyerport,Colorado,93579,107.632080,-86.3230325
Jennifer Fletcher,22,6815 Natasha Inlet Suite 843,New Juan,Illinois,29990,166.477273,-24.6714145
Kyle Marquez,21,864 Stephen Brooks Apt. 132,New Jeffrey,Kansas,96418,-27.546721,27.476548
Jennifer Carter,55,798 John Canyon,East Alan,New Mexico,39321,134.509010,63.780849
Maurice Morgan,44,26955 Webster Village,Alvinhaven,West Virginia,69509,-78.291268,-7.384377
Caitlin Henderson,35,49277 Karen Bridge,Lake Ariel,Mississippi,91537,-146.659235,23.753309
Ruben Olson,27,2189 Noah Flats Apt. 532,Ortizfurt,Kansas,84442,-38.193409,-21.994801
David Novak DVM,59,53363 Davis Corners Apt. 412,Donnabury,Louisiana,79589,-47.219146,28.1053275
Mary Murphy,46,29064 Tracey Springs Apt. 135,East Andrewmouth,Delaware,29508,-127.714861,-32.458916
Shane Rivera,18,2501 Long Mission Suite 357,Dannyburgh,Wisconsin,59795,175.341743,14.884356
John Ball,32,13506 Julie Court,North Isaac,Louisiana,38324,131.518949,-72.1794595
James Jennings,44,469 Kelly Neck Suite 785,Port Richard,Iowa,87412,-82.241159,4.338711
Andrea Adams,45,3853 Daniels Road Suite 778,Whiteport,West Virginia,21509,15.927010,45.091060
Robert Moran,75,416 Zachary Lights Apt. 810,Austinburgh,Alabama,32272,122.903330,24.588272
Amy Joseph,20,1598 Schmidt Isle,West Eric,Oklahoma,98069,-98.850282,-17.330773
Kevin Lambert,40,0278 Thompson Islands,West Claudiaville,Maryland,58950,-104.267487,71.499647
Kelly White,47,18580 Martinez Via,West Mirandamouth,Nebraska,22188,-48.075248,59.456978
Kathleen Hamilton,33,56276 Hensley Corners,North Jenniferberg,Rhode Island,49068,-113.662025,-2.133897
Lauren Hill,53,85766 Noah Overpass Apt. 108,West Monicaton,Colorado,77212,-8.054686,25.481892
Lauren May,60,57093 Hawkins Run Suite 036,West Michelle,Iowa,98026,-121.188636,-36.3254455
Jennifer Miller,18,61275 Allen Village,Gloverburgh,Georgia,63900,-36.510684,15.1744325
Tracey Thomas,80,124 Heather Heights,Heatherfort,Kentucky,19890,-103.358049,-84.4803255
Alicia Jackson,69,222 Richardson Wells,Jayview,South Carolina,85184,-70.373911,89.565434
Scott Rogers,79,2483 Mark Square,North Deborah,Florida,36414,116.535665,-61.210831
Brandon Boone,26,95863 Michael Wells,Gwendolyntown,Mississippi,56405,56.138128,-25.7628375
Brandon Turner,26,4213 Angela Lock,Julieberg,Wyoming,17754,-73.663073,75.3715025
Jordan Schultz,45,73439 Baker Centers Apt. 362,West John,Alaska,38880,-108.503053,23.640654
Emily Ibarra,77,4509 Michael Villages Apt. 262,North Michelle,Arizona,95624,122.519887,6.272163
Jeffery Carter,66,12115 Dawn Meadows Suite 852,New Jonathanberg,Montana,28632,-179.006502,47.7805045
Andrew Christensen,54,06498 Moore Pine,Romeroport,New Jersey,99864,-42.872094,-63.597737
Alexandra Whitaker,56,44803 Larson Unions Apt. 044,Kendraside,Arkansas,31620,-24.154269,20.708379
Steven Zimmerman,62,93568 White Roads,South Jamieland,South Carolina,09480,-125.557358,-69.0931555
Susan Lee,70,1292 Robinson Field Suite 782,Port Kevinburgh,Washington,92749,-88.662260,-59.783832
Thomas May,60,81017 May Valleys Suite 605,Port Keithview,Illinois,17859,-14.404469,48.5409185
Richard Henry,60,2854 Michael Locks Apt. 962,West Randy,Ohio,24034,123.384705,47.0845375
Laura Myers DDS,57,0907 Glenn Corners,West Meganborough,Nevada,89807,14.800430,58.0372235
Mary Snyder,46,1257 Harvey Crescent Apt. 299,South Michelle,New Hampshire,22911,18.651954,-89.9741615
Beth Thompson,32,207 Johnson Knolls Suite 584,Williamton,Maryland,28818,74.788285,50.656792
William Lee,19,0276 Henry Viaduct Suite 648,Alvaradoton,Indiana,18296,-41.917369,67.571474
Jamie Wagner,65,07083 Marilyn Fall,South Angela,Maryland,71069,-129.432008,9.086309
Nicholas Thomas,51,577 Kim Drive Suite 811,Chavezbury,Maryland,60079,74.465161,-68.7550165
Angel Reynolds,69,954 Love Cliff Apt. 935,North Pamela,Pennsylvania,70416,135.570038,-43.3280225
Joshua Kelley,33,4546 Sullivan Freeway Apt. 835,Veronicahaven,Alabama,47498,67.782345,3.656943
Veronica Johnson,67,9083 Erin Hollow,New Jeffreyport,Alaska,88269,151.196834,-89.7583665
Renee Brown,26,751 Savannah Grove,New Brandonmouth,West Virginia,55801,-139.278793,-23.547890
Jessica Gonzalez,74,47042 Baker Station Suite 051,Clarkberg,Arizona,29199,-7.116608,-60.742974
Ross Fleming,70,8558 Glenn Stream Suite 011,Port Brianbury,Rhode Island,58612,-73.203718,-86.8441335
Dawn Hendrix,51,6262 Woods Gateway Suite 024,New Courtneyville,Washington,80727,-116.165921,35.353371
Alicia Huang,19,07939 Morris Villages Suite 310,Wheelerfurt,Oklahoma,38195,106.936467,-29.2027575
Mike Fritz,38,42014 Brandon Gateway,North Kennethland,Florida,43402,80.042332,-13.342190
Amy Hamilton,43,840 Cynthia Locks Apt. 855,Sheilaborough,California,91232,147.057992,-30.814898
Cristian Martin,20,425 Jones Crest,Allenfort,Oklahoma,55751,-132.079965,-78.210697
Joshua Perry,34,922 Judy Lodge,South Lisa,Connecticut,25394,26.500278,-86.688782
Michael Medina,23,5398 Johnny Grove Suite 134,Kevinfort,Kansas,89268,113.826551,55.674753
Dale Gibson,53,21076 Jacob Meadows Apt. 772,Port Melissa,Hawaii,09210,-9.838085,49.448279
David White,73,73429 Saunders Knolls Suite 877,Jacksonfort,Texas,08314,-133.754899,-68.760223
Hailey Barker,65,685 Flores Trail Suite 831,Gloverhaven,New Mexico,56833,-73.724872,57.814626
Gregory Mendez,79,751 Patel Brook Suite 342,Gregoryport,Massachusetts,35456,-87.041430,67.9807885
Jennifer Osborne,74,56688 Rebecca Green,South Christopherport,Utah,16437,144.054075,-50.810136
Julie Hernandez,73,7526 Yoder Dam Apt. 712,Annchester,Wyoming,68012,-125.667846,-33.501152
Jessica Mitchell,44,92322 Angela Terrace Suite 018,South Jamesburgh,West Virginia,05023,-21.867431,-70.556642
Brian Mosley,66,97965 Wilson Shoals,East Jonathanborough,Washington,78635,64.275501,-70.7796435
Stephanie Johnson,28,79909 Crane Squares,Port Brian,Indiana,38664,-163.678214,64.0154445
Teresa Alvarado,37,0536 Connie Tunnel Suite 071,Eileenview,Delaware,65324,15.479596,-76.0986505
Chelsea Gordon,77,109 Guzman Field Apt. 219,North Robert,Illinois,37568,129.757443,-19.223198
Christopher Lopez,52,48615 Carroll Glens,Lake Cynthiaborough,Georgia,58425,-166.998134,72.8108085
Nicole Clark,75,1478 Saunders Freeway,North Geoffreychester,Massachusetts,75039,29.997579,30.2333015
Alexandra Gomez,25,8432 Roberson Dam Suite 584,East Nicoleland,Texas,16715,-59.131450,-41.479289
Brandon Arroyo,44,1321 Stanley Dam,Lake Holly,Nevada,17365,-42.712256,-80.2933585
Angela Long,68,88586 Krista Shore,Leslieshire,Missouri,48224,-142.999734,-7.567137
Kelly Bruce,34,181 Johnson Causeway Apt. 291,North Johnborough,Maine,04813,-128.584255,-36.884850
Danielle Powers,50,7571 Jason Court,Lake Cody,Tennessee,92910,30.765561,51.4046325
Benjamin Maldonado,60,7200 Frye Grove,Rebeccabury,South Carolina,36864,-113.390185,6.9652705
Tammy Conrad,54,9242 Jenkins Ramp,Lake Jill,Alabama,29799,-75.512167,-31.3652315
Isabella Johnson,32,489 Luis Lakes,Lake Curtis,Iowa,50478,1.404831,33.0380205
Cynthia Clarke,50,507 Stone Alley,Toddchester,Kentucky,57978,-99.388220,-60.198724
Mitchell Pratt,33,79376 Melissa Vista,East Mauriceborough,Mississippi,31256,-92.305029,55.908458
Kevin Sanchez,60,47810 Jane Island,Leblancview,Georgia,83158,-132.704280,14.242378
Caroline Mcdowell,50,7416 Wiley Walk Suite 305,Lake Kurt,Indiana,69542,174.936214,29.163076
Chase Jones,72,936 Jill Shoal,North Jenniferside,Louisiana,88883,-151.323053,31.8208495
Laura Mitchell,26,7683 Timothy Roads,South Kirkhaven,Massachusetts,36774,-75.872242,86.3636665
Brian Johnson,27,1930 Velasquez Ville Suite 247,Murphybury,Virginia,03894,101.376189,-86.480210
Wendy Miller,72,633 Benton Crossroad,Christopherborough,Ohio,28579,157.226306,-82.5462975
David Wolfe,39,661 Gonzalez Route Apt. 493,New Blake,Virginia,50525,30.785363,-81.592374
Brandon Martinez,68,924 Hannah Center,New Anthony,Pennsylvania,11135,-72.503915,-69.402321
Kelly Wilkinson,45,93728 Bradley Courts,South Richardbury,Utah,43129,77.969219,-59.057102
April Johnson,55,69453 Calvin Road Suite 439,East Corybury,Kentucky,11818,104.569906,-63.742199
Meagan Butler,59,485 Johnston Flat,Davidberg,Washington,01154,-106.207731,15.121298
Angela Li,46,0550 Maria Tunnel Suite 175,Port Nicole,Oregon,57304,-30.873191,6.192115
Carmen Oliver,63,466 Thomas Neck,East Monica,Minnesota,63859,95.756765,48.6804935
Spencer Gonzales,71,31315 Hicks Pike,Lake Charleneville,Vermont,69269,-95.730323,34.889325
Gina Peterson,23,08247 Howell Ports Apt. 728,Zamoramouth,Tennessee,45307,75.632710,-77.0041735
James Martin,55,35772 Curry Bridge,West Natalie,Colorado,51377,170.079308,-43.3108405
William Sanchez,40,865 Marie Port,North Krista,South Dakota,49141,50.676039,40.9614015
Sandra Smith,38,77344 Stephanie Land,Lake Gerald,Wisconsin,89835,111.065385,37.787747
Anthony Mills,74,86861 Kelly Freeway,New Kennethberg,Alaska,92738,88.821998,-13.5595575
Chad Coleman,29,2992 Campbell Vista,East Dylanchester,Rhode Island,29207,67.056472,35.1322455
Donna Bautista,65,3032 Lopez Road,Port Codybury,Kentucky,76611,70.447662,-78.752561
George Parker,74,221 Mcguire Ford,Saundersburgh,Missouri,11246,-70.779367,-17.710213
Justin Young,78,292 Ryan Mission Suite 524,Floresberg,South Dakota,62583,57.289861,25.829611
Paula Brooks,77,99257 Garcia Unions,Schmidtfort,Montana,79042,-137.241630,89.0533485
Michele Hall,59,534 Terry Road Suite 946,Julieberg,Texas,47026,-21.079947,79.544475
Jason Lopez,72,3440 Shea Street Apt. 831,South Meaganmouth,Georgia,42902,162.873315,39.963786
Elizabeth Huffman,69,0144 Oliver Prairie,Lake Stephenport,Oklahoma,37944,131.618055,47.132224
Tammy Soto,43,69229 Howard Stravenue,Erikberg,Iowa,59895,-34.063588,65.615410
Cassie Wallace,24,39445 Carol Stream Suite 907,Brownton,Idaho,41919,29.355237,-46.2693525
Matthew Bradley,68,1794 Brennan Locks Apt. 322,New Nicoleshire,Louisiana,64449,-1.064932,9.4085615
James Watson,43,6845 Jonathan Landing Suite 797,Port Joshua,Arkansas,29981,69.264838,25.8138775
Erica Cherry,31,14470 Johnson Manors,Jensenton,West Virginia,36320,-178.628404,-32.4408165
Lauren Schmidt,24,244 Jacqueline Mountain Apt. 461,Zacharyshire,New Mexico,50536,-53.289772,-71.929094
John Williams,59,899 Fisher Locks,East Frankton,Massachusetts,31416,104.475128,29.253225
Richard Stewart,26,723 Mckee Shores Suite 080,Marcshire,Hawaii,82618,-53.727512,87.1139725
Kendra Richardson,55,9306 Anthony Alley,Lake Jeffreyshire,Oklahoma,11921,80.407352,6.6382715
Kimberly Hudson,42,4359 Marcus Skyway Suite 464,North Jason,Nebraska,31079,-34.643137,-60.705576
Daniel Mccullough,32,798 Lauren Lights Suite 372,East Ritabury,Idaho,06308,0.336246,25.7696455
Charles Rodriguez,25,52744 Ralph Streets,West Matthew,Illinois,82987,2.113921,-87.820551
Makayla Scott,52,208 Martin Stravenue,Lake Marcia,Mississippi,74817,96.245683,64.2248215
Heather Howard,18,29177 Caleb Underpass,Port Stephentown,Wyoming,97200,82.179754,27.5916345
Jamie Douglas,71,6300 John Rapids,South Shanestad,New York,38383,113.527585,-13.9783665
Mr. Ryan Johnson DVM,70,8029 Nicholas Point,Williamburgh,Michigan,17522,152.541157,-55.019061
Zachary Graham,35,52281 Curtis Parkways,Martinezshire,Minnesota,92069,58.304048,1.6986755
Heather Diaz,41,02460 Murray Prairie Apt. 103,Carrillomouth,Colorado,15272,155.603444,41.6496675
Jodi Colon,52,9479 Mackenzie Brook,Michaelchester,Virginia,92659,-117.317122,-9.6298675
Morgan Moss,31,618 Caitlin Radial,West Matthew,Vermont,28796,85.702224,46.6397735
Debbie Juarez,45,614 Howell Common,Port Annshire,Arkansas,53332,82.316997,25.958503
Maurice Shaw,63,880 Keith Crest,New Alexandria,Colorado,13375,-74.601914,2.0442735
Renee Hendricks,68,487 Meyer Garden,Brendanborough,Alabama,11222,-22.408286,44.061292
Holly Boyle,54,5689 Timothy Spring,North Anne,Massachusetts,49405,-99.612450,-58.862609
Matthew Morris MD,74,297 Karen Loop Suite 585,Mendozamouth,Arizona,58231,-174.626119,-64.1616945
Victor Harrison,23,538 Andrew Cliffs Suite 164,South Raymondfort,New Mexico,47347,-82.356792,-81.0261065
Allen Thompson,29,46941 Anderson Falls Apt. 041,Scottstad,Indiana,05544,-118.207484,-13.480962
Claudia Bell,43,297 Clay Islands,West Williambury,Maryland,85346,46.545301,-2.419703
Charlene Ford,72,265 Lester Tunnel Apt. 508,Lake Alexandraburgh,Indiana,35101,149.477431,58.1187255
James Joseph,23,166 Lauren Vista,Jenkinsmouth,Ohio,43243,123.494778,-43.7575085
Brandon Taylor,63,5338 Philip Garden,Robinview,Idaho,26380,112.218346,-1.2276215
John Reyes,61,2785 Joshua Summit Suite 601,Sotohaven,Oregon,56618,-24.406114,45.8876005
Shannon Patel,36,499 Jessica Roads Apt. 909,Carolineton,Arizona,37787,-100.953108,-79.167395
Matthew Jackson,27,415 Castro Drive,Johnsontown,Pennsylvania,42677,34.930691,-86.6425055
William Thomas,36,7133 Robin Ramp,Port Jamieberg,Delaware,47223,83.299387,-0.6470275
Philip Phillips,48,25414 Lisa Estates,Gillburgh,Massachusetts,37864,-116.934212,-37.571711
Patrick Mcmahon,60,2771 Charles Canyon,Daisyland,Alaska,79224,-171.935730,35.356075
John Burns,28,14496 Blackwell View Apt. 489,Blanchardburgh,Mississippi,88618,-90.838337,61.2106945
Jennifer Smith,33,417 Gutierrez Lock Apt. 765,Anntown,Washington,21157,123.940459,-23.872680
Brad Williams,76,456 Wilson Ranch Suite 310,Whiteton,Florida,26172,-38.866743,25.2212765
Vanessa Nelson,32,1210 Mann Estates Apt. 418,North Christina,Nebraska,03268,75.035329,-23.1381635
Teresa Rivera,59,7024 Potter Causeway Apt. 440,Lake Tammyview,Missouri,62814,-126.124642,-11.463712
Thomas Gray,26,064 Darren Run Suite 482,Port Kayla,Wyoming,39226,-90.190088,63.8682835
Marcus Chase,33,2411 Myers Parks Suite 867,Snowberg,Montana,64897,55.111884,38.874936
Rachel Peters,39,577 Mason Row Apt. 797,New Lindsey,Massachusetts,23615,77.964868,-46.9437415
Samuel Morris,78,043 Amber Turnpike,North Ericchester,Texas,64866,60.648657,-23.557718
Amanda Thompson,75,92310 Bautista Manor,Ronaldfurt,Illinois,96763,178.113505,27.820783
Grant Trevino,69,58851 Robert Ports,Brownside,Montana,49475,45.733535,-76.597612
Jeffery Harris II,23,3284 Candace Ways Apt. 509,New Margaret,Connecticut,70644,-120.556409,38.199411
Kelly Rogers,73,38902 Lori Common,Evansmouth,South Dakota,92484,111.665858,-36.8327275
Tiffany Erickson,51,105 Martin Hill Apt. 789,Mooreberg,New Jersey,42556,-110.376193,55.5777405
Melissa Galvan,60,552 Gillespie Pass Apt. 663,North Shelly,Kentucky,01230,-148.372269,-53.7280755
Elizabeth Ramos,30,22293 Smith Lights Suite 173,Whitestad,Delaware,83116,130.384056,-10.892842
Elizabeth Wright,73,7455 Emily Mountain,Lake Anthony,Vermont,13819,171.164222,-53.276776
Rachel Patterson,68,4408 Torres Trafficway Suite 426,Melissastad,Hawaii,07997,69.330056,-88.676311
Lindsay Morales,22,213 Pena Squares Apt. 560,Jenkinsside,Montana,44119,53.809653,72.517607
Cameron Cook,40,9912 Estrada Locks Suite 836,New Matthew,Idaho,40479,-78.562121,-35.278510
Erin Ford,76,46935 Wright Creek,Lake Alyssa,North Carolina,47303,-176.872131,-58.0979835
Vickie Dawson,25,9269 Brooke Common,New Robert,Georgia,06070,85.829546,88.115754
Erin Ellis,48,106 Scott Burg,Lake Nicoletown,Georgia,06588,37.671918,39.7485995
Andrea Prince,69,10444 Howell Club Apt. 883,Rodriguezport,Alabama,40445,87.243812,67.1995545
Daniel Mitchell,54,1589 Rose Shores Apt. 014,Normanhaven,Alaska,99617,-162.842285,-22.3824185
Brandon Miller,20,111 Parrish Freeway,South Tammy,Wyoming,17882,-49.791658,45.465433
Elizabeth Lewis,77,92695 Hensley Haven,West Lisa,Louisiana,42242,74.265135,-47.3432485
Carla Peterson,53,69386 Simmons Shoal,New Karen,New York,43003,30.318487,-71.2351295
Seth Watson,55,4868 Bradley Center,Jacobmouth,Maryland,06173,-49.867067,-33.290459
Brendan Smith,73,162 Cathy Manor Apt. 133,Parkermouth,North Dakota,62539,163.601317,3.2437125
Sandra Schmidt,53,5109 Estes Wells Apt. 664,Port Tammyberg,Oregon,99086,101.154401,-54.5686585
Angela Wood,46,2943 Harrington Walk Apt. 815,Bridgesborough,Missouri,67751,-83.481588,89.641971
Travis Roberts,64,3907 Fields Rapids,North Suestad,Minnesota,59780,-17.047204,-26.896428
Robert Harvey,48,05355 Bauer Ports,Martinborough,Maryland,03272,118.235449,-36.287094
Jill Shaffer,78,398 Krause Union,Kathrynmouth,New York,27465,-80.668479,-42.892496
Lorraine Bauer,35,7945 Jones Park,Stevenside,New York,12396,112.720670,41.6289455
Laura Brown,34,4256 Smith Stream,Taylorchester,Louisiana,30740,-51.377533,-88.964983
Kristina Harris,77,485 Stewart Cliffs,Wallsfurt,Indiana,19897,-146.635784,-87.717751
Amanda Larson,75,1286 William Groves Apt. 853,Medinafurt,Louisiana,36689,-64.212085,7.1081085
Nancy Todd,47,5857 Jeffrey Tunnel,Port Julie,Utah,04497,-110.550812,60.644269
Vanessa Austin,75,50713 White Mountain Suite 049,New William,Kansas,80690,-8.445590,84.7077835
Michael Wood,36,84500 Hartman Mountain Apt. 576,North Ashleymouth,Wisconsin,33340,147.120385,-15.9889415
Matthew Allison,52,76620 Stephen Camp Apt. 402,Kevinton,New Mexico,91000,-63.268080,-48.4129355
Christopher Holmes,75,3340 Cole Row,South Robertberg,Mississippi,94595,50.569885,-26.961202
Angela Bradford,57,5906 Rachel Ville,Peterchester,Michigan,75346,37.041453,21.681079
Melissa Warner,34,9837 Paul Mount,Bradleyhaven,Colorado,54159,-49.972357,87.826338
Amy Johnson,36,8671 Vasquez Trafficway,Port Colleen,New York,64691,53.934988,30.815022
Christina Chang,45,43043 Mcdonald Land,Taylortown,Georgia,71802,85.808101,-38.004023
Laura Anderson,73,332 Nguyen Club,West Juliaborough,Kentucky,96094,-32.382158,21.0973015
Angel Spencer,46,10117 Miller Harbor,Derekburgh,Rhode Island,66384,-13.236065,36.126722
Ariel Shea,34,54622 Campbell Canyon Apt. 644,Millertown,Wisconsin,85682,-42.709634,35.888546
Michael Garcia,29,109 Chris Corner Apt. 718,West Jeremiahfort,Kentucky,62201,-21.702406,47.313711
Angela Rose,65,16149 Joshua Springs,South Briana,South Dakota,69758,-126.854325,-13.459488
Robert Anderson,37,8151 Hunter Trail,Kristenhaven,North Dakota,10043,-124.328328,73.6816905
Jacob Wallace,78,8934 Luis Lodge Apt. 503,South Meghantown,Alaska,45005,144.437957,82.892092
James Roberts,34,49707 Nicholson Neck,Lake Shawna,Massachusetts,53452,128.842254,27.6102815
Shawn Boyd,57,05922 Anita Squares Apt. 304,Port Becky,Wyoming,83640,-110.627322,-75.113526
Tracy Ford,58,68358 Denise Plaza,New Michael,Kansas,50195,-164.231873,-78.677844
Karen Parker,62,563 Jeffrey Turnpike Suite 160,North Brandonchester,New York,89760,158.638114,-56.5400335
Jennifer Rowe,65,8755 Nguyen Drives,Thomasbury,Tennessee,21130,52.527692,-6.914264
Gregory Romero,58,076 Macias Ridges,Delgadoborough,Delaware,35633,-6.338253,-20.5215645
Susan Li,50,2570 Bonnie Creek Suite 984,Jacquelineside,Oklahoma,17989,151.432680,-75.649454
Grant Melton,70,99998 Lyons Views,North Davidberg,Florida,68592,-171.499122,-22.211089
Erik Dean,22,61678 Ashley Plaza Suite 746,Drakefort,Alabama,72758,124.717118,33.017915
Michael Becker,29,7543 Christina Ramp,Santosside,Wisconsin,61724,111.036431,51.374635
Brandon Cooper,62,754 Samantha Mountain,Lake Gregorymouth,Hawaii,54120,-153.659667,66.175719
Joseph Wells,55,297 Christopher Greens,South Jeremy,Montana,30107,-13.456581,-88.320463
Martin Wilson,19,77491 White Tunnel,North Marieshire,Maine,65072,71.623710,-6.5107305
Rachel Richards,45,3910 Nielsen Lake,Josephmouth,Nebraska,14114,-59.677752,-87.6585885
Matthew Johnson,50,78640 Amanda Unions Apt. 506,Samuelborough,Oregon,97918,-158.145899,-60.1652495
Dr. Mary Aguilar,70,0978 Katie Lake Suite 440,Kimberlytown,New Jersey,22241,-76.006450,51.011604
James Mcpherson,50,78207 Abigail Tunnel,Bellberg,Idaho,90347,-123.270863,-52.8705265
Melissa Petty,36,219 Jose Roads,Port Sarah,New Hampshire,95575,98.512947,-70.6276645
Annette Harris,60,573 Yang Plaza,East Autumn,South Dakota,00938,123.836052,61.0302845
Lee Collins,22,155 Brittany Glen,Murillomouth,California,71671,-3.315242,-39.065047
Alexander Sloan,51,5301 Chelsea Corners,Port Kyle,Pennsylvania,50368,-135.404133,10.5680785
Dr. Melissa Bass,39,4309 Margaret Spurs Suite 508,Joville,Colorado,69378,52.730474,34.4842465
Adam Flynn,73,02190 Jensen Cove Apt. 716,New Tanya,Minnesota,32289,-118.999141,87.149252
Kerri Robinson,65,8178 Monica Inlet,Lake Gloriaport,Maryland,43178,148.629770,-34.1943685
Adam Cruz,72,00678 Amy Spur,Robertview,Louisiana,31589,-10.070687,88.114309
Sara Griffin,52,594 Mccarthy Inlet Apt. 355,Allenton,Minnesota,67840,-155.701811,20.9336645
Matthew Mccoy,20,6623 Ross Ranch Suite 849,North Michael,Arizona,17066,173.491099,88.557836
Thomas Beard,22,74388 Johnson Green Apt. 757,Kingside,South Dakota,97504,84.325836,41.6355405
Benjamin Baker,47,015 Robert Mountains Apt. 601,Brownland,Alabama,56874,119.072165,63.509776
Brian Carney,30,64958 James Course Suite 137,Christopherport,Vermont,10767,86.812497,47.745637
Priscilla Park,37,913 Tracey Extensions,East Kristenland,Ohio,26237,43.795999,-12.419180
David Kemp,44,1297 Stewart Center Suite 346,Alejandrastad,Oregon,85011,-107.365541,54.6108765
Matthew Mora,57,58128 Savannah Pines Apt. 368,Gloverside,Connecticut,24712,120.496536,42.0185375
Eddie Grimes,27,75990 Thomas Mews Suite 057,Michaelside,Utah,66664,87.125896,49.1966515
Brett Douglas,80,7008 Charles Tunnel,South Jacob,Washington,68416,178.800818,-28.5323555
Stephanie Richardson,34,1440 Morton Inlet Apt. 860,Kellyshire,Idaho,51997,141.093314,84.723017
Angela York,35,1263 Deborah Curve,North Andrew,Kentucky,26510,-31.426252,-29.2619515
Ashley Garcia,52,5403 Kristi Point Apt. 314,Gregoryburgh,West Virginia,49498,-149.391103,20.4304545
Ryan Alvarez,68,2963 Pham Gardens,Bradleytown,North Carolina,26539,118.170645,39.2808905
Robert Wood,18,421 Gonzalez Island Apt. 792,Richardville,Illinois,15234,-16.295036,-17.9732815
Sharon Bowman,30,33202 Barrera Dam Apt. 842,Davishaven,South Carolina,05024,115.938492,42.133273
Julie Harris,42,0002 Kelly Stream,Frederickburgh,Utah,14062,110.673467,-2.779570
Albert Brown,38,8640 Burton Highway Apt. 798,New Tammymouth,Wyoming,04471,2.101991,77.188752
Rebecca Johnson MD,70,5262 Marcus Row Suite 840,Port Luke,Tennessee,92846,-158.173265,56.050248
Raymond Miranda,41,175 Melinda Tunnel,Luceroland,Arkansas,07913,-59.700627,-7.160335
James Greene,71,032 Hannah Vista,Rayview,Oregon,40695,126.579451,0.818370
Shaun Maddox,49,525 Janet Curve Suite 232,South Emily,South Carolina,91024,10.424684,-73.8332095
Kerry Campbell,37,4610 Robert Plaza Suite 447,North Kyle,Oklahoma,42886,-76.435577,-58.587669
Mary Harding,24,476 Rodney Isle,Lake Craig,Oregon,58130,165.223911,78.0277215
Terry Evans,80,50589 Valerie Underpass,Williamborough,New Hampshire,37200,162.717944,-30.1330105
Karen Spence,68,176 Franklin Expressway Suite 124,Jenkinsport,Arizona,07931,1.831000,-87.752258
Andrew Davis,74,9943 Samuel Forest Apt. 632,Allisonborough,South Dakota,96812,47.954287,57.901892
Laurie Turner,78,634 Mitchell Overpass,Benderburgh,Nebraska,25816,-155.331572,38.859763
Patrick Harris,39,795 Randy Lakes Apt. 281,Greenport,Washington,86112,-176.499856,34.2961025
Thomas Martin,47,2205 Courtney Crossing,New Rhondafort,Vermont,85967,-80.421647,-44.7868355
Ashley Martin,18,41252 Jason Park Suite 080,Jenniferville,Nebraska,99052,15.474805,-27.0016865
Linda Cook,37,5888 Steven Drive,Rodneyfort,Tennessee,19840,35.417470,-86.7837115
Ronald Graves,39,821 James Estate Suite 866,West Melissa,Kansas,52069,31.168807,14.0625045
Ms. Caitlin Lopez,40,369 Cassandra Grove Apt. 821,Jasontown,Florida,55519,-88.363644,-7.4984355
Dr. David Romero,45,4259 Janet Courts,South Brandonland,Georgia,29960,-118.188617,-47.768948
Beth Williams,37,9616 Alexander Court Apt. 139,Port Faith,Vermont,23038,101.005131,-9.9161035
Matthew Santos,54,348 Lisa Road Apt. 106,Dustinfort,Montana,73594,-100.918711,-88.0515785
Christine Armstrong DDS,57,4875 Brandi Cove,Owenburgh,New Jersey,61296,132.406247,46.4830085
Cheryl Hull,65,53444 Ortiz Ford,Leahton,Washington,31932,43.469197,-18.829313
Kathleen Pope,30,34868 Walker Mall Suite 215,New Tinamouth,Connecticut,10729,-123.748225,79.856649
Patrick Jones,69,40353 Hannah Union,West Sharon,Maine,61358,50.805823,-65.658889
Carrie Morrison,23,01738 Jessica Locks,Solomonland,Missouri,13422,98.313672,1.2876055
Jason Rhodes,32,626 Williams Causeway,Ryanburgh,Idaho,67918,-169.211925,63.877575
Maria Marquez,73,99813 Ricky Roads,Hunterport,Iowa,77660,121.340700,-66.161198
Ashley Trujillo,35,1233 Ashley Pines,South Christopherchester,Kentucky,95898,-136.976450,70.586384
Lee Williams,21,9643 Hardy Forges Apt. 050,New Christinehaven,Rhode Island,39254,134.307105,-81.296548
Daniel Molina,57,8728 Johnson Junctions,New Erin,Kentucky,55815,57.297910,-70.7526275
Christian Becker,29,9786 Moore Highway Apt. 257,North Robert,Kansas,39051,-37.056040,-33.9927875
Chad Vance,63,772 Victoria Tunnel Suite 544,Acostaville,Florida,97584,-169.476174,-15.4516635
Lisa Cohen,28,997 Castaneda Drive Suite 799,Hallberg,Pennsylvania,32103,46.279183,25.411818
Jasmine Wolf,66,67748 Danielle Burg Suite 935,West Olivia,Montana,15398,-93.342437,16.814702
Cassandra Vazquez,80,45999 Brandon Park Apt. 623,Carrollport,Wyoming,44119,11.485269,-34.133707
Robert Rodriguez,79,953 Reed Fort Suite 048,Floydview,Maryland,17029,171.795434,-48.637890
Emily Garcia,42,225 Harris Place,Lake Melindastad,Iowa,80618,-74.697514,72.8508155
Micheal Medina,59,77081 Erica Island,West Kiarabury,Indiana,62892,-116.192460,25.6474035
Jeffrey Barnes PhD,20,65124 Jeffrey Shoal Suite 630,Julianfurt,Alaska,32561,89.094217,-73.8628755
Tyler Melendez,59,660 Hill Wall Apt. 701,Bentonmouth,Vermont,83578,-97.644257,15.6695185
Nicole Myers,51,3157 Miller Passage,East Joanna,Pennsylvania,77158,145.276334,40.256200
Theresa Ramos,33,13797 Nicholas Forest Suite 321,Collinsberg,Utah,18368,-61.433807,-54.4737275
Kathleen Nichols,22,078 Christina Club Apt. 841,New Heather,New Mexico,73389,127.233860,82.001039
Brooke Hanson,34,53041 Davis Falls Suite 243,New Rebeccashire,Minnesota,50623,104.554636,89.9088075
Penny Marshall,65,32559 Cathy Mills,Clementsshire,Connecticut,17625,-35.335732,48.9963615
Robert Moore,76,568 Erica Locks,Port Adam,Florida,13727,-150.201796,33.321992
Shannon Smith,45,80081 Daniel Parkways Suite 830,Port Chelsey,South Carolina,67878,86.579968,74.352684
Dr. Robert Krause,75,48968 Rose Gardens,Ayalaview,Ohio,30450,118.132580,25.448682
Evelyn Bryant,73,698 Cook Union,North Melissaport,South Dakota,31665,147.272961,31.8801445
Terri Brown,54,47445 Le Lakes,South Francisco,Maine,18130,147.473189,55.066749
John Meadows,31,1179 Brown Street,Lake Sheila,Florida,43425,51.660219,36.466196
Lisa Ponce,26,2232 Richard Island,Lewisberg,Missouri,16100,39.375590,18.0800475
Norman Preston,66,26651 Nguyen Crescent Apt. 306,Maureenfort,Oklahoma,66817,157.867042,34.689889
Ricardo Blevins,53,16899 Sullivan Lane Apt. 496,West Tyler,Alaska,59124,7.589228,69.414663
Katherine Sheppard,76,7632 Sullivan Manors,Franklinberg,New Jersey,71043,-92.775534,-29.280400
Christine Stephens,79,73227 Ronald Mills,Watsonstad,Tennessee,69958,173.804857,-9.2535425
Erika Thompson,18,9945 Caleb Corner Apt. 614,Harrisport,Hawaii,81676,65.310313,30.8382185
Randy Vargas,36,2100 James Plain,Port Kimberlychester,Louisiana,81086,41.583836,-29.921517
Gabriel Graham,76,746 Joseph Cape Suite 272,Port Natalie,Colorado,73282,119.746953,-51.530096
Ethan Browning II,79,24567 Gray Crossroad,South Petermouth,Alabama,93882,-99.835654,-3.8609175
Theresa Wilson,36,9479 Robert Station,North Charlesmouth,Delaware,77490,154.676819,55.5669065
Douglas Small,60,889 Diana Views Apt. 719,Brittanyberg,North Carolina,25828,-155.061774,81.410486
Jacqueline Woodard,33,47851 Beth Junctions Apt. 190,Port Melissa,Iowa,17506,-63.731793,-12.9863475
Janet Donovan,78,59477 Cassidy Curve,Lake Donna,Delaware,91033,167.507148,-49.555261
Lisa Cruz,51,54437 Jimmy Fords,Craigmouth,New Mexico,88815,-43.207398,-47.549574
Alyssa Lewis,36,66502 Kari Place Apt. 076,Tonyberg,Missouri,04668,-47.663602,14.0732735
Reginald Lindsey,50,85947 Thomas Court Apt. 103,Tinabury,South Carolina,16286,-145.022293,89.995262
Thomas Carroll,67,019 John Cliff,Tonyberg,Arizona,60872,-18.966196,-52.102415
Brandon Aguilar,66,710 Chris Prairie,Port Jacqueline,California,95379,67.116764,50.7270795
Michael Taylor,41,285 Gonzales Mountains,South Amanda,West Virginia,87073,-159.899221,-71.1107215
Julian Thomas,77,10752 April Wall Suite 021,Garciaborough,Ohio,88702,-99.033751,31.1598545
Joy Gilmore DVM,30,7691 Sue Corner,Brianmouth,Oregon,89889,179.279192,59.571823
Tasha Jimenez,49,51456 Murphy Mall Apt. 536,Angelatown,Wyoming,97245,32.810281,63.381220
James Lee,60,3305 Erickson Rue,Sloanshire,Minnesota,90779,-145.208832,-4.1803695
Jordan Wyatt,33,976 Susan Ports Apt. 512,Cookstad,West Virginia,01631,144.757598,47.968009
Anthony Lopez,64,006 Jillian Union,Williamview,South Carolina,80205,152.376684,28.293600
Robin Bullock,70,6991 Smith Underpass,Lake Kennethmouth,Maine,41499,-50.129321,45.7170255
Mary Johnson,72,71174 Murphy Knoll,Port Valerieport,Tennessee,23712,84.788904,-56.878065
Ashley Cross,24,27967 Ethan Expressway,Sarahtown,South Carolina,19318,87.817066,22.875443
Roger Benson Jr.,19,8132 Smith Lane Suite 053,West Jennifer,West Virginia,28624,104.754400,-86.0355195
Zachary Harvey,61,511 Mary Shoal,West Dustinshire,Massachusetts,42538,119.620655,70.995183
Regina Cooper,30,1283 Eric Neck Apt. 300,West Kennethmouth,Nebraska,61247,18.297780,31.387591
Leslie Shields,66,4445 Caleb Road Apt. 163,Port Lisa,New Hampshire,43935,155.121486,-18.092986
Jessica Burton,64,685 Hansen Mountains Suite 808,East Jean,Alabama,98438,-74.829595,51.995405
Tyler Smith,60,3745 David Burg,Alisontown,Maryland,29379,75.504399,30.2723135
Victoria Pierce MD,78,996 Chan Ramp,Port Kevin,Maryland,01034,-143.159076,-42.346392
Michelle Rosario,22,634 Sheila Knolls,East Daniel,North Carolina,36590,-20.789398,-84.401461
James Simpson,38,027 Contreras Ramp,Shawnstad,Alaska,61137,123.091314,-25.3809625
Jennifer Green,69,33993 Alicia Knolls Apt. 932,North Barbara,Louisiana,87700,-71.181066,10.4713515
Jonathan Gates,68,096 Kari Inlet Apt. 090,Crystalview,Washington,94617,149.377509,-17.062036
Julie Collins,36,087 Steven Forge,Gutierrezfurt,California,93395,111.912655,24.2752005
James Hurst,50,224 Davis Parkways,New Peterville,Michigan,06509,48.479717,36.4275795
Julian Collins,54,61435 Brian Corners Apt. 681,East Hectorville,West Virginia,83727,-110.545527,-54.0924295
James Baker,40,53961 Rebecca Radial,New Briannafurt,Nevada,68263,-168.971276,39.3184815
Christopher Watts,65,1039 Jennifer Springs,New Danielchester,Oregon,96025,103.561665,-72.203996
David Pacheco,19,66039 Burke Center Apt. 709,South Joel,New Mexico,44222,115.571502,61.3705375
Emily Knox,53,30400 Maria Radial Suite 835,South Richard,Kansas,32912,107.869707,-49.8264765
Mandy Williams,21,4225 Andrea Corners Suite 240,Andrewborough,Pennsylvania,79654,86.766939,18.4129525
Erika Adams,57,44081 Roberts Fords Suite 072,Jacobsburgh,Maryland,33539,144.925925,-37.570457
Erica Lozano,50,95242 Wood Pass Suite 855,North Christopher,South Carolina,21312,118.865538,50.283311
Rebecca Johnston,63,37449 Palmer Junction Apt. 096,Mendezhaven,West Virginia,42860,129.977920,-70.790350
Dr. Phillip Watkins DDS,59,413 Jason Shoals Apt. 984,New Ashley,Florida,75541,93.868140,45.1994685
Jeremy Kirk,72,0850 Aaron Extension Suite 941,Port Michaelport,West Virginia,50022,65.098920,-45.338584
Kathleen Savage,20,13627 Ashley Roads,Penamouth,Tennessee,80633,25.447475,-32.1732385
Craig Webb,51,5838 David Port Apt. 658,Williamsville,Tennessee,26662,178.453494,29.837496
Adam Becker,50,7996 Elizabeth Square Suite 384,North Susanmouth,Oklahoma,81493,67.892043,6.420459
Jeanette Sanders,52,1647 White Burg Apt. 825,Gabrielmouth,Arkansas,67723,-89.302810,-63.440374
Dorothy Taylor DDS,49,0760 Colleen Lodge,Lake Mariebury,California,24599,175.674407,-86.913919
Joel Hoffman,74,24499 Watts Mission Suite 220,Danielport,Massachusetts,70999,-107.921954,-61.8528645
Jeremy Murray,47,19435 Bradshaw Spurs,Maddoxfort,Rhode Island,11540,-124.075843,6.8972865
Steven Foster,54,3625 Davenport Hollow Suite 150,Russellside,Minnesota,25756,42.174124,-43.979257
Mark Marquez,34,5929 Stephens Harbors Apt. 671,South Jimmy,Minnesota,52419,121.061542,-14.3741605
Theresa Barrett,49,55574 Ashley Islands Suite 145,South Christian,New Mexico,56680,125.189562,75.3970005
Timothy Garcia,51,28135 Casey Ridges Suite 977,East Kimberly,Nevada,76251,34.188914,1.715227
James Ortiz,61,745 Taylor Field Apt. 952,Jasonchester,Washington,40739,-103.377219,26.125189
Benjamin Pierce,35,3665 Anthony Manors,New Jimmy,Alaska,41505,-41.199920,-34.0757845
Adam Kramer,53,48668 Brian Spring Apt. 113,Kellyburgh,Kansas,34474,-25.514296,-67.459033
Deborah Waller,65,51418 James Mills,Leeville,Ohio,60092,43.057832,11.519211
Richard Smith,29,6465 Ivan Loaf Apt. 162,West Julie,Hawaii,06561,-164.277574,-69.252009
Jennifer James,44,120 Destiny Well,Port Debra,Nevada,13497,154.848701,0.7783245
Jason Phillips,36,98069 Chen Hollow Suite 566,East Alisha,Michigan,43326,96.926887,35.771334
Mr. Tony Moore,76,14382 Hale Walks Apt. 381,West Jeanette,Indiana,92699,-48.438307,37.768509
Traci Smith,53,970 Michael Ports Apt. 969,Lake Lesliestad,New Jersey,05041,27.334665,-37.508774
Martin Ramirez,72,88685 Stewart Shores Suite 765,Jameshaven,Colorado,11700,48.485543,-18.6316935
Christian Rasmussen,37,339 Grant Mountains,Alejandrofurt,New Jersey,85423,-8.159265,-17.8689965
Michael Bryant,39,46658 Jessica Parks Apt. 433,New Kellyton,Idaho,22612,-19.900188,-62.215614
Antonio Elliott,33,474 Tara Unions Suite 738,North Michael,Texas,10464,-118.252646,56.1294005
Ryan James,48,0389 Jesse Shore Suite 775,Douglaston,Rhode Island,94444,-150.577785,-27.2428295
David Schneider,32,278 John Green,Port Carolyn,Alaska,23597,-136.937602,75.0378585
Cindy Curtis,74,1317 Heather Circle,New Deannaville,Texas,48606,-120.526829,8.7192255
Theresa Carlson,66,66202 Price Courts,North Justin,Maryland,60935,65.394411,82.705154
Kathy Suarez,56,484 William Spring Apt. 264,East Ericshire,Arizona,49857,161.000884,17.521813
Courtney Johnson,68,747 Valdez Dam Suite 560,Mckinneyhaven,Georgia,59526,-142.757190,31.5599855
Erin Vaughn,28,53259 Brandon Key,Melissahaven,Washington,01282,72.327682,-65.2839895
Jeffrey Kelley,69,621 Trevino Trail Apt. 759,Lake Matthew,Florida,82108,28.588710,-5.0660985
Alison Moss,73,6720 Aaron Lakes Apt. 353,Daviestown,Georgia,39031,48.065442,-49.3336315
Kenneth Jennings,57,50716 Cain Mill Suite 052,Port Jimmy,Maryland,89428,78.621405,-23.652650
Patricia Gutierrez,55,7524 Smith Village Suite 748,New Kristin,Ohio,78536,-68.237286,84.6185315
Sean Miller,33,550 Blake Groves Apt. 987,Lake Bruceshire,California,88132,-52.439738,-82.519033
Matthew Stevenson,45,18430 Parks Circle Apt. 103,Lake Elizabethfort,Oklahoma,58183,106.986569,-76.5370735
Scott Fisher,33,529 Cindy Stream,Osbornville,Mississippi,80581,73.031457,7.0747165
Meagan Lloyd,21,08265 Caldwell Trail Suite 850,West Jennifer,New Hampshire,01948,-124.410247,77.6236185
Steven Brown,62,6198 Miller Freeway,New Wyatt,New Mexico,67848,-20.023643,-31.3681865
Zachary Walker,54,723 Newman Junctions Apt. 726,Boothmouth,Mississippi,67269,6.338801,-70.8537145
Steven Webb,37,0569 Brian Greens Apt. 478,Anthonyberg,Maryland,01029,53.926249,-22.505375
Todd Brown,58,977 Kimberly Point Apt. 191,Roblesfort,Colorado,56324,-168.546306,-82.367456
Dawn Ibarra,22,0433 Gloria Tunnel,Armstrongtown,Oregon,45068,-13.087423,84.8109435
Caitlin Reese,73,1827 Victoria Center,Sanchezmouth,Arizona,02599,-67.136868,71.500392
Brittney Strong,69,8766 Anthony Mall Apt. 856,South Carlos,North Dakota,17030,178.398842,82.126684
Tracy Howard,56,5169 Hall Drive Apt. 961,West Patrick,Arkansas,54219,150.925490,-85.3522815
Kenneth Rodriguez,19,948 Lopez Lane Apt. 940,West Joseph,New Mexico,88617,-85.051396,-81.7209265
Brittany Alvarez,77,572 Schneider Pass Suite 961,New Sherrimouth,Massachusetts,40663,119.143742,-44.6112255
Jeremy Bishop,66,45138 Rich Causeway Apt. 788,East Robert,Illinois,09100,-35.682002,-36.5389445
Michael Vargas,32,9379 Russell Cape,South Williamborough,Tennessee,03670,51.708551,-70.692545
Robin Gutierrez DDS,69,91313 Rachael Knoll Suite 840,Nicholastown,Delaware,18739,-127.277309,27.7008345
Lisa Kim,77,138 Meyer Bridge Suite 801,West Ashley,Kentucky,18549,148.939088,-19.793601
Stephen Bell,18,9989 Logan Circle,Kevinmouth,Tennessee,25003,113.117481,66.857835
Kelly Barrett,34,53366 Williams Inlet Apt. 092,New Jerry,Montana,90636,-98.689181,15.936945
Austin Sampson,51,934 Angie Fords,East Joshua,Georgia,29058,-106.814627,-34.4400485
Katrina Kent,73,540 Holmes Glens,Port Ethanville,South Dakota,23995,-49.909606,66.981098
Connie Cummings,54,0893 Tammy Summit Suite 630,Lake Jodymouth,Massachusetts,02881,173.083967,24.625730
Patrick Avila,58,367 Bishop Passage,New Lindaborough,Maine,80218,17.578723,-8.333687
Stacey Rios,64,1418 Shari Prairie Apt. 009,Raymondview,Vermont,19212,-136.708405,-40.7971195
Charles Kennedy,78,68518 Hernandez Lodge Apt. 972,South Nathanmouth,South Dakota,22218,55.307498,-46.217576
Christian Hampton,37,39375 Susan Point Apt. 232,Robertsonbury,Texas,64018,93.069891,73.6869775
Daniel Lopez,21,305 Dennis Divide,Christophermouth,Vermont,21293,40.133538,-35.748319
Dustin Collier,53,703 Estrada Throughway Suite 787,New Amanda,New Hampshire,34710,-85.804760,-76.455081
Lawrence Dean,51,1214 Zavala Island,Cochranland,Arkansas,14762,-24.168252,80.7050875
Jennifer Mcintyre,34,51986 French Points,North Nicole,Kansas,65593,73.021583,-9.065954
